Workbook
Name SIGN: #REF!
Name SIGN: #REF!
Name SIGN: #REF!
Name SIGN: #REF!
Name SIGN: #REF!
Name SIGN: #REF!
Name SIGN: #REF!
Name SIGN_D: #REF!
Name SIGN_D: #REF!
Name SIGN_D: #REF!
Name SIGN_D: #REF!
Name SIGN_D: #REF!
Name SIGN_D: #REF!
Name SIGN_D: #REF!
Name Sign1: #REF!
Name Sign1: #REF!
Name Sign1: #REF!
Name Sign1: #REF!
Name Sign1: #REF!
Name Sign1: #REF!
Name Sign1: #REF!
Name и: #REF!
Name и: #REF!
Name и: #REF!
Name и: #REF!
Name и: #REF!
Name и: #REF!
Name и: #REF!
Name Р1: #REF!
Name Р1: #REF!
Name Р1: #REF!
Name Р1: #REF!
Name Р1: #REF!
Name Р1: #REF!
Name Р1: #REF!
Name ыва: #REF!
Name ыва: #REF!
Name ыва: #REF!
Name ыва: #REF!
Name ыва: #REF!
Name ыва: #REF!
Name ыва: #REF!

Sheet Титул
K1: УТВЕРЖДАЮ
K2: Начальник учебно-методического управления
K3: Р.С. Халимулина
K4: _________________________________
K5: «____»____________________20___г.
A7: Расписание учебных занятий на первое полугодие 2026-2027 учебного года
A8: ТРЕНЕРСКИЙ ФАКУЛЬТЕТ, направление подготовки (образовательная программа)
A9: 49.03.04 Спорт, Профиль (направленность) Спортивная подготовка по видам спорта «художественная гимнастика», «эстетическая гимнастика». Педагогическая деятельность в области физической культуры и спорта; Спортивная подготовка по видам спорта «спортивная гимнастика», «воздушно-силовая атлетика». Педагогическая деятельность в области физической культуры и спорта; Спортивная подготовка по виду спорта «легкая атлетика». Педагогическая деятельность в области физической культуры и спорта; Спортивная подготовка в циклических видах лыжного спорта. Педагогическая деятельность в области физической культуры и спорта; Спортивная подготовка в сложнокоординационных видах лыжного спорта. Педагогическая деятельность в области физической культуры и спорта; Спортивная подготовка по виду спорта «фигурное катание на коньках». Педагогическая деятельность в области физической культуры и спорта; Спортивная подготовка по видам спорта «конькобежный спорт», «шорт-трек», «кёрлинг». Педагогическая деятельность в области физической культуры и спорта; Спортивная подготовка по виду спорта «плавание». Педагогическая деятельность в области физической культуры и спорта; Спортивная подготовка в синхронном плавании. Педагогическая деятельность в области физической культуры и спорта; Спортивная подготовка по виду спорта «танцевальный спорт». Педагогическая деятельность в области физической культуры и спорта; Спортивная подготовка по виду спорта «чир спорт». Педагогическая деятельность в области физической культуры и спорта; Спортивная подготовка по видам спорта «велосипедный спорт», «триатлон». Педагогическая деятельность в области физической культуры и спорта ; Спортивная подготовка в гребных и парусных видах спорта. Педагогическая деятельность в области физической культуры и спорта; Спортивная подготовка по видам спорта "спортивная акробатика", "прыжки на батуте". Педагогическая деятельность в области физической культуры и спорта; Спортивная подготовка по видам спорта "спортивная аэробика", "фитнес аэробика". Педагогическая деятельность в области физической культуры и спорта; уровень образовния бакалавриат
A10: Курс 4, семестр 7, очная форма обучения
A11: группы С3-10-23, С3-11-23, С3-12-23, С3-13-23, С3-14-23, С3-15-23, С3-16-23
A12: № | B12: Наименование дисциплины (модуля), практика, научные исследования | C12: Кол-во часов (Л/П) | D12: Форма отчетности | E12: Учебные группы в соответствии с избранным видом спорта
E13: танцевальный спорт, чир спорт | F13: фигурное катание на коньках, конькобежный спорт, шорт-трек, кёрлинг | G13: легкая атлетика | H13: плавание, синхронное плавание | I13: гребные и парусные виды спорта, циклические и сложнокоординационные виды лыжного спорта | J13: велосипедный спорт, триатлон, спортивная акробатика, прыжки на батуте, спортивная гимнастика, воздушно-силовая атлетика | K13: художественная гимнастика, эстетическая гимнастика, спортивная аэробика, фитнес аэробика
E14: 10 группа | F14: 11 группа | G14: 12 группа | H14: 13 группа | I14: 14 группа | J14: 15 группа | K14: 16 группа
F15: Ф.И.О. преподавателя
A16: 1 | B16: Основы медицинских знаний и спортивная медицина | C16: 16/32 | D16: Экзамен | E16: Л - Тарасов А.В.
E17: Тарасов А.В. | F17: Тарасов А.В. | G17: Тарасов А.В. | H17: Тарасов А.В. | I17: Тарасов А.В. | J17: Тарасов А.В. | K17: Тарасов А.В.
A18: 2 | B18: Массаж | C18: 10/38 | D18: Диф.зачет | E18: Л - Саламатов М.Б.
E19: Власова Н.А. | F19: Власова Н.А. | G19: Власова Н.А. | H19: Власова Н.А. | I19: Ларин А.В. | J19: Саламатов М.Б. | K19: Саламатов М.Б.
A20: 3 | B20: Правовые основы профессиональной деятельности | C20: 10/22 | D20: Диф.зачет | E20: Л - Купцов Е.И.
E21: Купцов Е.И. | F21: Купцов Е.И. | G21: Купцов Е.И. | H21: Купцов Е.И. | I21: Купцов Е.И. | J21: Купцов Е.И. | K21: Купцов Е.И.
A22: 4 | B22: Спортивная метрология | C22: 10/22 | D22: Зачет | E22: Л - Тарханов И.В.
E23: Тарханов И.В. | F23: Тарханов И.В. | G23: Тарханов И.В. | H23: Тарханов И.В. | I23: Фураев А.Н. | J23: Фураев А.Н. | K23: Тарханов И.В.
A24: 5 | B24: Теория и методика избранного вида спорта | C24: 10/88 | D24: Зачет | E24: танцевальный спорт | F24: фигурное катание на коньках | G24: легкая атлетика | H24: плавание | I24: гребные и парусные виды спорта | J24: спортивная гимнастика, воздушно-силовая атлетика | K24: художественная гимнастика, эстетическая гимнастика
E25: Л - Сингина Н.Ф. | F25: Л - Жгун Е.В. | G25: Л - Татаринов И.Д., Сячин В.Д. | H25: Л - Чеботарева И.В., Соломатин В.Р. | I25: Л - Долгова Е.В. | J25: Л - Парахин В.А. | K25: Л - Ивашина В.В.
E26: П - Сингина Н.Ф. / Голивкин А.П. | F26: П - Жгун Е.В. | G26: П - Татаринов И.Д., Сячин В.Д. | H26: П - Чеботарева И.В., Соломатин В.Р. | I26: П - Долгова Е.В. | J26: П - Парахин В.А. | K26: П - Ивашина В.В., Булгачева П.В.
E27: чир спорт | F27: конькобежный спорт, шорт-трек, кёрлинг | H27: синхронное плавание | I27: циклические виды лыжного спорта | J27: спортивная акробатика, прыжки на батуте | K27: спортивная аэробика, фитнес аэробика
E28: Л - Сингина Н.Ф. | F28: Л - Разинов Ю.И. | H28: Л - Максимова М.Н. | I28: Л - Сенатская В.Г. | J28: Л - Захарчук М.С. | K28: Л - Лисицкая Т.С.
E29: П - Михайлов И. А. | F29: П - Разинов Ю.И., Тавыриков Е.Е. | H29: П - Максимова М.Н. | I29: П - Сенатская В.Г. | J29: П - Захарчук М.С. | K29: П - Лисицкая Т.С.
I30: сложнокоординационные виды лыжного спорта | J30: велосипедный спорт, триатлон до 10.10
I31: Л - Дубровинский С. С. | J31: Л - Дышаков А.С.
I32: П - Дубровинский С. С. | J32: П - Дышаков А.С.
A33: 6 | B33: Профессионально-спортивное совершенствование | C33: 0/36 | D33: Экзамен | E33: танцевальный спорт | F33: фигурное катание на коньках | G33: легкая атлетика | H33: плавание | I33: гребные и парусные виды спорта | J33: спортивная гимнастика, воздушно-силовая атлетика | K33: художественная гимнастика, эстетическая гимнастика
E34: П - Сингина Н.Ф./ Голивкин А.П. | F34: П - Смирнова А.В. | G34: П - Татаринов И.Д., Сячин В.Д. | H34: П - Чеботарева И.В., Соломатин В.Р. | I34: П - Долгова Е.В. | J34: П - Парахин В.А. | K34: П - Ивашина В.В., Булгачева П.В.
E35: чир спорт | F35: конькобежный спорт, шорт-трек, кёрлинг | H35: синхронное плавание | I35: циклические виды лыжного спорта | J35: спортивная акробатика, прыжки на батуте | K35: спортивная аэробика, фитнес аэробика
E36: П - Ракитина Т.М. | F36: П - Тавыриков Е.Е. | H36: П - Максимова М.Н. | I36: П - Сенатская В.Г. | J36: П - Михалина Г.М. | K36: П - Лисицкая Т.С.
I37: сложнокоординационные виды лыжного спорта | J37: велосипедный спорт, триатлон до 10.10
I38: П - Дубровинский С.С. (6ч) 01.09-25.09, с 28.09 Баталов А.Г. (30ч) | J38: П -Дышаков А.С.
B40: Условные обозначения:
B41: П - занятия семинарского типа | E41: Л - занятия лекционного типа | H41: Диф.зачет - дифференцированный зачет | J41: Б/о - без отчета
B42: Элективные дисциплины по ФКиС- Элективные дисциплины по физической культуре и спорту.
B43: Время начала и окончания 1 пара 08:50-10:20; 2 пара 10:40-12:10; 3 пара 13:00-14:30; 4 пара 14:50-16:20 ; 5 пара 16:40-18:10
B44: Составитель расписания ____________________________________ Е.Ю. Дубинкина

Sheet приложение1
A1: Приложение1 к расписанию учебных занятий на первое полугодие 2026-2027 учебного года
A2: ТРЕНЕРСКИЙ ФАКУЛЬТЕТ, направление подготовки (образовательная программа)
A3: 49.03.04 Спорт*
A4: Курс 4, семестр 7, очная форма обучения
A5: группы С3-10-23, С3-11-23, С3-12-23, С3-13-23, С3-14-23, С3-15-23, С3-16-23
A6: № | B6: Наименование дисциплины (модуля): | C6: № аудитории
A7: 1 | B7: Теория и методика спортивная акробатика, прыжки на батуте, спортивная аэробика, фитнес аэробика, спортивная гимнастика, воздушно-силовая атлетика, профессионально-спортивное совершенствование, методика реализации программ дополнительного образования в области физической культуры и спорта (спортивная гимнастика, воздушно-силовая атлетика, прыжки на батуте, фитнес аэробика, спортивная аэробика, спортивная акробатика) | C7: 205 СК, 206СК, 210СК, ауд.212СК, ауд.16СК
A8: 2 | B8: Теория и методика художественная гимнастика, эстетическая гимнастика, профессионально-спортивное совершенствование, методика реализации программ дополнительного образования в области физической культуры и спорта (художественная гимнастика, эстетическая гимнастика) | C8: 205 СК, 206СК, 210СК, ауд.212СК, ауд.16СК
A9: 3 | B9: Теория и методика гребного и парусного видов спорта, профессионально-спортивное совершенствование, методика реализации программ дополнительного образования в области физической культуры и спорта (гребные и парусные виды спорта) | C9: 321а мбк
A10: 4 | B10: Теория и методика фигурное катание на коньках, конькобежный спорт, шорт-трек, кёрлинг; профессионально-спортивное совершенствование; методика реализации программ дополнительного образования в области физической культуры и спорта (фигурное катание на коньках, конькобежный спорт, шорт-трек, кёрлинг) | C10: ауд.4 УСЗК, ауд.5 УСЗК, ГБУ ДО "Московская академия фигурного катания на коньках" г. Москва, Ул.Маршала Катукова, д.22
A11: 5 | B11: Теория и методика легкой атлетики, профессионально-спортивное совершенствование, методика реализации программ дополнительного образования в области физической культуры и спорта (легкая атлетика) | C11: легкоатлетический манеж
A12: 6 | B12: Теория и методика циклические виды лыжного спорта, сложнокоординационные виды лыжного спорта, профессионально-спортивное совершенствование, методика реализации программ дополнительного образования в области физической культуры и спорта (циклические виды лыжного спорта, сложнокоординационные виды лыжного спорта) | C12: 250 мбк, 282МБК, л/а манеж, 64 мбк, 281мбк
A13: 7 | B13: Теория и методика плавание, водное поло, профессионально-спортивное совершенствование, методика реализации программ дополнительного образования в области физической культуры и спорта (плавание, синхронное плавание) | C13: 92 УСЗК, 80 УСЗК, 83 УСЗК
A14: 8 | B14: Теория и методика велосипедный спорт, триатлон; профессионально-спортивное совершенствование, методика реализации программ дополнительного образования в области физической культуры и спорта (велосипедный спорт, триатлон) | C14: лекции - 215 мбк, практические занятия 518мбк
A15: 9 | B15: Теория и методика танцевальный спорт, профессионально-спортивное совершенствование, методика реализации программ дополнительного образования в области физической культуры и спорта (чир спорт) | C15: вторник - ауд.1 УСЗК, 11 УСЗК; четверг - ауд.1 УСЗК, 11 УСЗК; пятница - ауд.1 УСЗК, 11 УСЗК, 213СК - до 19.09
A16: 10 | B16: Теория и методика танцевальный спорт, профессионально-спортивное совершенствование, методика реализации программ дополнительного образования в области физической культуры и спорта (танцевальный спорт) | C16: вторник - ауд.1 УСЗК, 11 УСЗК; четверг - ауд.1 УСЗК, 11 УСЗК; пятница - ауд.1 УСЗК, 11 УСЗК, 213СК - до 19.09
A17: Условные обозначения:
A18: УСЗК - универсальный спортивно-зрелищный комплекс
A19: СК - спортивный корпус
A20: МБК - медико-биологический корпус
A21: * Профили (направленность) указанны на титульном листе

Sheet расписание ПСС
B1: Расписание учебных занятий на первое полугодие 2026-2027 учебного года
B2: ТРЕНЕРСКИЙ ФАКУЛЬТЕТ, направление подготовки (образовательная программа)
A3: 49.03.04 Спорт*
B4: Курс 4, семестр 7, очная форма обучения
B5: группы С3-10-23, С3-11-23, С3-12-23, С3-13-23, С3-14-23, С3-15-23, С3-16-23
B6: с 01.09-19.10, с 02.12-30.12
A7: День недели | B7: Дата | C7: Время | D7: 10 группа | E7: 11 группа | F7: 12 группа | G7: 13 группа | H7: 14 группа | I7: 15 группа | J7: 16 группа
D8: танцевальный спорт, чир спорт | E8: фигурное катание на коньках, конькобежный спорт, шорт-трек, кёрлинг | F8: легкая атлетика | G8: плавание, синхронное плавание | H8: гребные и парусные виды спорта, циклические и сложнокоординационные виды лыжного спорта | I8: велосипедный спорт, триатлон, спортивная акробатика, прыжки на батуте, спортивная гимнастика, воздушно-силовая атлетика | J8: художественная гимнастика, эстетическая гимнастика, спортивная аэробика, фитнес аэробика
A9: Понедельник | C9: 8.50-10.20
C10: 10.40-12.10
C11: 13.00-14.30 | H11: ПСС циклические и сложнокоординационные виды лыжного спорта 249мбк, 250мбк, 281мбк, 282мбк, легкоатлетический манеж - 21.09, 28.09, 05.10, 12.10, 19.10
C12: 14:50-16:20 | H12: ПСС циклические и сложнокоординационные виды лыжного спорта 249мбк, 250мбк, 281мбк, 282мбк, легкоатлетический манеж - 21.09, 28.09, 05.10, 12.10, 19.10
C13: 16:40-18:10
C14: 18:30-20:00
C15: 20:20-21:50
A16: Вторник | C16: 8.50-10.20
C17: 10.40-12.10
C18: 13.00-14.30 | F18: ПСС легкая атлетика - легкоатлетический манеж - 08.09-22.12
C19: 14:50-16:20
C20: 16:40-18:10 | D20: ПСС танцевальный спорт, чир спорт 16.30-18.00 ауд.1УСЗК, ауд.11УСЗК | G20: ПСС 08.09-16.12 бассейн УСЗК, ауд.83
C21: 18:30-20:00
C22: 20:20-21:50
A23: Среда | C23: 8.50-10.20 | G23: ПСС 03.09-16.12 бассейн УСЗК, ауд.83
C24: 10.40-12.10
C25: 13.00-14.30
C26: 14:50-16:20
C27: 16:40-18:10 | H27: ПСС гребные и парусные виды спорта 321а мбк 09.09-14.10, 02.12-16.12 | I27: ПСС 16.30-18.00 спортивная акробатика, прыжки на батуте, спортивная гимнастика, воздушно-силовая атлетика 210СК 07.09-16.10, 02.12-17.12
C28: 18:30-20:00 | E28: ПСС фигурное катание на коньках ауд.4 УСЗК, ауд.5 УСЗК 09.09 - 14.10, 02.12-16.12
C29: 20:20-21:50
A30: Четверг | C30: 8.50-10.20
C31: 10.40-12.10
C32: 13.00-14.30 | D32: ПСС танцевальный спорт 12.10-12.55 ауд.1УСЗК, ауд.11УСЗК | I32: ПСС 13.00-14.30 спортивная акробатика, прыжки на батуте 210СК 07.09-16.10, 02.12-17.12 | J32: ПСС художественная гимнастика, эстетическая гимнастика 206СК, спортивная аэробика, фитнес аэробика 205 СК - 07.09-16.10, 02.12-17.12
C33: 14:50-16:20 | J33: ПСС спортивная аэробика, фитнес аэробика 205 СК - 07.09-16.10, 02.12-17.12
C34: 16:40-18:10 | D34: ПСС чир спорт 16.30-18.00 205СК | F34: ПСС легкая атлетика - легкоатлетический манеж - 10.09 - 10.12 | I34: ПСС велосипедный спорт, триатлон 16.30-18.00 ауд.518мбк с 07.09-30.12
C35: 18:30-20:00 | E35: ПСС фигурное катание на коньках ауд.4 УСЗК, ауд.5 УСЗК 10.09 - 15.10, 03.12- 17.12
C36: 20:20-21:50
A37: Пятница | C37: 8.50-10.20
C38: 10.40-12.10
C39: 13.00-14.30 | D39: ПСС танцевальный спорт 12.10-12.55 ауд.1УСЗК, ауд.11УСЗК, чир спорт Сцена УСЗК | J39: ПСС художественная гимнастика, эстетическая гимнастика 13.00-14.30 206СК 07.09-16.10
C40: 14:50-16:20 | H40: ПСС циклические и сложнокоординационные виды лыжного спорта 249мбк, 250мбк, 281мбк, 282мбк, легкоатлетический манеж - 04.09
C41: 16:40-18:10 | H41: ПСС гребные и парусные виды спорта 321а мбк 04.09-16.10, 04.12-11.12 | I41: ПСС велосипедный спорт, триатлон 16.30-18.00 ауд.518мбк с 07.09-18.12; ПСС 16.30-18.00 спортивная гимнастика, воздушно-силовая атлетика 210СК 07.09-16.10, 02.12-18.12
C42: 18:30-20:00
A43: Суббота | C43: 8.50-10.20
C44: 13.00-14.30
C45: 14:50-16:20
C46: 16:40-18:10
C47: 18:30-20:00
C48: 20:20-21:50
D49: * Профили (направленность) указанны на титульном листе
C50: ='01.09'!C40 -> *Л. Основы медицинских знаний и спортивная медицина* | D50: ='01.09'!D40+COUNTIF(D$9:D$42,$C50) -> 1 | E50: ='01.09'!E40+COUNTIF(E$9:E$42,$C50) -> 1 | F50: ='01.09'!F40+COUNTIF(F$9:F$42,$C50) -> 1 | G50: ='01.09'!G40+COUNTIF(G$9:G$42,$C50) -> 1 | H50: ='01.09'!H40+COUNTIF(H$9:H$42,$C50) -> 1 | I50: ='01.09'!I40+COUNTIF(I$9:I$42,$C50) -> 1 | J50: ='01.09'!J40+COUNTIF(J$9:J$42,$C50) -> 1
C51: ='01.09'!C41 -> *Пр. Основы медицинских знаний и спортивная медицина* | D51: ='01.09'!D41+COUNTIF(D$9:D$42,$C51) -> 1 | E51: ='01.09'!E41+COUNTIF(E$9:E$42,$C51) -> 1 | F51: ='01.09'!F41+COUNTIF(F$9:F$42,$C51) -> 1 | G51: ='01.09'!G41+COUNTIF(G$9:G$42,$C51) -> 1 | H51: ='01.09'!H41+COUNTIF(H$9:H$42,$C51) -> 1 | I51: ='01.09'!I41+COUNTIF(I$9:I$42,$C51) -> 1 | J51: ='01.09'!J41+COUNTIF(J$9:J$42,$C51) -> 1
C52: ='01.09'!C42 -> *Л. Массаж* | D52: ='01.09'!D42+COUNTIF(D$9:D$42,$C52) -> 1 | E52: ='01.09'!E42+COUNTIF(E$9:E$42,$C52) -> 1 | F52: ='01.09'!F42+COUNTIF(F$9:F$42,$C52) -> 1 | G52: ='01.09'!G42+COUNTIF(G$9:G$42,$C52) -> 1 | H52: ='01.09'!H42+COUNTIF(H$9:H$42,$C52) -> 1 | I52: ='01.09'!I42+COUNTIF(I$9:I$42,$C52) -> 1 | J52: ='01.09'!J42+COUNTIF(J$9:J$42,$C52) -> 1
C53: ='01.09'!C43 -> *Пр. Массаж* | D53: ='01.09'!D43+COUNTIF(D$9:D$42,$C53) -> 1 | E53: ='01.09'!E43+COUNTIF(E$9:E$42,$C53) -> 0 | F53: ='01.09'!F43+COUNTIF(F$9:F$42,$C53) -> 1 | G53: ='01.09'!G43+COUNTIF(G$9:G$42,$C53) -> 1 | H53: ='01.09'!H43+COUNTIF(H$9:H$42,$C53) -> 2 | I53: ='01.09'!I43+COUNTIF(I$9:I$42,$C53) -> 1 | J53: ='01.09'!J43+COUNTIF(J$9:J$42,$C53) -> 1
C54: ='01.09'!C44 -> *Л. Правовые основы профессиональной деятельности* | D54: ='01.09'!D44+COUNTIF(D$9:D$42,$C54) -> 1 | E54: ='01.09'!E44+COUNTIF(E$9:E$42,$C54) -> 1 | F54: ='01.09'!F44+COUNTIF(F$9:F$42,$C54) -> 1 | G54: ='01.09'!G44+COUNTIF(G$9:G$42,$C54) -> 1 | H54: ='01.09'!H44+COUNTIF(H$9:H$42,$C54) -> 1 | I54: ='01.09'!I44+COUNTIF(I$9:I$42,$C54) -> 1 | J54: ='01.09'!J44+COUNTIF(J$9:J$42,$C54) -> 1
C55: ='01.09'!C45 -> *Пр. Правовые основы профессиональной деятельности* | D55: ='01.09'!D45+COUNTIF(D$9:D$42,$C55) -> 0 | E55: ='01.09'!E45+COUNTIF(E$9:E$42,$C55) -> 1 | F55: ='01.09'!F45+COUNTIF(F$9:F$42,$C55) -> 1 | G55: ='01.09'!G45+COUNTIF(G$9:G$42,$C55) -> 1 | H55: ='01.09'!H45+COUNTIF(H$9:H$42,$C55) -> 0 | I55: ='01.09'!I45+COUNTIF(I$9:I$42,$C55) -> 0 | J55: ='01.09'!J45+COUNTIF(J$9:J$42,$C55) -> 1
C56: ='01.09'!C46 -> *Л. Теория и методика* | D56: ='01.09'!D46+COUNTIF(D$9:D$42,$C56) -> 2 | E56: ='01.09'!E46+COUNTIF(E$9:E$42,$C56) -> 2 | F56: ='01.09'!F46+COUNTIF(F$9:F$42,$C56) -> 2 | G56: ='01.09'!G46+COUNTIF(G$9:G$42,$C56) -> 2 | H56: ='01.09'!H46+COUNTIF(H$9:H$42,$C56) -> 2 | I56: ='01.09'!I46+COUNTIF(I$9:I$42,$C56) -> 2 | J56: ='01.09'!J46+COUNTIF(J$9:J$42,$C56) -> 2
C57: ='01.09'!C47 -> *Пр. Теория и методика* | D57: ='01.09'!D47+COUNTIF(D$9:D$42,$C57) -> 2 | E57: ='01.09'!E47+COUNTIF(E$9:E$42,$C57) -> 2 | F57: ='01.09'!F47+COUNTIF(F$9:F$42,$C57) -> 1 | G57: ='01.09'!G47+COUNTIF(G$9:G$42,$C57) -> 0 | H57: ='01.09'!H47+COUNTIF(H$9:H$42,$C57) -> 1 | I57: ='01.09'!I47+COUNTIF(I$9:I$42,$C57) -> 1 | J57: ='01.09'!J47+COUNTIF(J$9:J$42,$C57) -> 1
C58: ='01.09'!C48 -> *Л. Спортивная метрология* | D58: ='01.09'!D48+COUNTIF(D$9:D$42,$C58) -> 1 | E58: ='01.09'!E48+COUNTIF(E$9:E$42,$C58) -> 1 | F58: ='01.09'!F48+COUNTIF(F$9:F$42,$C58) -> 1 | G58: ='01.09'!G48+COUNTIF(G$9:G$42,$C58) -> 1 | H58: ='01.09'!H48+COUNTIF(H$9:H$42,$C58) -> 1 | I58: ='01.09'!I48+COUNTIF(I$9:I$42,$C58) -> 1 | J58: ='01.09'!J48+COUNTIF(J$9:J$42,$C58) -> 1
C59: ='01.09'!C49 -> *Пр. Спортивная метрология* | D59: ='01.09'!D49+COUNTIF(D$9:D$42,$C59) -> 1 | E59: ='01.09'!E49+COUNTIF(E$9:E$42,$C59) -> 1 | F59: ='01.09'!F49+COUNTIF(F$9:F$42,$C59) -> 1 | G59: ='01.09'!G49+COUNTIF(G$9:G$42,$C59) -> 1 | H59: ='01.09'!H49+COUNTIF(H$9:H$42,$C59) -> 1 | I59: ='01.09'!I49+COUNTIF(I$9:I$42,$C59) -> 0 | J59: ='01.09'!J49+COUNTIF(J$9:J$42,$C59) -> 0
C60: ='01.09'!C50 -> *Л. Теория и методика циклических и сложнокоординационных* | D60: ='01.09'!D50+COUNTIF(D$9:D$42,$C60) -> 0 | E60: ='01.09'!E50+COUNTIF(E$9:E$42,$C60) -> 0 | F60: ='01.09'!F50+COUNTIF(F$9:F$42,$C60) -> 0 | G60: ='01.09'!G50+COUNTIF(G$9:G$42,$C60) -> 0 | H60: ='01.09'!H50+COUNTIF(H$9:H$42,$C60) -> 2 | I60: ='01.09'!I50+COUNTIF(I$9:I$42,$C60) -> 0 | J60: ='01.09'!J50+COUNTIF(J$9:J$42,$C60) -> 0
C61: ='01.09'!C51 -> *Пр. Теория и методика циклических и сложнокоординационных* | D61: ='01.09'!D51+COUNTIF(D$9:D$42,$C61) -> 0 | E61: ='01.09'!E51+COUNTIF(E$9:E$42,$C61) -> 0 | F61: ='01.09'!F51+COUNTIF(F$9:F$42,$C61) -> 0 | G61: ='01.09'!G51+COUNTIF(G$9:G$42,$C61) -> 0 | H61: ='01.09'!H51+COUNTIF(H$9:H$42,$C61) -> 1 | I61: ='01.09'!I51+COUNTIF(I$9:I$42,$C61) -> 0 | J61: ='01.09'!J51+COUNTIF(J$9:J$42,$C61) -> 0
... C71: ='01.09'!C61 -> 0 | D71: ='01.09'!D61+COUNTIF(D$9:D$42,$C71) -> 0 | E71: ='01.09'!E61+COUNTIF(E$9:E$42,$C71) -> 0 | F71: ='01.09'!F61+COUNTIF(F$9:F$42,$C71) -> 0 | G71: ='01.09'!G61+COUNTIF(G$9:G$42,$C71) -> 0 | H71: ='01.09'!H61+COUNTIF(H$9:H$42,$C71) -> 0 | I71: ='01.09'!I61+COUNTIF(I$9:I$42,$C71) -> 0 | J71: ='01.09'!J61+COUNTIF(J$9:J$42,$C71) -> 0
D72: ПСС - Профессионально-спортивное совершенствование

Sheet 01.09
B1: Расписание учебных занятий на первое полугодие 2026-2027 учебного года
B2: ТРЕНЕРСКИЙ ФАКУЛЬТЕТ, направление подготовки (образовательная программа)
A3: 49.03.04 Спорт, Профиль (направленность) Спортивная подготовка по видам спорта «художественная гимнастика», «эстетическая гимнастика». Педагогическая деятельность в области физической культуры и спорта; Спортивная подготовка по видам спорта «спортивная гимнастика», «воздушно-силовая атлетика». Педагогическая деятельность в области физической культуры и спорта; Спортивная подготовка по виду спорта «легкая атлетика». Педагогическая деятельность в области физической культуры и спорта; Спортивная подготовка в циклических видах лыжного спорта. Педагогическая деятельность в области физической культуры и спорта; Спортивная подготовка в сложнокоординационных видах лыжного спорта. Педагогическая деятельность в области физической культуры и спорта; Спортивная подготовка по виду спорта «фигурное катание на коньках». Педагогическая деятельность в области физической культуры и спорта; Спортивная подготовка по видам спорта «конькобежный спорт», «шорт-трек», «кёрлинг». Педагогическая деятельность в области физической культуры и спорта; Спортивная подготовка по виду спорта «плавание». Педагогическая деятельность в области физической культуры и спорта; Спортивная подготовка в синхронном плавании. Педагогическая деятельность в области физической культуры и спорта; Спортивная подготовка по виду спорта «танцевальный спорт». Педагогическая деятельность в области физической культуры и спорта; Спортивная подготовка по виду спорта «чир спорт». Педагогическая деятельность в области физической культуры и спорта; Спортивная подготовка по видам спорта «велосипедный спорт», «триатлон». Педагогическая деятельность в области физической культуры и спорта; Спортивная подготовка в гребных и парусных видах спорта. Педагогическая деятельность в области физической культуры и спорта; Спортивная подготовка по видам спорта "спортивная акробатика", "прыжки на батуте". Педагогическая деятельность в области физической культуры и спорта; Спортивная подготовка по видам спорта "спортивная аэробика", "фитнес аэробика". Педагогическая деятельность в области физической культуры и спорта; уровень образовния бакалавриат
B4: Курс 4, семестр 7, очная форма обучения
B5: группы С3-10-23, С3-11-23, С3-12-23, С3-13-23, С3-14-23, С3-15-23, С3-16-23
A7: День недели | B7: Дата | C7: Время | D7: 10 группа | E7: 11 группа | F7: 12 группа | G7: 13 группа | H7: 14 группа | I7: 15 группа | J7: 16 группа
D8: танцевальный спорт, чир спорт | E8: фигурное катание на коньках, конькобежный спорт, шорт-трек, кёрлинг | F8: легкая атлетика | G8: плавание, синхронное плавание | H8: гребные и парусные виды спорта, циклические и сложнокоординационные виды лыжного спорта | I8: велосипедный спорт, триатлон, спортивная акробатика, прыжки на батуте, спортивная гимнастика, воздушно-силовая атлетика | J8: художественная гимнастика, эстетическая гимнастика, спортивная аэробика, фитнес аэробика
A9: Понедельник | B9: 46265 | C9: 8.50-10.20
C10: 10.40-12.10
C11: 13.00-14.30
C12: 14.50-16.20
C13: 16.40-18.10
A14: Вторник | B14: =B9+1 -> 46266 | C14: 8.50-10.20
C15: 10.40-12.10
C16: 13.00-14.30 | D16: Л. Спортивная метрология Тарханов И.В. 212 ауд.к. | E16: Л. Спортивная метрология Тарханов И.В. 212 ауд.к. | F16: Л. Спортивная метрология Тарханов И.В. 212 ауд.к. | G16: Л. Спортивная метрология Тарханов И.В. 212 ауд.к. | H16: Л. Спортивная метрология Тарханов И.В. 212 ауд.к. | I16: Л. Спортивная метрология Тарханов И.В. 212 ауд.к. | J16: Л. Спортивная метрология Тарханов И.В. 212 ауд.к.
C17: 14.50-16.20 | D17: Л. Правовые основы профессиональной деятельности Купцов Е.И. 212 ауд.к. | E17: Л. Правовые основы профессиональной деятельности Купцов Е.И. 212 ауд.к. | F17: Л. Правовые основы профессиональной деятельности Купцов Е.И. 212 ауд.к. | G17: Л. Правовые основы профессиональной деятельности Купцов Е.И. 212 ауд.к. | H17: Л. Правовые основы профессиональной деятельности Купцов Е.И. 212 ауд.к. | I17: Л. Правовые основы профессиональной деятельности Купцов Е.И. 212 ауд.к. | J17: Л. Правовые основы профессиональной деятельности Купцов Е.И. 212 ауд.к.
C18: 16.40-18.10
A19: Среда | B19: =B14+1 -> 46267 | C19: 8.50-10.20
C20: 10.40-12.10 | I20: Л. Теория и методика велосипедного спорта, триатлона, спортивной акробатики, прыжков на батуте, спортивной гимнастики, воздушно-силовой атлетики Прил.1 | J20: Л. Теория и методика художественной гимнастики, эстетической гимнастики, спортивной аэробики, фитнес аэробики Прил.1
C21: 13.00-14.30 | D21: Л. Основы медицинских знаний и спортивная медицина Тарасов А.В. 220 ауд.к. | E21: Л. Основы медицинских знаний и спортивная медицина Тарасов А.В. 220 ауд.к. | F21: Л. Основы медицинских знаний и спортивная медицина Тарасов А.В. 220 ауд.к. | G21: Л. Основы медицинских знаний и спортивная медицина Тарасов А.В. 220 ауд.к. | H21: Л. Основы медицинских знаний и спортивная медицина Тарасов А.В. 220 ауд.к. | I21: Л. Основы медицинских знаний и спортивная медицина Тарасов А.В. 220 ауд.к. | J21: Л. Основы медицинских знаний и спортивная медицина Тарасов А.В. 220 ауд.к.
C22: 14.50-16.20 | D22: Л. Массаж Саламатов М.Б. 220 ауд.к. | E22: Л. Массаж Саламатов М.Б. 220 ауд.к. | F22: Л. Массаж Саламатов М.Б. 220 ауд.к. | G22: Л. Массаж Саламатов М.Б. 220 ауд.к. | H22: Л. Массаж Саламатов М.Б. 220 ауд.к. | I22: Л. Массаж Саламатов М.Б. 220 ауд.к. | J22: Л. Массаж Саламатов М.Б. 220 ауд.к.
C23: 16.40-18.10
A24: Четверг | B24: =B19+1 -> 46268 | C24: 8.50-10.20 | D24: Л. Теория и методика танцевального спорта, чир спорта Прил. 1 | E24: Пр. Спортивная метрология Тарханов И.В. 68мбк | F24: Л. Теория и методика легкой атлетики Прил.1 | G24: Пр. Основы медицинских знаний и спортивная медицина Тарасов А.В. 342мбк | H24: Пр. Массаж Ларин А.В. 346мбк | I24: Л. Теория и методика велосипедного спорта, триатлона, спортивной акробатики, прыжков на батуте, спортивной гимнастики, воздушно-силовой атлетики Прил.1 | J24: Л. Теория и методика художественной гимнастики, эстетической гимнастики, спортивной аэробики, фитнес аэробики Прил.1
C25: 10.40-12.10 | D25: Л. Теория и методика танцевального спорта, чир спорта Прил. 1 | E25: Л. Теория и методика фигурного катания на коньках, конькобежного спорта, шорт-трек, кёрлинга Прил.1 | F25: Пр. Массаж Власова Н.А. 346мбк | G25: Пр. Спортивная метрология Тарханов И.В. 68мбк | H25: Пр. Основы медицинских знаний и спортивная медицина Тарасов А.В. 342мбк | I25: Пр. Теория и методика велосипедного спорта, триатлона, спортивной акробатики, прыжков на батуте, спортивной гимнастики, воздушно-силовой атлетики Прил.1 | J25: Пр. Теория и методика художественной гимнастики, эстетической гимнастики, спортивной аэробики, фитнес аэробики Прил.1
C26: 13.00-14.30 | D26: Пр. Основы медицинских знаний и спортивная медицина Тарасов А.В. 342мбк | E26: Л. Теория и методика фигурного катания на коньках, конькобежного спорта, шорт-трек, кёрлинга Прил.1 | F26: Пр. Правовые основы профессиональной деятельности Купцов Е.И. 401 ауд.к. | G26: Пр. Массаж Власова Н.А. 346мбк | H26: Л. Теория и методика гребного и парусного видов спорта, Л. Теория и методика циклических и сложнокоординационных видов лыжного спорта Прил.1
C27: 14.50-16.20 | D27: Пр. Массаж Власова Н.А. 346мбк | F27: Пр. Основы медицинских знаний и спортивная медицина Тарасов А.В. 342мбк | H27: Л. Теория и методика гребного и парусного видов спорта, Л. Теория и методика циклических и сложнокоординационных видов лыжного спорта Прил.1
C28: 16.40-18.10
A29: Пятница | B29: =B24+1 -> 46269 | C29: 8.50-10.20 | D29: Пр. Теория и методика танцевального спорта, чир спорта Прил. 1 | E29: Пр. Основы медицинских знаний и спортивная медицина Тарасов А.В. 350мбк | F29: Пр. Спортивная метрология Тарханов И.В. 68мбк | H29: Пр. Массаж Ларин А.В. 346мбк
C30: 10.40-12.10 | D30: Пр. Теория и методика танцевального спорта, чир спорта Прил. 1 | E30: Пр. Теория и методика фигурного катания на коньках, конькобежного спорта, шорт-трек, кёрлинга Прил.1 | F30: Л. Теория и методика легкой атлетики Прил.1 | G30: Пр. Правовые основы профессиональной деятельности Купцов Е.И. 401 ауд.к. | H30: Пр. Спортивная метрология Фураев А.Н. 68мбк | J30: Пр. Массаж Саламатов М.Б. 346мбк
C31: 13.00-14.30 | D31: Пр. Спортивная метрология Тарханов И.В. 68мбк | E31: Пр. Теория и методика фигурного катания на коньках, конькобежного спорта, шорт-трек, кёрлинга Прил.1 | F31: Пр. Теория и методика легкой атлетики Прил.1 | G31: Л. Теория и методика плавания, синхронного плавания Прил. 1 | H31: Пр. Теория и методика гребного и парусного видов спорта, Пр. Теория и методика циклических и сложнокоординационных видов лыжного спорта Прил.1 | I31: Пр. Основы медицинских знаний и спортивная медицина Тарасов А.В. 350мбк | J31: Пр. Правовые основы профессиональной деятельности Купцов Е.И. 401 ауд.к.
C32: 14.50-16.20 | E32: Пр. Правовые основы профессиональной деятельности Купцов Е.И. 401 ауд.к. | G32: Л. Теория и методика плавания, синхронного плавания Прил. 1 | I32: Пр. Массаж Саламатов М.Б. 346мбк | J32: Пр. Основы медицинских знаний и спортивная медицина Тарасов А.В. 350мбк
C33: 16.40-18.10
A34: Суббота | B34: =B29+1 -> 46270 | C34: 8.50-10.20
C35: 10.40-12.10
C36: 13.00-14.30
C37: 14.50-16.20
C38: 16.40-18.10
B40: 16 | C40: *Л. Основы медицинских знаний и спортивная медицина* | D40: =COUNTIF(D$9:D$38,$C40) -> 1 | E40: =COUNTIF(E$9:E$38,$C40) -> 1 | F40: =COUNTIF(F$9:F$38,$C40) -> 1 | G40: =COUNTIF(G$9:G$38,$C40) -> 1 | H40: =COUNTIF(H$9:H$38,$C40) -> 1 | I40: =COUNTIF(I$9:I$38,$C40) -> 1 | J40: =COUNTIF(J$9:J$38,$C40) -> 1
B41: 32 | C41: *Пр. Основы медицинских знаний и спортивная медицина* | D41: =COUNTIF(D$9:D$38,$C41) -> 1 | E41: =COUNTIF(E$9:E$38,$C41) -> 1 | F41: =COUNTIF(F$9:F$38,$C41) -> 1 | G41: =COUNTIF(G$9:G$38,$C41) -> 1 | H41: =COUNTIF(H$9:H$38,$C41) -> 1 | I41: =COUNTIF(I$9:I$38,$C41) -> 1 | J41: =COUNTIF(J$9:J$38,$C41) -> 1
B42: 10 | C42: *Л. Массаж* | D42: =COUNTIF(D$9:D$38,$C42) -> 1 | E42: =COUNTIF(E$9:E$38,$C42) -> 1 | F42: =COUNTIF(F$9:F$38,$C42) -> 1 | G42: =COUNTIF(G$9:G$38,$C42) -> 1 | H42: =COUNTIF(H$9:H$38,$C42) -> 1 | I42: =COUNTIF(I$9:I$38,$C42) -> 1 | J42: =COUNTIF(J$9:J$38,$C42) -> 1
B43: 38 | C43: *Пр. Массаж* | D43: =COUNTIF(D$9:D$38,$C43) -> 1 | E43: =COUNTIF(E$9:E$38,$C43) -> 0 | F43: =COUNTIF(F$9:F$38,$C43) -> 1 | G43: =COUNTIF(G$9:G$38,$C43) -> 1 | H43: =COUNTIF(H$9:H$38,$C43) -> 2 | I43: =COUNTIF(I$9:I$38,$C43) -> 1 | J43: =COUNTIF(J$9:J$38,$C43) -> 1
B44: 10 | C44: *Л. Правовые основы профессиональной деятельности* | D44: =COUNTIF(D$9:D$38,$C44) -> 1 | E44: =COUNTIF(E$9:E$38,$C44) -> 1 | F44: =COUNTIF(F$9:F$38,$C44) -> 1 | G44: =COUNTIF(G$9:G$38,$C44) -> 1 | H44: =COUNTIF(H$9:H$38,$C44) -> 1 | I44: =COUNTIF(I$9:I$38,$C44) -> 1 | J44: =COUNTIF(J$9:J$38,$C44) -> 1
B45: 22 | C45: *Пр. Правовые основы профессиональной деятельности* | D45: =COUNTIF(D$9:D$38,$C45) -> 0 | E45: =COUNTIF(E$9:E$38,$C45) -> 1 | F45: =COUNTIF(F$9:F$38,$C45) -> 1 | G45: =COUNTIF(G$9:G$38,$C45) -> 1 | H45: =COUNTIF(H$9:H$38,$C45) -> 0 | I45: =COUNTIF(I$9:I$38,$C45) -> 0 | J45: =COUNTIF(J$9:J$38,$C45) -> 1
B46: 10 | C46: *Л. Теория и методика* | D46: =COUNTIF(D$9:D$38,$C46) -> 2 | E46: =COUNTIF(E$9:E$38,$C46) -> 2 | F46: =COUNTIF(F$9:F$38,$C46) -> 2 | G46: =COUNTIF(G$9:G$38,$C46) -> 2 | H46: =COUNTIF(H$9:H$38,$C46) -> 2 | I46: =COUNTIF(I$9:I$38,$C46) -> 2 | J46: =COUNTIF(J$9:J$38,$C46) -> 2
B47: 88 | C47: *Пр. Теория и методика* | D47: =COUNTIF(D$9:D$38,$C47) -> 2 | E47: =COUNTIF(E$9:E$38,$C47) -> 2 | F47: =COUNTIF(F$9:F$38,$C47) -> 1 | G47: =COUNTIF(G$9:G$38,$C47) -> 0 | H47: =COUNTIF(H$9:H$38,$C47) -> 1 | I47: =COUNTIF(I$9:I$38,$C47) -> 1 | J47: =COUNTIF(J$9:J$38,$C47) -> 1
B48: 10 | C48: *Л. Спортивная метрология* | D48: =COUNTIF(D$9:D$38,$C48) -> 1 | E48: =COUNTIF(E$9:E$38,$C48) -> 1 | F48: =COUNTIF(F$9:F$38,$C48) -> 1 | G48: =COUNTIF(G$9:G$38,$C48) -> 1 | H48: =COUNTIF(H$9:H$38,$C48) -> 1 | I48: =COUNTIF(I$9:I$38,$C48) -> 1 | J48: =COUNTIF(J$9:J$38,$C48) -> 1
B49: 22 | C49: *Пр. Спортивная метрология* | D49: =COUNTIF(D$9:D$38,$C49) -> 1 | E49: =COUNTIF(E$9:E$38,$C49) -> 1 | F49: =COUNTIF(F$9:F$38,$C49) -> 1 | G49: =COUNTIF(G$9:G$38,$C49) -> 1 | H49: =COUNTIF(H$9:H$38,$C49) -> 1 | I49: =COUNTIF(I$9:I$38,$C49) -> 0 | J49: =COUNTIF(J$9:J$38,$C49) -> 0
B50: 10 | C50: *Л. Теория и методика циклических и сложнокоординационных* | D50: =COUNTIF(D$9:D$38,$C50) -> 0 | E50: =COUNTIF(E$9:E$38,$C50) -> 0 | F50: =COUNTIF(F$9:F$38,$C50) -> 0 | G50: =COUNTIF(G$9:G$38,$C50) -> 0 | H50: =COUNTIF(H$9:H$38,$C50) -> 2 | I50: =COUNTIF(I$9:I$38,$C50) -> 0 | J50: =COUNTIF(J$9:J$38,$C50) -> 0
B51: 88 | C51: *Пр. Теория и методика циклических и сложнокоординационных* | D51: =COUNTIF(D$9:D$38,$C51) -> 0 | E51: =COUNTIF(E$9:E$38,$C51) -> 0 | F51: =COUNTIF(F$9:F$38,$C51) -> 0 | G51: =COUNTIF(G$9:G$38,$C51) -> 0 | H51: =COUNTIF(H$9:H$38,$C51) -> 1 | I51: =COUNTIF(I$9:I$38,$C51) -> 0 | J51: =COUNTIF(J$9:J$38,$C51) -> 0
D52: =COUNTIF(D$9:D$38,$C52) -> 0 | E52: =COUNTIF(E$9:E$38,$C52) -> 0 | F52: =COUNTIF(F$9:F$38,$C52) -> 0 | G52: =COUNTIF(G$9:G$38,$C52) -> 0 | H52: =COUNTIF(H$9:H$38,$C52) -> 0 | I52: =COUNTIF(I$9:I$38,$C52) -> 0 | J52: =COUNTIF(J$9:J$38,$C52) -> 0
D53: =COUNTIF(D$9:D$38,$C53) -> 0 | E53: =COUNTIF(E$9:E$38,$C53) -> 0 | F53: =COUNTIF(F$9:F$38,$C53) -> 0 | G53: =COUNTIF(G$9:G$38,$C53) -> 0 | H53: =COUNTIF(H$9:H$38,$C53) -> 0 | I53: =COUNTIF(I$9:I$38,$C53) -> 0 | J53: =COUNTIF(J$9:J$38,$C53) -> 0
D54: =COUNTIF(D$9:D$38,$C54) -> 0 | E54: =COUNTIF(E$9:E$38,$C54) -> 0 | F54: =COUNTIF(F$9:F$38,$C54) -> 0 | G54: =COUNTIF(G$9:G$38,$C54) -> 0 | H54: =COUNTIF(H$9:H$38,$C54) -> 0 | I54: =COUNTIF(I$9:I$38,$C54) -> 0 | J54: =COUNTIF(J$9:J$38,$C54) -> 0
D55: =COUNTIF(D$9:D$38,$C55) -> 0 | E55: =COUNTIF(E$9:E$38,$C55) -> 0 | F55: =COUNTIF(F$9:F$38,$C55) -> 0 | G55: =COUNTIF(G$9:G$38,$C55) -> 0 | H55: =COUNTIF(H$9:H$38,$C55) -> 0 | I55: =COUNTIF(I$9:I$38,$C55) -> 0 | J55: =COUNTIF(J$9:J$38,$C55) -> 0
D56: =COUNTIF(D$9:D$38,$C56) -> 0 | E56: =COUNTIF(E$9:E$38,$C56) -> 0 | F56: =COUNTIF(F$9:F$38,$C56) -> 0 | G56: =COUNTIF(G$9:G$38,$C56) -> 0 | H56: =COUNTIF(H$9:H$38,$C56) -> 0 | I56: =COUNTIF(I$9:I$38,$C56) -> 0 | J56: =COUNTIF(J$9:J$38,$C56) -> 0
D57: =COUNTIF(D$9:D$38,$C57) -> 0 | E57: =COUNTIF(E$9:E$38,$C57) -> 0 | F57: =COUNTIF(F$9:F$38,$C57) -> 0 | G57: =COUNTIF(G$9:G$38,$C57) -> 0 | H57: =COUNTIF(H$9:H$38,$C57) -> 0 | I57: =COUNTIF(I$9:I$38,$C57) -> 0 | J57: =COUNTIF(J$9:J$38,$C57) -> 0
D58: =COUNTIF(D$9:D$38,$C58) -> 0 | E58: =COUNTIF(E$9:E$38,$C58) -> 0 | F58: =COUNTIF(F$9:F$38,$C58) -> 0 | G58: =COUNTIF(G$9:G$38,$C58) -> 0 | H58: =COUNTIF(H$9:H$38,$C58) -> 0 | I58: =COUNTIF(I$9:I$38,$C58) -> 0 | J58: =COUNTIF(J$9:J$38,$C58) -> 0
D59: =COUNTIF(D$9:D$38,$C59) -> 0 | E59: =COUNTIF(E$9:E$38,$C59) -> 0 | F59: =COUNTIF(F$9:F$38,$C59) -> 0 | G59: =COUNTIF(G$9:G$38,$C59) -> 0 | H59: =COUNTIF(H$9:H$38,$C59) -> 0 | I59: =COUNTIF(I$9:I$38,$C59) -> 0 | J59: =COUNTIF(J$9:J$38,$C59) -> 0
D60: =COUNTIF(D$9:D$38,$C60) -> 0 | E60: =COUNTIF(E$9:E$38,$C60) -> 0 | F60: =COUNTIF(F$9:F$38,$C60) -> 0 | G60: =COUNTIF(G$9:G$38,$C60) -> 0 | H60: =COUNTIF(H$9:H$38,$C60) -> 0 | I60: =COUNTIF(I$9:I$38,$C60) -> 0 | J60: =COUNTIF(J$9:J$38,$C60) -> 0
D61: =COUNTIF(D$9:D$38,$C61) -> 0 | E61: =COUNTIF(E$9:E$38,$C61) -> 0 | F61: =COUNTIF(F$9:F$38,$C61) -> 0 | G61: =COUNTIF(G$9:G$38,$C61) -> 0 | H61: =COUNTIF(H$9:H$38,$C61) -> 0 | I61: =COUNTIF(I$9:I$38,$C61) -> 0 | J61: =COUNTIF(J$9:J$38,$C61) -> 0
D62: =COUNTIF(D$9:D$38,$C62) -> 0 | E62: =COUNTIF(E$9:E$38,$C62) -> 0 | F62: =COUNTIF(F$9:F$38,$C62) -> 0 | G62: =COUNTIF(G$9:G$38,$C62) -> 0 | H62: =COUNTIF(H$9:H$38,$C62) -> 0 | I62: =COUNTIF(I$9:I$38,$C62) -> 0 | J62: =COUNTIF(J$9:J$38,$C62) -> 0
D63: =COUNTIF(D$9:D$38,$C63) -> 0 | E63: =COUNTIF(E$9:E$38,$C63) -> 0 | F63: =COUNTIF(F$9:F$38,$C63) -> 0 | G63: =COUNTIF(G$9:G$38,$C63) -> 0 | H63: =COUNTIF(H$9:H$38,$C63) -> 0 | I63: =COUNTIF(I$9:I$38,$C63) -> 0 | J63: =COUNTIF(J$9:J$38,$C63) -> 0
... D66: =COUNTIF(D$9:D$38,$C66) -> 0 | E66: =COUNTIF(E$9:E$38,$C66) -> 0 | F66: =COUNTIF(F$9:F$38,$C66) -> 0 | G66: =COUNTIF(G$9:G$38,$C66) -> 0 | H66: =COUNTIF(H$9:H$38,$C66) -> 0 | I66: =COUNTIF(I$9:I$38,$C66) -> 0 | J66: =COUNTIF(J$9:J$38,$C66) -> 0

Sheet 07.09
B1: Расписание учебных занятий на первое полугодие 2026-2027 учебного года
B2: ТРЕНЕРСКИЙ ФАКУЛЬТЕТ, направление подготовки (образовательная программа)
A3: 49.03.04 Спорт*
B4: Курс 4, семестр 7, очная форма обучения
B5: группы С3-10-23, С3-11-23, С3-12-23, С3-13-23, С3-14-23, С3-15-23, С3-16-23
A7: День недели | B7: Дата | C7: Время | D7: 10 группа | E7: 11 группа | F7: 12 группа | G7: 13 группа | H7: 14 группа | I7: 15 группа | J7: 16 группа
D8: танцевальный спорт, чир спорт | E8: фигурное катание на коньках, конькобежный спорт, шорт-трек, кёрлинг | F8: легкая атлетика | G8: плавание, синхронное плавание | H8: гребные и парусные виды спорта, циклические и сложнокоординационные виды лыжного спорта | I8: велосипедный спорт, триатлон, спортивная акробатика, прыжки на батуте, спортивная гимнастика, воздушно-силовая атлетика | J8: художественная гимнастика, эстетическая гимнастика, спортивная аэробика, фитнес аэробика
A9: Понедельник | B9: 46272 | C9: 8.50-10.20 | E9: Пр. Массаж Власова Н.А. 346мбк | H9: Пр. Основы медицинских знаний и спортивная медицина Тарасов А.В. 350мбк | I9: Пр. Теория и методика велосипедного спорта, триатлона, спортивной акробатики, прыжков на батуте, спортивной гимнастики, воздушно-силовой атлетики Прил.1 | J9: Пр. Теория и методика художественной гимнастики, эстетической гимнастики, спортивной аэробики, фитнес аэробики Прил.1
C10: 10.40-12.10 | E10: Пр. Основы медицинских знаний и спортивная медицина Тарасов А.В. 350мбк | F10: Пр. Теория и методика легкой атлетики Прил.1 | G10: Пр. Массаж Власова Н.А. 346мбк | H10: Пр. Правовые основы профессиональной деятельности Купцов Е.И. 401ауд.к. | I10: Пр. Теория и методика велосипедного спорта, триатлона, спортивной акробатики, прыжков на батуте, спортивной гимнастики, воздушно-силовой атлетики Прил.1 | J10: Пр. Теория и методика художественной гимнастики, эстетической гимнастики, спортивной аэробики, фитнес аэробики Прил.1
C11: 13.00-14.30 | D11: Пр. Основы медицинских знаний и спортивная медицина Тарасов А.В. 439мбк | E11: Пр. Правовые основы профессиональной деятельности Купцов Е.И. 401ауд.к. | F11: Пр. Теория и методика легкой атлетики Прил.1 | G11: Пр. Теория и методика плавания, синхронного плавания Прил. 1 | H11: Пр. Теория и методика циклических и сложнокоординационных видов лыжного спорта Прил.1 | I11: Пр. Массаж Саламатов М.Б. 346мбк | J11: Пр. Спортивная метрология Тарханов И.В. 68мбк
C12: 14.50-16.20 | D12: Пр. Правовые основы профессиональной деятельности Купцов Е.И. 401ауд.к. | G12: Пр. Теория и методика плавания, синхронного плавания Прил. 1 | H12: Пр. Теория и методика циклических и сложнокоординационных видов лыжного спорта Прил.1 | I12: Пр. Спортивная метрология Фураев А.Н. 68мбк | J12: Пр. Массаж Саламатов М.Б. 346мбк
C13: 16.40-18.10
A14: Вторник | B14: =B9+1 -> 46273 | C14: 8.50-10.20 | D14: Л. Спортивная метрология Тарханов И.В. 220 ауд.к. | E14: Л. Спортивная метрология Тарханов И.В. 220 ауд.к. | F14: Л. Спортивная метрология Тарханов И.В. 220 ауд.к. | G14: Л. Спортивная метрология Тарханов И.В. 220 ауд.к. | H14: Л. Спортивная метрология Тарханов И.В. 220 ауд.к. | I14: Л. Спортивная метрология Тарханов И.В. 220 ауд.к. | J14: Л. Спортивная метрология Тарханов И.В. 220 ауд.к.
C15: 10.40-12.10 | D15: Л. Правовые основы профессиональной деятельности Купцов Е.И. 220 ауд.к. | E15: Л. Правовые основы профессиональной деятельности Купцов Е.И. 220 ауд.к. | F15: Л. Правовые основы профессиональной деятельности Купцов Е.И. 220 ауд.к. | G15: Л. Правовые основы профессиональной деятельности Купцов Е.И. 220 ауд.к. | H15: Л. Правовые основы профессиональной деятельности Купцов Е.И. 220 ауд.к. | I15: Л. Правовые основы профессиональной деятельности Купцов Е.И. 220 ауд.к. | J15: Л. Правовые основы профессиональной деятельности Купцов Е.И. 220 ауд.к.
C16: 13.00-14.30 | D16: Пр. Массаж Власова Н.А. 346мбк | E16: Пр. Теория и методика фигурного катания на коньках, конькобежного спорта, шорт-трек, кёрлинга Прил.1 | G16: Пр. Теория и методика плавания, синхронного плавания Прил. 1 | H16: Пр. Теория и методика гребного и парусного видов спорта, Пр. Теория и методика циклических и сложнокоординационных видов лыжного спорта Прил.1 | I16: Пр. Правовые основы профессиональной деятельности Купцов Е.И. 401ауд.к. | J16: Пр. Основы медицинских знаний и спортивная медицина Тарасов А.В. 350мбк
C17: 14.50-16.20 | D17: Пр. Теория и методика танцевального спорта, чир спорта Прил. 1 | E17: Пр. Теория и методика фигурного катания на коньках, конькобежного спорта, шорт-трек, кёрлинга Прил.1 | G17: Пр. Теория и методика плавания, синхронного плавания Прил. 1 | H17: Пр. Теория и методика гребного и парусного видов спорта, Пр. Теория и методика циклических и сложнокоординационных видов лыжного спорта Прил.1 | I17: Пр. Основы медицинских знаний и спортивная медицина Тарасов А.В. 350мбк | J17: Пр. Правовые основы профессиональной деятельности Купцов Е.И. 401ауд.к.
C18: 16.40-18.10
A19: Среда | B19: =B14+1 -> 46274 | C19: 8.50-10.20 | E19: Пр. Основы медицинских знаний и спортивная медицина Тарасов А.В. 342мбк | F19: Пр. Массаж Власова Н.А. 346мбк | I19: Пр. Теория и методика велосипедного спорта, триатлона, спортивной акробатики, прыжков на батуте, спортивной гимнастики, воздушно-силовой атлетики Прил.1 | J19: Пр. Теория и методика художественной гимнастики, эстетической гимнастики, спортивной аэробики, фитнес аэробики Прил.1
C20: 10.40-12.10 | E20: Пр. Массаж Власова Н.А. 346мбк | F20: Пр. Основы медицинских знаний и спортивная медицина Тарасов А.В. 342мбк | I20: Пр. Теория и методика велосипедного спорта, триатлона, спортивной акробатики, прыжков на батуте, спортивной гимнастики, воздушно-силовой атлетики Прил.1 | J20: Пр. Теория и методика художественной гимнастики, эстетической гимнастики, спортивной аэробики, фитнес аэробики Прил.1
C21: 13.00-14.30 | D21: Л. Основы медицинских знаний и спортивная медицина Тарасов А.В. 220 ауд.к. | E21: Л. Основы медицинских знаний и спортивная медицина Тарасов А.В. 220 ауд.к. | F21: Л. Основы медицинских знаний и спортивная медицина Тарасов А.В. 220 ауд.к. | G21: Л. Основы медицинских знаний и спортивная медицина Тарасов А.В. 220 ауд.к. | H21: Л. Основы медицинских знаний и спортивная медицина Тарасов А.В. 220 ауд.к. | I21: Л. Основы медицинских знаний и спортивная медицина Тарасов А.В. 220 ауд.к. | J21: Л. Основы медицинских знаний и спортивная медицина Тарасов А.В. 220 ауд.к.
C22: 14.50-16.20 | D22: Л. Массаж Саламатов М.Б. 220 ауд.к. | E22: Л. Массаж Саламатов М.Б. 220 ауд.к. | F22: Л. Массаж Саламатов М.Б. 220 ауд.к. | G22: Л. Массаж Саламатов М.Б. 220 ауд.к. | H22: Л. Массаж Саламатов М.Б. 220 ауд.к. | I22: Л. Массаж Саламатов М.Б. 220 ауд.к. | J22: Л. Массаж Саламатов М.Б. 220 ауд.к.
C23: 16.40-18.10
A24: Четверг | B24: =B19+1 -> 46275 | C24: 8.50-10.20 | D24: Пр. Теория и методика танцевального спорта, чир спорта Прил. 1 | E24: Пр. Спортивная метрология Тарханов И.В. 68мбк | F24: Пр. Теория и методика легкой атлетики Прил.1 | G24: Пр. Основы медицинских знаний и спортивная медицина Тарасов А.В. 342мбк | H24: Пр. Массаж Ларин А.В. 346мбк | I24: Пр. Теория и методика велосипедного спорта, триатлона, спортивной акробатики, прыжков на батуте, спортивной гимнастики, воздушно-силовой атлетики Прил.1 | J24: Пр. Теория и методика художественной гимнастики, эстетической гимнастики, спортивной аэробики, фитнес аэробики Прил.1
C25: 10.40-12.10 | D25: Пр. Теория и методика танцевального спорта, чир спорта Прил. 1 | E25: Пр. Теория и методика фигурного катания на коньках, конькобежного спорта, шорт-трек, кёрлинга Прил.1 | F25: Пр. Массаж Власова Н.А. 346мбк | G25: Пр. Спортивная метрология Тарханов И.В. 68мбк | H25: Пр. Основы медицинских знаний и спортивная медицина Тарасов А.В. 342мбк | I25: Пр. Теория и методика велосипедного спорта, триатлона, спортивной акробатики, прыжков на батуте, спортивной гимнастики, воздушно-силовой атлетики Прил.1 | J25: Пр. Теория и методика художественной гимнастики, эстетической гимнастики, спортивной аэробики, фитнес аэробики Прил.1
C26: 13.00-14.30 | D26: Пр. Основы медицинских знаний и спортивная медицина Тарасов А.В. 445мбк | F26: Пр. Правовые основы профессиональной деятельности Купцов Е.И. 401 ауд.к. | G26: Пр. Массаж Власова Н.А. 346мбк | H26: Пр. Теория и методика гребного и парусного видов спорта, Пр. Теория и методика циклических и сложнокоординационных видов лыжного спорта Прил.1
C27: 14.50-16.20 | D27: Пр. Массаж Власова Н.А. 346мбк | F27: Пр. Основы медицинских знаний и спортивная медицина Тарасов А.В. 445мбк | H27: Пр. Теория и методика гребного и парусного видов спорта, Пр. Теория и методика циклических и сложнокоординационных видов лыжного спорта Прил.1
C28: 16.40-18.10
A29: Пятница | B29: =B24+1 -> 46276 | C29: 8.50-10.20 | D29: Пр. Теория и методика танцевального спорта, чир спорта Прил. 1 | F29: Пр. Спортивная метрология Тарханов И.В. 68мбк | H29: Пр. Массаж Ларин А.В. 346мбк | J29: Пр. Основы медицинских знаний и спортивная медицина Тарасов А.В. 350мбк
C30: 10.40-12.10 | D30: Пр. Теория и методика танцевального спорта, чир спорта Прил. 1 | E30: Пр. Теория и методика фигурного катания на коньках, конькобежного спорта, шорт-трек, кёрлинга Прил.1 | F30: Пр. Теория и методика легкой атлетики Прил.1 | G30: Пр. Правовые основы профессиональной деятельности Купцов Е.И. 401 ауд.к. | H30: Пр. Спортивная метрология Фураев А.Н. 68мбк | J30: Пр. Массаж Саламатов М.Б. 346мбк
C31: 13.00-14.30 | D31: Пр. Спортивная метрология Тарханов И.В. 69мбк | E31: Пр. Теория и методика фигурного катания на коньках, конькобежного спорта, шорт-трек, кёрлинга Прил.1 | F31: Пр. Теория и методика легкой атлетики Прил.1 | G31: Пр. Теория и методика плавания, синхронного плавания Прил. 1 | H31: Пр. Теория и методика гребного и парусного видов спорта, Пр. Теория и методика циклических и сложнокоординационных видов лыжного спорта Прил.1 | I31: Пр. Основы медицинских знаний и спортивная медицина Тарасов А.В. 350мбк
C32: 14.50-16.20 | H32: Пр. Теория и методика гребного и парусного видов спорта, Пр. Теория и методика циклических и сложнокоординационных видов лыжного спорта Прил.1 | I32: Пр. Массаж Саламатов М.Б. 346мбк
C33: 16.40-18.10
A34: Суббота | B34: =B29+1 -> 46277 | C34: 8.50-10.20
C35: 10.40-12.10
C36: 13.00-14.30
C37: 14.50-16.20
C38: 16.40-18.10
D39: * Профили (направленность) указанны на титульном листе
C40: ='01.09'!C40 -> *Л. Основы медицинских знаний и спортивная медицина* | D40: ='01.09'!D40+COUNTIF(D$9:D$38,$C40) -> 2 | E40: ='01.09'!E40+COUNTIF(E$9:E$38,$C40) -> 2 | F40: ='01.09'!F40+COUNTIF(F$9:F$38,$C40) -> 2 | G40: ='01.09'!G40+COUNTIF(G$9:G$38,$C40) -> 2 | H40: ='01.09'!H40+COUNTIF(H$9:H$38,$C40) -> 2 | I40: ='01.09'!I40+COUNTIF(I$9:I$38,$C40) -> 2 | J40: ='01.09'!J40+COUNTIF(J$9:J$38,$C40) -> 2
C41: ='01.09'!C41 -> *Пр. Основы медицинских знаний и спортивная медицина* | D41: ='01.09'!D41+COUNTIF(D$9:D$38,$C41) -> 3 | E41: ='01.09'!E41+COUNTIF(E$9:E$38,$C41) -> 3 | F41: ='01.09'!F41+COUNTIF(F$9:F$38,$C41) -> 3 | G41: ='01.09'!G41+COUNTIF(G$9:G$38,$C41) -> 2 | H41: ='01.09'!H41+COUNTIF(H$9:H$38,$C41) -> 3 | I41: ='01.09'!I41+COUNTIF(I$9:I$38,$C41) -> 3 | J41: ='01.09'!J41+COUNTIF(J$9:J$38,$C41) -> 3
C42: ='01.09'!C42 -> *Л. Массаж* | D42: ='01.09'!D42+COUNTIF(D$9:D$38,$C42) -> 2 | E42: ='01.09'!E42+COUNTIF(E$9:E$38,$C42) -> 2 | F42: ='01.09'!F42+COUNTIF(F$9:F$38,$C42) -> 2 | G42: ='01.09'!G42+COUNTIF(G$9:G$38,$C42) -> 2 | H42: ='01.09'!H42+COUNTIF(H$9:H$38,$C42) -> 2 | I42: ='01.09'!I42+COUNTIF(I$9:I$38,$C42) -> 2 | J42: ='01.09'!J42+COUNTIF(J$9:J$38,$C42) -> 2
C43: ='01.09'!C43 -> *Пр. Массаж* | D43: ='01.09'!D43+COUNTIF(D$9:D$38,$C43) -> 3 | E43: ='01.09'!E43+COUNTIF(E$9:E$38,$C43) -> 2 | F43: ='01.09'!F43+COUNTIF(F$9:F$38,$C43) -> 3 | G43: ='01.09'!G43+COUNTIF(G$9:G$38,$C43) -> 3 | H43: ='01.09'!H43+COUNTIF(H$9:H$38,$C43) -> 4 | I43: ='01.09'!I43+COUNTIF(I$9:I$38,$C43) -> 3 | J43: ='01.09'!J43+COUNTIF(J$9:J$38,$C43) -> 3
C44: ='01.09'!C44 -> *Л. Правовые основы профессиональной деятельности* | D44: ='01.09'!D44+COUNTIF(D$9:D$38,$C44) -> 2 | E44: ='01.09'!E44+COUNTIF(E$9:E$38,$C44) -> 2 | F44: ='01.09'!F44+COUNTIF(F$9:F$38,$C44) -> 2 | G44: ='01.09'!G44+COUNTIF(G$9:G$38,$C44) -> 2 | H44: ='01.09'!H44+COUNTIF(H$9:H$38,$C44) -> 2 | I44: ='01.09'!I44+COUNTIF(I$9:I$38,$C44) -> 2 | J44: ='01.09'!J44+COUNTIF(J$9:J$38,$C44) -> 2
C45: ='01.09'!C45 -> *Пр. Правовые основы профессиональной деятельности* | D45: ='01.09'!D45+COUNTIF(D$9:D$38,$C45) -> 1 | E45: ='01.09'!E45+COUNTIF(E$9:E$38,$C45) -> 2 | F45: ='01.09'!F45+COUNTIF(F$9:F$38,$C45) -> 2 | G45: ='01.09'!G45+COUNTIF(G$9:G$38,$C45) -> 2 | H45: ='01.09'!H45+COUNTIF(H$9:H$38,$C45) -> 1 | I45: ='01.09'!I45+COUNTIF(I$9:I$38,$C45) -> 1 | J45: ='01.09'!J45+COUNTIF(J$9:J$38,$C45) -> 2
C46: ='01.09'!C46 -> *Л. Теория и методика* | D46: ='01.09'!D46+COUNTIF(D$9:D$38,$C46) -> 2 | E46: ='01.09'!E46+COUNTIF(E$9:E$38,$C46) -> 2 | F46: ='01.09'!F46+COUNTIF(F$9:F$38,$C46) -> 2 | G46: ='01.09'!G46+COUNTIF(G$9:G$38,$C46) -> 2 | H46: ='01.09'!H46+COUNTIF(H$9:H$38,$C46) -> 2 | I46: ='01.09'!I46+COUNTIF(I$9:I$38,$C46) -> 2 | J46: ='01.09'!J46+COUNTIF(J$9:J$38,$C46) -> 2
C47: ='01.09'!C47 -> *Пр. Теория и методика* | D47: ='01.09'!D47+COUNTIF(D$9:D$38,$C47) -> 7 | E47: ='01.09'!E47+COUNTIF(E$9:E$38,$C47) -> 7 | F47: ='01.09'!F47+COUNTIF(F$9:F$38,$C47) -> 6 | G47: ='01.09'!G47+COUNTIF(G$9:G$38,$C47) -> 5 | H47: ='01.09'!H47+COUNTIF(H$9:H$38,$C47) -> 7 | I47: ='01.09'!I47+COUNTIF(I$9:I$38,$C47) -> 7 | J47: ='01.09'!J47+COUNTIF(J$9:J$38,$C47) -> 7
C48: ='01.09'!C48 -> *Л. Спортивная метрология* | D48: ='01.09'!D48+COUNTIF(D$9:D$38,$C48) -> 2 | E48: ='01.09'!E48+COUNTIF(E$9:E$38,$C48) -> 2 | F48: ='01.09'!F48+COUNTIF(F$9:F$38,$C48) -> 2 | G48: ='01.09'!G48+COUNTIF(G$9:G$38,$C48) -> 2 | H48: ='01.09'!H48+COUNTIF(H$9:H$38,$C48) -> 2 | I48: ='01.09'!I48+COUNTIF(I$9:I$38,$C48) -> 2 | J48: ='01.09'!J48+COUNTIF(J$9:J$38,$C48) -> 2
C49: ='01.09'!C49 -> *Пр. Спортивная метрология* | D49: ='01.09'!D49+COUNTIF(D$9:D$38,$C49) -> 2 | E49: ='01.09'!E49+COUNTIF(E$9:E$38,$C49) -> 2 | F49: ='01.09'!F49+COUNTIF(F$9:F$38,$C49) -> 2 | G49: ='01.09'!G49+COUNTIF(G$9:G$38,$C49) -> 2 | H49: ='01.09'!H49+COUNTIF(H$9:H$38,$C49) -> 2 | I49: ='01.09'!I49+COUNTIF(I$9:I$38,$C49) -> 1 | J49: ='01.09'!J49+COUNTIF(J$9:J$38,$C49) -> 1
C50: ='01.09'!C50 -> *Л. Теория и методика циклических и сложнокоординационных* | D50: ='01.09'!D50+COUNTIF(D$9:D$38,$C50) -> 0 | E50: ='01.09'!E50+COUNTIF(E$9:E$38,$C50) -> 0 | F50: ='01.09'!F50+COUNTIF(F$9:F$38,$C50) -> 0 | G50: ='01.09'!G50+COUNTIF(G$9:G$38,$C50) -> 0 | H50: ='01.09'!H50+COUNTIF(H$9:H$38,$C50) -> 2 | I50: ='01.09'!I50+COUNTIF(I$9:I$38,$C50) -> 0 | J50: ='01.09'!J50+COUNTIF(J$9:J$38,$C50) -> 0
C51: ='01.09'!C51 -> *Пр. Теория и методика циклических и сложнокоординационных* | D51: ='01.09'!D51+COUNTIF(D$9:D$38,$C51) -> 0 | E51: ='01.09'!E51+COUNTIF(E$9:E$38,$C51) -> 0 | F51: ='01.09'!F51+COUNTIF(F$9:F$38,$C51) -> 0 | G51: ='01.09'!G51+COUNTIF(G$9:G$38,$C51) -> 0 | H51: ='01.09'!H51+COUNTIF(H$9:H$38,$C51) -> 9 | I51: ='01.09'!I51+COUNTIF(I$9:I$38,$C51) -> 0 | J51: ='01.09'!J51+COUNTIF(J$9:J$38,$C51) -> 0
... C67: ='01.09'!C67 -> 0 | D67: ='01.09'!D67+COUNTIF(D$9:D$38,$C67) -> 0 | E67: ='01.09'!E67+COUNTIF(E$9:E$38,$C67) -> 0 | F67: ='01.09'!F67+COUNTIF(F$9:F$38,$C67) -> 0 | G67: ='01.09'!G67+COUNTIF(G$9:G$38,$C67) -> 0 | H67: ='01.09'!H67+COUNTIF(H$9:H$38,$C67) -> 0 | I67: ='01.09'!I67+COUNTIF(I$9:I$38,$C67) -> 0 | J67: ='01.09'!J67+COUNTIF(J$9:J$38,$C67) -> 0

Sheet 14.09
B1: Расписание учебных занятий на первое полугодие 2026-2027 учебного года
B2: ТРЕНЕРСКИЙ ФАКУЛЬТЕТ, направление подготовки (образовательная программа)
A3: 49.03.04 Спорт*
B4: Курс 4, семестр 7, очная форма обучения
B5: группы С3-10-23, С3-11-23, С3-12-23, С3-13-23, С3-14-23, С3-15-23, С3-16-23
A7: День недели | B7: Дата | C7: Время | D7: 10 группа | E7: 11 группа | F7: 12 группа | G7: 13 группа | H7: 14 группа | I7: 15 группа | J7: 16 группа
D8: танцевальный спорт, чир спорт | E8: фигурное катание на коньках, конькобежный спорт, шорт-трек, кёрлинг | F8: легкая атлетика | G8: плавание, синхронное плавание | H8: гребные и парусные виды спорта, циклические и сложнокоординационные виды лыжного спорта | I8: велосипедный спорт, триатлон, спортивная акробатика, прыжки на батуте, спортивная гимнастика, воздушно-силовая атлетика | J8: художественная гимнастика, эстетическая гимнастика, спортивная аэробика, фитнес аэробика
A9: Понедельник | B9: 46279 | C9: 8.50-10.20 | E9: Пр. Массаж Власова Н.А. 346мбк | H9: Пр. Основы медицинских знаний и спортивная медицина Тарасов А.В. 350мбк | I9: Пр. Теория и методика велосипедного спорта, триатлона, спортивной акробатики, прыжков на батуте, спортивной гимнастики, воздушно-силовой атлетики Прил.1 | J9: Пр. Теория и методика художественной гимнастики, эстетической гимнастики, спортивной аэробики, фитнес аэробики Прил.1
C10: 10.40-12.10 | E10: Пр. Основы медицинских знаний и спортивная медицина Тарасов А.В. 350мбк | F10: Пр. Теория и методика легкой атлетики Прил.1 | G10: Пр. Массаж Власова Н.А. 346мбк | H10: Пр. Правовые основы профессиональной деятельности Купцов Е.И. 401ауд.к. | I10: Пр. Теория и методика велосипедного спорта, триатлона, спортивной акробатики, прыжков на батуте, спортивной гимнастики, воздушно-силовой атлетики Прил.1 | J10: Пр. Теория и методика художественной гимнастики, эстетической гимнастики, спортивной аэробики, фитнес аэробики Прил.1
C11: 13.00-14.30 | D11: Пр. Основы медицинских знаний и спортивная медицина Тарасов А.В. 439мбк | E11: Пр. Правовые основы профессиональной деятельности Купцов Е.И. 401ауд.к. | F11: Пр. Теория и методика легкой атлетики Прил.1 | G11: Пр. Теория и методика плавания, синхронного плавания Прил. 1 | H11: Пр. Теория и методика циклических и сложнокоординационных видов лыжного спорта Прил.1 | I11: Пр. Массаж Саламатов М.Б. 346мбк | J11: Пр. Спортивная метрология Тарханов И.В. 69мбк
C12: 14.50-16.20 | D12: Пр. Правовые основы профессиональной деятельности Купцов Е.И. 401ауд.к. | G12: Пр. Теория и методика плавания, синхронного плавания Прил. 1 | H12: Пр. Теория и методика циклических и сложнокоординационных видов лыжного спорта Прил.1 | I12: Пр. Спортивная метрология Фураев А.Н. 69мбк | J12: Пр. Массаж Саламатов М.Б. 346мбк
C13: 16.40-18.10
A14: Вторник | B14: =B9+1 -> 46280 | C14: 8.50-10.20 | D14: Л. Спортивная метрология Тарханов И.В. 220 ауд.к. | E14: Л. Спортивная метрология Тарханов И.В. 220 ауд.к. | F14: Л. Спортивная метрология Тарханов И.В. 220 ауд.к. | G14: Л. Спортивная метрология Тарханов И.В. 220 ауд.к. | H14: Л. Спортивная метрология Тарханов И.В. 220 ауд.к. | I14: Л. Спортивная метрология Тарханов И.В. 220 ауд.к. | J14: Л. Спортивная метрология Тарханов И.В. 220 ауд.к.
C15: 10.40-12.10 | D15: Л. Правовые основы профессиональной деятельности Купцов Е.И. 220 ауд.к. | E15: Л. Правовые основы профессиональной деятельности Купцов Е.И. 220 ауд.к. | F15: Л. Правовые основы профессиональной деятельности Купцов Е.И. 220 ауд.к. | G15: Л. Правовые основы профессиональной деятельности Купцов Е.И. 220 ауд.к. | H15: Л. Правовые основы профессиональной деятельности Купцов Е.И. 220 ауд.к. | I15: Л. Правовые основы профессиональной деятельности Купцов Е.И. 220 ауд.к. | J15: Л. Правовые основы профессиональной деятельности Купцов Е.И. 220 ауд.к.
C16: 13.00-14.30 | D16: Пр. Массаж Власова Н.А. 346мбк | E16: Пр. Теория и методика фигурного катания на коньках, конькобежного спорта, шорт-трек, кёрлинга Прил.1 | G16: Пр. Теория и методика плавания, синхронного плавания Прил. 1 | H16: Пр. Теория и методика гребного и парусного видов спорта, Пр. Теория и методика циклических и сложнокоординационных видов лыжного спорта Прил.1 | I16: Пр. Правовые основы профессиональной деятельности Купцов Е.И. 401ауд.к. | J16: Пр. Основы медицинских знаний и спортивная медицина Тарасов А.В. 350мбк
C17: 14.50-16.20 | D17: Пр. Теория и методика танцевального спорта, чир спорта Прил. 1 | E17: Пр. Теория и методика фигурного катания на коньках, конькобежного спорта, шорт-трек, кёрлинга Прил.1 | G17: Пр. Теория и методика плавания, синхронного плавания Прил. 1 | H17: Пр. Теория и методика гребного и парусного видов спорта, Пр. Теория и методика циклических и сложнокоординационных видов лыжного спорта Прил.1 | I17: Пр. Основы медицинских знаний и спортивная медицина Тарасов А.В. 350мбк | J17: Пр. Правовые основы профессиональной деятельности Купцов Е.И. 401ауд.к.
C18: 16.40-18.10
A19: Среда | B19: =B14+1 -> 46281 | C19: 8.50-10.20 | E19: Пр. Основы медицинских знаний и спортивная медицина Тарасов А.В. 342мбк | F19: Пр. Массаж Власова Н.А. 346мбк | I19: Пр. Теория и методика велосипедного спорта, триатлона, спортивной акробатики, прыжков на батуте, спортивной гимнастики, воздушно-силовой атлетики Прил.1 | J19: Пр. Теория и методика художественной гимнастики, эстетической гимнастики, спортивной аэробики, фитнес аэробики Прил.1
C20: 10.40-12.10 | E20: Пр. Массаж Власова Н.А. 346мбк | F20: Пр. Основы медицинских знаний и спортивная медицина Тарасов А.В. 342мбк | I20: Пр. Теория и методика велосипедного спорта, триатлона, спортивной акробатики, прыжков на батуте, спортивной гимнастики, воздушно-силовой атлетики Прил.1 | J20: Пр. Теория и методика художественной гимнастики, эстетической гимнастики, спортивной аэробики, фитнес аэробики Прил.1
C21: 13.00-14.30 | D21: Л. Основы медицинских знаний и спортивная медицина Тарасов А.В. 220 ауд.к. | E21: Л. Основы медицинских знаний и спортивная медицина Тарасов А.В. 220 ауд.к. | F21: Л. Основы медицинских знаний и спортивная медицина Тарасов А.В. 220 ауд.к. | G21: Л. Основы медицинских знаний и спортивная медицина Тарасов А.В. 220 ауд.к. | H21: Л. Основы медицинских знаний и спортивная медицина Тарасов А.В. 220 ауд.к. | I21: Л. Основы медицинских знаний и спортивная медицина Тарасов А.В. 220 ауд.к. | J21: Л. Основы медицинских знаний и спортивная медицина Тарасов А.В. 220 ауд.к.
C22: 14.50-16.20 | D22: Л. Массаж Саламатов М.Б. 220 ауд.к. | E22: Л. Массаж Саламатов М.Б. 220 ауд.к. | F22: Л. Массаж Саламатов М.Б. 220 ауд.к. | G22: Л. Массаж Саламатов М.Б. 220 ауд.к. | H22: Л. Массаж Саламатов М.Б. 220 ауд.к. | I22: Л. Массаж Саламатов М.Б. 220 ауд.к. | J22: Л. Массаж Саламатов М.Б. 220 ауд.к.
C23: 16.40-18.10
A24: Четверг | B24: =B19+1 -> 46282 | C24: 8.50-10.20 | D24: Пр. Теория и методика танцевального спорта, чир спорта Прил. 1 | E24: Пр. Спортивная метрология Тарханов И.В. 68мбк | F24: Пр. Теория и методика легкой атлетики Прил.1 | G24: Пр. Основы медицинских знаний и спортивная медицина Тарасов А.В. 342мбк | H24: Пр. Массаж Ларин А.В. 346мбк | I24: Пр. Теория и методика велосипедного спорта, триатлона, спортивной акробатики, прыжков на батуте, спортивной гимнастики, воздушно-силовой атлетики Прил.1 | J24: Пр. Теория и методика художественной гимнастики, эстетической гимнастики, спортивной аэробики, фитнес аэробики Прил.1
C25: 10.40-12.10 | D25: Пр. Теория и методика танцевального спорта, чир спорта Прил. 1 | E25: Пр. Теория и методика фигурного катания на коньках, конькобежного спорта, шорт-трек, кёрлинга Прил.1 | F25: Пр. Массаж Власова Н.А. 346мбк | G25: Пр. Спортивная метрология Тарханов И.В. 68мбк | H25: Пр. Основы медицинских знаний и спортивная медицина Тарасов А.В. 342мбк | I25: Пр. Теория и методика велосипедного спорта, триатлона, спортивной акробатики, прыжков на батуте, спортивной гимнастики, воздушно-силовой атлетики Прил.1 | J25: Пр. Теория и методика художественной гимнастики, эстетической гимнастики, спортивной аэробики, фитнес аэробики Прил.1
C26: 13.00-14.30 | D26: Пр. Основы медицинских знаний и спортивная медицина Тарасов А.В. 445мбк | F26: Пр. Правовые основы профессиональной деятельности Купцов Е.И. 401 ауд.к. | G26: Пр. Массаж Власова Н.А. 346мбк | H26: Пр. Теория и методика гребного и парусного видов спорта, Л. Теория и методика циклических и сложнокоординационных видов лыжного спорта Прил.1
C27: 14.50-16.20 | D27: Пр. Массаж Власова Н.А. 346мбк | F27: Пр. Основы медицинских знаний и спортивная медицина Тарасов А.В. 445мбк | H27: Пр. Теория и методика гребного и парусного видов спорта, Пр. Теория и методика циклических и сложнокоординационных видов лыжного спорта Прил.1
C28: 16.40-18.10
A29: Пятница | B29: =B24+1 -> 46283 | C29: 8.50-10.20 | D29: Пр. Теория и методика танцевального спорта, чир спорта Прил. 1 | F29: Пр. Спортивная метрология Тарханов И.В. 68мбк | H29: Пр. Массаж Ларин А.В. 346мбк | J29: Пр. Основы медицинских знаний и спортивная медицина Тарасов А.В. 350мбк
C30: 10.40-12.10 | D30: Пр. Теория и методика танцевального спорта, чир спорта Прил. 1 | E30: Пр. Теория и методика фигурного катания на коньках, конькобежного спорта, шорт-трек, кёрлинга Прил.1 | F30: Пр. Теория и методика легкой атлетики Прил.1 | G30: Пр. Правовые основы профессиональной деятельности Купцов Е.И. 401 ауд.к. | H30: Пр. Спортивная метрология Фураев А.Н. 68мбк | J30: Пр. Массаж Саламатов М.Б. 346мбк
C31: 13.00-14.30 | D31: Пр. Спортивная метрология Тарханов И.В. 69мбк | E31: Пр. Теория и методика фигурного катания на коньках, конькобежного спорта, шорт-трек, кёрлинга Прил.1 | F31: Пр. Теория и методика легкой атлетики Прил.1 | G31: Пр. Теория и методика плавания, синхронного плавания Прил. 1 | H31: Пр. Теория и методика гребного и парусного видов спорта, Пр. Теория и методика циклических и сложнокоординационных видов лыжного спорта Прил.1 | I31: Пр. Основы медицинских знаний и спортивная медицина Тарасов А.В. 350мбк
C32: 14.50-16.20 | G32: Пр. Теория и методика плавания, синхронного плавания Прил. 1 | H32: Пр. Теория и методика гребного и парусного видов спорта, Пр. Теория и методика циклических и сложнокоординационных видов лыжного спорта Прил.1 | I32: Пр. Массаж Саламатов М.Б. 346мбк
C33: 16.40-18.10
A34: Суббота | B34: =B29+1 -> 46284 | C34: 8.50-10.20
C35: 10.40-12.10
C36: 13.00-14.30
C37: 14.50-16.20
C38: 16.40-18.10
D39: * Профили (направленность) указанны на титульном листе
C40: ='01.09'!C40 -> *Л. Основы медицинских знаний и спортивная медицина* | D40: ='07.09'!D40+COUNTIF(D$9:D$38,$C40) -> 3 | E40: ='07.09'!E40+COUNTIF(E$9:E$38,$C40) -> 3 | F40: ='07.09'!F40+COUNTIF(F$9:F$38,$C40) -> 3 | G40: ='07.09'!G40+COUNTIF(G$9:G$38,$C40) -> 3 | H40: ='07.09'!H40+COUNTIF(H$9:H$38,$C40) -> 3 | I40: ='07.09'!I40+COUNTIF(I$9:I$38,$C40) -> 3 | J40: ='07.09'!J40+COUNTIF(J$9:J$38,$C40) -> 3
C41: ='01.09'!C41 -> *Пр. Основы медицинских знаний и спортивная медицина* | D41: ='07.09'!D41+COUNTIF(D$9:D$38,$C41) -> 5 | E41: ='07.09'!E41+COUNTIF(E$9:E$38,$C41) -> 5 | F41: ='07.09'!F41+COUNTIF(F$9:F$38,$C41) -> 5 | G41: ='07.09'!G41+COUNTIF(G$9:G$38,$C41) -> 3 | H41: ='07.09'!H41+COUNTIF(H$9:H$38,$C41) -> 5 | I41: ='07.09'!I41+COUNTIF(I$9:I$38,$C41) -> 5 | J41: ='07.09'!J41+COUNTIF(J$9:J$38,$C41) -> 5
C42: ='01.09'!C42 -> *Л. Массаж* | D42: ='07.09'!D42+COUNTIF(D$9:D$38,$C42) -> 3 | E42: ='07.09'!E42+COUNTIF(E$9:E$38,$C42) -> 3 | F42: ='07.09'!F42+COUNTIF(F$9:F$38,$C42) -> 3 | G42: ='07.09'!G42+COUNTIF(G$9:G$38,$C42) -> 3 | H42: ='07.09'!H42+COUNTIF(H$9:H$38,$C42) -> 3 | I42: ='07.09'!I42+COUNTIF(I$9:I$38,$C42) -> 3 | J42: ='07.09'!J42+COUNTIF(J$9:J$38,$C42) -> 3
C43: ='01.09'!C43 -> *Пр. Массаж* | D43: ='07.09'!D43+COUNTIF(D$9:D$38,$C43) -> 5 | E43: ='07.09'!E43+COUNTIF(E$9:E$38,$C43) -> 4 | F43: ='07.09'!F43+COUNTIF(F$9:F$38,$C43) -> 5 | G43: ='07.09'!G43+COUNTIF(G$9:G$38,$C43) -> 5 | H43: ='07.09'!H43+COUNTIF(H$9:H$38,$C43) -> 6 | I43: ='07.09'!I43+COUNTIF(I$9:I$38,$C43) -> 5 | J43: ='07.09'!J43+COUNTIF(J$9:J$38,$C43) -> 5
C44: ='01.09'!C44 -> *Л. Правовые основы профессиональной деятельности* | D44: ='07.09'!D44+COUNTIF(D$9:D$38,$C44) -> 3 | E44: ='07.09'!E44+COUNTIF(E$9:E$38,$C44) -> 3 | F44: ='07.09'!F44+COUNTIF(F$9:F$38,$C44) -> 3 | G44: ='07.09'!G44+COUNTIF(G$9:G$38,$C44) -> 3 | H44: ='07.09'!H44+COUNTIF(H$9:H$38,$C44) -> 3 | I44: ='07.09'!I44+COUNTIF(I$9:I$38,$C44) -> 3 | J44: ='07.09'!J44+COUNTIF(J$9:J$38,$C44) -> 3
C45: ='01.09'!C45 -> *Пр. Правовые основы профессиональной деятельности* | D45: ='07.09'!D45+COUNTIF(D$9:D$38,$C45) -> 2 | E45: ='07.09'!E45+COUNTIF(E$9:E$38,$C45) -> 3 | F45: ='07.09'!F45+COUNTIF(F$9:F$38,$C45) -> 3 | G45: ='07.09'!G45+COUNTIF(G$9:G$38,$C45) -> 3 | H45: ='07.09'!H45+COUNTIF(H$9:H$38,$C45) -> 2 | I45: ='07.09'!I45+COUNTIF(I$9:I$38,$C45) -> 2 | J45: ='07.09'!J45+COUNTIF(J$9:J$38,$C45) -> 3
C46: ='01.09'!C46 -> *Л. Теория и методика* | D46: ='07.09'!D46+COUNTIF(D$9:D$38,$C46) -> 2 | E46: ='07.09'!E46+COUNTIF(E$9:E$38,$C46) -> 2 | F46: ='07.09'!F46+COUNTIF(F$9:F$38,$C46) -> 2 | G46: ='07.09'!G46+COUNTIF(G$9:G$38,$C46) -> 2 | H46: ='07.09'!H46+COUNTIF(H$9:H$38,$C46) -> 2 | I46: ='07.09'!I46+COUNTIF(I$9:I$38,$C46) -> 2 | J46: ='07.09'!J46+COUNTIF(J$9:J$38,$C46) -> 2
C47: ='01.09'!C47 -> *Пр. Теория и методика* | D47: ='07.09'!D47+COUNTIF(D$9:D$38,$C47) -> 12 | E47: ='07.09'!E47+COUNTIF(E$9:E$38,$C47) -> 12 | F47: ='07.09'!F47+COUNTIF(F$9:F$38,$C47) -> 11 | G47: ='07.09'!G47+COUNTIF(G$9:G$38,$C47) -> 11 | H47: ='07.09'!H47+COUNTIF(H$9:H$38,$C47) -> 13 | I47: ='07.09'!I47+COUNTIF(I$9:I$38,$C47) -> 13 | J47: ='07.09'!J47+COUNTIF(J$9:J$38,$C47) -> 13
C48: ='01.09'!C48 -> *Л. Спортивная метрология* | D48: ='07.09'!D48+COUNTIF(D$9:D$38,$C48) -> 3 | E48: ='07.09'!E48+COUNTIF(E$9:E$38,$C48) -> 3 | F48: ='07.09'!F48+COUNTIF(F$9:F$38,$C48) -> 3 | G48: ='07.09'!G48+COUNTIF(G$9:G$38,$C48) -> 3 | H48: ='07.09'!H48+COUNTIF(H$9:H$38,$C48) -> 3 | I48: ='07.09'!I48+COUNTIF(I$9:I$38,$C48) -> 3 | J48: ='07.09'!J48+COUNTIF(J$9:J$38,$C48) -> 3
C49: ='01.09'!C49 -> *Пр. Спортивная метрология* | D49: ='07.09'!D49+COUNTIF(D$9:D$38,$C49) -> 3 | E49: ='07.09'!E49+COUNTIF(E$9:E$38,$C49) -> 3 | F49: ='07.09'!F49+COUNTIF(F$9:F$38,$C49) -> 3 | G49: ='07.09'!G49+COUNTIF(G$9:G$38,$C49) -> 3 | H49: ='07.09'!H49+COUNTIF(H$9:H$38,$C49) -> 3 | I49: ='07.09'!I49+COUNTIF(I$9:I$38,$C49) -> 2 | J49: ='07.09'!J49+COUNTIF(J$9:J$38,$C49) -> 2
C50: ='01.09'!C50 -> *Л. Теория и методика циклических и сложнокоординационных* | D50: ='07.09'!D50+COUNTIF(D$9:D$38,$C50) -> 0 | E50: ='07.09'!E50+COUNTIF(E$9:E$38,$C50) -> 0 | F50: ='07.09'!F50+COUNTIF(F$9:F$38,$C50) -> 0 | G50: ='07.09'!G50+COUNTIF(G$9:G$38,$C50) -> 0 | H50: ='07.09'!H50+COUNTIF(H$9:H$38,$C50) -> 3 | I50: ='07.09'!I50+COUNTIF(I$9:I$38,$C50) -> 0 | J50: ='07.09'!J50+COUNTIF(J$9:J$38,$C50) -> 0
C51: ='01.09'!C51 -> *Пр. Теория и методика циклических и сложнокоординационных* | D51: ='07.09'!D51+COUNTIF(D$9:D$38,$C51) -> 0 | E51: ='07.09'!E51+COUNTIF(E$9:E$38,$C51) -> 0 | F51: ='07.09'!F51+COUNTIF(F$9:F$38,$C51) -> 0 | G51: ='07.09'!G51+COUNTIF(G$9:G$38,$C51) -> 0 | H51: ='07.09'!H51+COUNTIF(H$9:H$38,$C51) -> 16 | I51: ='07.09'!I51+COUNTIF(I$9:I$38,$C51) -> 0 | J51: ='07.09'!J51+COUNTIF(J$9:J$38,$C51) -> 0
... C69: ='01.09'!C69 -> 0 | D69: ='07.09'!D69+COUNTIF(D$9:D$38,$C69) -> 0 | E69: ='07.09'!E69+COUNTIF(E$9:E$38,$C69) -> 0 | F69: ='07.09'!F69+COUNTIF(F$9:F$38,$C69) -> 0 | G69: ='07.09'!G69+COUNTIF(G$9:G$38,$C69) -> 0 | H69: ='07.09'!H69+COUNTIF(H$9:H$38,$C69) -> 0 | I69: ='07.09'!I69+COUNTIF(I$9:I$38,$C69) -> 0 | J69: ='07.09'!J69+COUNTIF(J$9:J$38,$C69) -> 0

Sheet 21.09
B1: Расписание учебных занятий на первое полугодие 2026-2027 учебного года
B2: ТРЕНЕРСКИЙ ФАКУЛЬТЕТ, направление подготовки (образовательная программа)
A3: 49.03.04 Спорт*
B4: Курс 4, семестр 7, очная форма обучения
B5: группы С3-10-23, С3-11-23, С3-12-23, С3-13-23, С3-14-23, С3-15-23, С3-16-23
A7: День недели | B7: Дата | C7: Время | D7: 10 группа | E7: 11 группа | F7: 12 группа | G7: 13 группа | H7: 14 группа | I7: 15 группа | J7: 16 группа
D8: танцевальный спорт, чир спорт | E8: фигурное катание на коньках, конькобежный спорт, шорт-трек, кёрлинг | F8: легкая атлетика | G8: плавание, синхронное плавание | H8: гребные и парусные виды спорта, циклические и сложнокоординационные виды лыжного спорта | I8: велосипедный спорт, триатлон, спортивная акробатика, прыжки на батуте, спортивная гимнастика, воздушно-силовая атлетика | J8: художественная гимнастика, эстетическая гимнастика, спортивная аэробика, фитнес аэробика
A9: Понедельник | B9: 46286 | C9: 8.50-10.20 | E9: Пр. Массаж Власова Н.А. 346мбк | H9: Пр. Основы медицинских знаний и спортивная медицина Тарасов А.В. 350мбк | I9: Л. Теория и методика велосипедного спорта, триатлона, спортивной акробатики, прыжков на батуте, спортивной гимнастики, воздушно-силовой атлетики Прил.1 | J9: Л. Теория и методика художественной гимнастики, эстетической гимнастики, спортивной аэробики, фитнес аэробики Прил.1
C10: 10.40-12.10 | E10: Пр. Основы медицинских знаний и спортивная медицина Тарасов А.В. 350мбк | F10: Пр. Теория и методика легкой атлетики Прил.1 | G10: Пр. Массаж Власова Н.А. 346мбк | H10: Пр. Правовые основы профессиональной деятельности Купцов Е.И. 401ауд.к. | I10: Пр. Теория и методика велосипедного спорта, триатлона, спортивной акробатики, прыжков на батуте, спортивной гимнастики, воздушно-силовой атлетики Прил.1 | J10: Пр. Теория и методика художественной гимнастики, эстетической гимнастики, спортивной аэробики, фитнес аэробики Прил.1
C11: 13.00-14.30 | D11: Пр. Основы медицинских знаний и спортивная медицина Тарасов А.В. 439мбк | E11: Пр. Правовые основы профессиональной деятельности Купцов Е.И. 401ауд.к. | F11: Пр. Теория и методика легкой атлетики Прил.1 | G11: Пр. Теория и методика плавания, синхронного плавания Прил. 1 | I11: Пр. Массаж Саламатов М.Б. 346мбк | J11: Пр. Спортивная метрология Тарханов И.В. 68мбк
C12: 14.50-16.20 | D12: Пр. Правовые основы профессиональной деятельности Купцов Е.И. 401ауд.к. | G12: Пр. Теория и методика плавания, синхронного плавания Прил. 1 | I12: Пр. Спортивная метрология Фураев А.Н. 68мбк | J12: Пр. Массаж Саламатов М.Б. 346мбк
C13: 16.40-18.10
A14: Вторник | B14: =B9+1 -> 46287 | C14: 8.50-10.20 | D14: Л. Спортивная метрология Тарханов И.В. 220 ауд.к. | E14: Л. Спортивная метрология Тарханов И.В. 220 ауд.к. | F14: Л. Спортивная метрология Тарханов И.В. 220 ауд.к. | G14: Л. Спортивная метрология Тарханов И.В. 220 ауд.к. | H14: Л. Спортивная метрология Тарханов И.В. 220 ауд.к. | I14: Л. Спортивная метрология Тарханов И.В. 220 ауд.к. | J14: Л. Спортивная метрология Тарханов И.В. 220 ауд.к.
C15: 10.40-12.10 | D15: Л. Правовые основы профессиональной деятельности Купцов Е.И. 220 ауд.к. | E15: Л. Правовые основы профессиональной деятельности Купцов Е.И. 220 ауд.к. | F15: Л. Правовые основы профессиональной деятельности Купцов Е.И. 220 ауд.к. | G15: Л. Правовые основы профессиональной деятельности Купцов Е.И. 220 ауд.к. | H15: Л. Правовые основы профессиональной деятельности Купцов Е.И. 220 ауд.к. | I15: Л. Правовые основы профессиональной деятельности Купцов Е.И. 220 ауд.к. | J15: Л. Правовые основы профессиональной деятельности Купцов Е.И. 220 ауд.к.
C16: 13.00-14.30 | D16: Пр. Массаж Власова Н.А. 346мбк | E16: Пр. Теория и методика фигурного катания на коньках, конькобежного спорта, шорт-трек, кёрлинга Прил.1 | G16: Л. Теория и методика плавания, синхронного плавания Прил. 1 | H16: Л. Теория и методика гребного и парусного видов спорта, Пр. Теория и методика циклических и сложнокоординационных видов лыжного спорта Прил.1 | I16: Пр. Правовые основы профессиональной деятельности Купцов Е.И. 401ауд.к. | J16: Пр. Основы медицинских знаний и спортивная медицина Тарасов А.В. 350мбк
C17: 14.50-16.20 | D17: Пр. Теория и методика танцевального спорта, чир спорта Прил. 1 | E17: Л. Теория и методика фигурного катания на коньках, конькобежного спорта, шорт-трек, кёрлинга Прил.1 | G17: Пр. Теория и методика плавания, синхронного плавания Прил. 1 | H17: Пр. Теория и методика гребного и парусного видов спорта, Пр. Теория и методика циклических и сложнокоординационных видов лыжного спорта Прил.1 | I17: Пр. Основы медицинских знаний и спортивная медицина Тарасов А.В. 350мбк | J17: Пр. Правовые основы профессиональной деятельности Купцов Е.И. 401ауд.к.
C18: 16.40-18.10
A19: Среда | B19: =B14+1 -> 46288 | C19: 8.50-10.20 | E19: Пр. Основы медицинских знаний и спортивная медицина Тарасов А.В. 342мбк | F19: Пр. Массаж Власова Н.А. 346мбк | I19: Пр. Теория и методика велосипедного спорта, триатлона, спортивной акробатики, прыжков на батуте, спортивной гимнастики, воздушно-силовой атлетики Прил.1 | J19: Пр. Теория и методика художественной гимнастики, эстетической гимнастики, спортивной аэробики, фитнес аэробики Прил.1
C20: 10.40-12.10 | E20: Пр. Массаж Власова Н.А. 346мбк | F20: Пр. Основы медицинских знаний и спортивная медицина Тарасов А.В. 342мбк | I20: Пр. Теория и методика велосипедного спорта, триатлона, спортивной акробатики, прыжков на батуте, спортивной гимнастики, воздушно-силовой атлетики Прил.1 | J20: Пр. Теория и методика художественной гимнастики, эстетической гимнастики, спортивной аэробики, фитнес аэробики Прил.1
C21: 13.00-14.30 | D21: Л. Основы медицинских знаний и спортивная медицина Тарасов А.В. 220 ауд.к. | E21: Л. Основы медицинских знаний и спортивная медицина Тарасов А.В. 220 ауд.к. | F21: Л. Основы медицинских знаний и спортивная медицина Тарасов А.В. 220 ауд.к. | G21: Л. Основы медицинских знаний и спортивная медицина Тарасов А.В. 220 ауд.к. | H21: Л. Основы медицинских знаний и спортивная медицина Тарасов А.В. 220 ауд.к. | I21: Л. Основы медицинских знаний и спортивная медицина Тарасов А.В. 220 ауд.к. | J21: Л. Основы медицинских знаний и спортивная медицина Тарасов А.В. 220 ауд.к.
C22: 14.50-16.20 | D22: Л. Массаж Саламатов М.Б. 220 ауд.к. | E22: Л. Массаж Саламатов М.Б. 220 ауд.к. | F22: Л. Массаж Саламатов М.Б. 220 ауд.к. | G22: Л. Массаж Саламатов М.Б. 220 ауд.к. | H22: Л. Массаж Саламатов М.Б. 220 ауд.к. | I22: Л. Массаж Саламатов М.Б. 220 ауд.к. | J22: Л. Массаж Саламатов М.Б. 220 ауд.к.
C23: 16.40-18.10
A24: Четверг | B24: =B19+1 -> 46289 | C24: 8.50-10.20 | D24: Л. Теория и методика танцевального спорта, чир спорта Прил. 1 | E24: Пр. Спортивная метрология Тарханов И.В. 68мбк | F24: Л. Теория и методика легкой атлетики Прил.1 | G24: Пр. Основы медицинских знаний и спортивная медицина Тарасов А.В. 342мбк | H24: Пр. Массаж Ларин А.В. 346мбк | I24: Пр. Теория и методика велосипедного спорта, триатлона, спортивной акробатики, прыжков на батуте, спортивной гимнастики, воздушно-силовой атлетики Прил.1 | J24: Пр. Теория и методика художественной гимнастики, эстетической гимнастики, спортивной аэробики, фитнес аэробики Прил.1
C25: 10.40-12.10 | D25: Пр. Теория и методика танцевального спорта, чир спорта Прил. 1 | E25: Пр. Теория и методика фигурного катания на коньках, конькобежного спорта, шорт-трек, кёрлинга Прил.1 | F25: Пр. Массаж Власова Н.А. 346мбк | G25: Пр. Спортивная метрология Тарханов И.В. 68мбк | H25: Пр. Основы медицинских знаний и спортивная медицина Тарасов А.В. 342мбк | I25: Пр. Теория и методика велосипедного спорта, триатлона, спортивной акробатики, прыжков на батуте, спортивной гимнастики, воздушно-силовой атлетики Прил.1 | J25: Пр. Теория и методика художественной гимнастики, эстетической гимнастики, спортивной аэробики, фитнес аэробики Прил.1
C26: 13.00-14.30 | D26: Пр. Основы медицинских знаний и спортивная медицина Тарасов А.В. 445мбк | F26: Пр. Правовые основы профессиональной деятельности Купцов Е.И. 401 ауд.к. | G26: Пр. Массаж Власова Н.А. 346мбк | H26: Пр. Теория и методика гребного и парусного видов спорта, Пр. Теория и методика циклических и сложнокоординационных видов лыжного спорта Прил.1
C27: 14.50-16.20 | D27: Пр. Массаж Власова Н.А. 346мбк | F27: Пр. Основы медицинских знаний и спортивная медицина Тарасов А.В. 445мбк | H27: Пр. Теория и методика гребного и парусного видов спорта, Пр. Теория и методика циклических и сложнокоординационных видов лыжного спорта Прил.1
C28: 16.40-18.10
A29: Пятница | B29: =B24+1 -> 46290 | C29: 8.50-10.20 | D29: Пр. Теория и методика танцевального спорта, чир спорта Прил. 1 | F29: Пр. Спортивная метрология Тарханов И.В. 68мбк | H29: Пр. Массаж Ларин А.В. 346мбк | J29: Пр. Основы медицинских знаний и спортивная медицина Тарасов А.В. 350мбк
C30: 10.40-12.10 | D30: Пр. Теория и методика танцевального спорта, чир спорта Прил. 1 | E30: Пр. Теория и методика фигурного катания на коньках, конькобежного спорта, шорт-трек, кёрлинга Прил.1 | F30: Пр. Теория и методика легкой атлетики Прил.1 | G30: Пр. Правовые основы профессиональной деятельности Купцов Е.И. 401 ауд.к. | H30: Пр. Спортивная метрология Фураев А.Н. 68мбк | J30: Пр. Массаж Саламатов М.Б. 346мбк
C31: 13.00-14.30 | D31: Пр. Спортивная метрология Тарханов И.В. 69мбк | E31: Пр. Теория и методика фигурного катания на коньках, конькобежного спорта, шорт-трек, кёрлинга Прил.1 | F31: Пр. Теория и методика легкой атлетики Прил.1 | G31: Пр. Теория и методика плавания, синхронного плавания Прил. 1 | H31: Пр. Теория и методика гребного и парусного видов спорта, Пр. Теория и методика циклических и сложнокоординационных видов лыжного спорта Прил.1 | I31: Пр. Основы медицинских знаний и спортивная медицина Тарасов А.В. 350мбк
C32: 14.50-16.20 | G32: Пр. Теория и методика плавания, синхронного плавания Прил. 1 | H32: Пр. Теория и методика гребного и парусного видов спорта, Пр. Теория и методика циклических и сложнокоординационных видов лыжного спорта Прил.1 | I32: Пр. Массаж Саламатов М.Б. 346мбк
C33: 16.40-18.10
A34: Суббота | B34: =B29+1 -> 46291 | C34: 8.50-10.20
C35: 10.40-12.10
C36: 13.00-14.30
C37: 14.50-16.20
C38: 16.40-18.10
D39: * Профили (направленность) указанны на титульном листе
C40: ='01.09'!C40 -> *Л. Основы медицинских знаний и спортивная медицина* | D40: ='14.09'!D40+COUNTIF(D$9:D$38,$C40) -> 4 | E40: ='14.09'!E40+COUNTIF(E$9:E$38,$C40) -> 4 | F40: ='14.09'!F40+COUNTIF(F$9:F$38,$C40) -> 4 | G40: ='14.09'!G40+COUNTIF(G$9:G$38,$C40) -> 4 | H40: ='14.09'!H40+COUNTIF(H$9:H$38,$C40) -> 4 | I40: ='14.09'!I40+COUNTIF(I$9:I$38,$C40) -> 4 | J40: ='14.09'!J40+COUNTIF(J$9:J$38,$C40) -> 4
C41: ='01.09'!C41 -> *Пр. Основы медицинских знаний и спортивная медицина* | D41: ='14.09'!D41+COUNTIF(D$9:D$38,$C41) -> 7 | E41: ='14.09'!E41+COUNTIF(E$9:E$38,$C41) -> 7 | F41: ='14.09'!F41+COUNTIF(F$9:F$38,$C41) -> 7 | G41: ='14.09'!G41+COUNTIF(G$9:G$38,$C41) -> 4 | H41: ='14.09'!H41+COUNTIF(H$9:H$38,$C41) -> 7 | I41: ='14.09'!I41+COUNTIF(I$9:I$38,$C41) -> 7 | J41: ='14.09'!J41+COUNTIF(J$9:J$38,$C41) -> 7
C42: ='01.09'!C42 -> *Л. Массаж* | D42: ='14.09'!D42+COUNTIF(D$9:D$38,$C42) -> 4 | E42: ='14.09'!E42+COUNTIF(E$9:E$38,$C42) -> 4 | F42: ='14.09'!F42+COUNTIF(F$9:F$38,$C42) -> 4 | G42: ='14.09'!G42+COUNTIF(G$9:G$38,$C42) -> 4 | H42: ='14.09'!H42+COUNTIF(H$9:H$38,$C42) -> 4 | I42: ='14.09'!I42+COUNTIF(I$9:I$38,$C42) -> 4 | J42: ='14.09'!J42+COUNTIF(J$9:J$38,$C42) -> 4
C43: ='01.09'!C43 -> *Пр. Массаж* | D43: ='14.09'!D43+COUNTIF(D$9:D$38,$C43) -> 7 | E43: ='14.09'!E43+COUNTIF(E$9:E$38,$C43) -> 6 | F43: ='14.09'!F43+COUNTIF(F$9:F$38,$C43) -> 7 | G43: ='14.09'!G43+COUNTIF(G$9:G$38,$C43) -> 7 | H43: ='14.09'!H43+COUNTIF(H$9:H$38,$C43) -> 8 | I43: ='14.09'!I43+COUNTIF(I$9:I$38,$C43) -> 7 | J43: ='14.09'!J43+COUNTIF(J$9:J$38,$C43) -> 7
C44: ='01.09'!C44 -> *Л. Правовые основы профессиональной деятельности* | D44: ='14.09'!D44+COUNTIF(D$9:D$38,$C44) -> 4 | E44: ='14.09'!E44+COUNTIF(E$9:E$38,$C44) -> 4 | F44: ='14.09'!F44+COUNTIF(F$9:F$38,$C44) -> 4 | G44: ='14.09'!G44+COUNTIF(G$9:G$38,$C44) -> 4 | H44: ='14.09'!H44+COUNTIF(H$9:H$38,$C44) -> 4 | I44: ='14.09'!I44+COUNTIF(I$9:I$38,$C44) -> 4 | J44: ='14.09'!J44+COUNTIF(J$9:J$38,$C44) -> 4
C45: ='01.09'!C45 -> *Пр. Правовые основы профессиональной деятельности* | D45: ='14.09'!D45+COUNTIF(D$9:D$38,$C45) -> 3 | E45: ='14.09'!E45+COUNTIF(E$9:E$38,$C45) -> 4 | F45: ='14.09'!F45+COUNTIF(F$9:F$38,$C45) -> 4 | G45: ='14.09'!G45+COUNTIF(G$9:G$38,$C45) -> 4 | H45: ='14.09'!H45+COUNTIF(H$9:H$38,$C45) -> 3 | I45: ='14.09'!I45+COUNTIF(I$9:I$38,$C45) -> 3 | J45: ='14.09'!J45+COUNTIF(J$9:J$38,$C45) -> 4
C46: ='01.09'!C46 -> *Л. Теория и методика* | D46: ='14.09'!D46+COUNTIF(D$9:D$38,$C46) -> 3 | E46: ='14.09'!E46+COUNTIF(E$9:E$38,$C46) -> 3 | F46: ='14.09'!F46+COUNTIF(F$9:F$38,$C46) -> 3 | G46: ='14.09'!G46+COUNTIF(G$9:G$38,$C46) -> 3 | H46: ='14.09'!H46+COUNTIF(H$9:H$38,$C46) -> 3 | I46: ='14.09'!I46+COUNTIF(I$9:I$38,$C46) -> 3 | J46: ='14.09'!J46+COUNTIF(J$9:J$38,$C46) -> 3
C47: ='01.09'!C47 -> *Пр. Теория и методика* | D47: ='14.09'!D47+COUNTIF(D$9:D$38,$C47) -> 16 | E47: ='14.09'!E47+COUNTIF(E$9:E$38,$C47) -> 16 | F47: ='14.09'!F47+COUNTIF(F$9:F$38,$C47) -> 15 | G47: ='14.09'!G47+COUNTIF(G$9:G$38,$C47) -> 16 | H47: ='14.09'!H47+COUNTIF(H$9:H$38,$C47) -> 18 | I47: ='14.09'!I47+COUNTIF(I$9:I$38,$C47) -> 18 | J47: ='14.09'!J47+COUNTIF(J$9:J$38,$C47) -> 18
C48: ='01.09'!C48 -> *Л. Спортивная метрология* | D48: ='14.09'!D48+COUNTIF(D$9:D$38,$C48) -> 4 | E48: ='14.09'!E48+COUNTIF(E$9:E$38,$C48) -> 4 | F48: ='14.09'!F48+COUNTIF(F$9:F$38,$C48) -> 4 | G48: ='14.09'!G48+COUNTIF(G$9:G$38,$C48) -> 4 | H48: ='14.09'!H48+COUNTIF(H$9:H$38,$C48) -> 4 | I48: ='14.09'!I48+COUNTIF(I$9:I$38,$C48) -> 4 | J48: ='14.09'!J48+COUNTIF(J$9:J$38,$C48) -> 4
C49: ='01.09'!C49 -> *Пр. Спортивная метрология* | D49: ='14.09'!D49+COUNTIF(D$9:D$38,$C49) -> 4 | E49: ='14.09'!E49+COUNTIF(E$9:E$38,$C49) -> 4 | F49: ='14.09'!F49+COUNTIF(F$9:F$38,$C49) -> 4 | G49: ='14.09'!G49+COUNTIF(G$9:G$38,$C49) -> 4 | H49: ='14.09'!H49+COUNTIF(H$9:H$38,$C49) -> 4 | I49: ='14.09'!I49+COUNTIF(I$9:I$38,$C49) -> 3 | J49: ='14.09'!J49+COUNTIF(J$9:J$38,$C49) -> 3
C50: ='01.09'!C50 -> *Л. Теория и методика циклических и сложнокоординационных* | D50: ='14.09'!D50+COUNTIF(D$9:D$38,$C50) -> 0 | E50: ='14.09'!E50+COUNTIF(E$9:E$38,$C50) -> 0 | F50: ='14.09'!F50+COUNTIF(F$9:F$38,$C50) -> 0 | G50: ='14.09'!G50+COUNTIF(G$9:G$38,$C50) -> 0 | H50: ='14.09'!H50+COUNTIF(H$9:H$38,$C50) -> 3 | I50: ='14.09'!I50+COUNTIF(I$9:I$38,$C50) -> 0 | J50: ='14.09'!J50+COUNTIF(J$9:J$38,$C50) -> 0
C51: ='01.09'!C51 -> *Пр. Теория и методика циклических и сложнокоординационных* | D51: ='14.09'!D51+COUNTIF(D$9:D$38,$C51) -> 0 | E51: ='14.09'!E51+COUNTIF(E$9:E$38,$C51) -> 0 | F51: ='14.09'!F51+COUNTIF(F$9:F$38,$C51) -> 0 | G51: ='14.09'!G51+COUNTIF(G$9:G$38,$C51) -> 0 | H51: ='14.09'!H51+COUNTIF(H$9:H$38,$C51) -> 22 | I51: ='14.09'!I51+COUNTIF(I$9:I$38,$C51) -> 0 | J51: ='14.09'!J51+COUNTIF(J$9:J$38,$C51) -> 0
... C66: ='01.09'!C66 -> 0 | D66: ='14.09'!D66+COUNTIF(D$9:D$38,$C66) -> 0 | E66: ='14.09'!E66+COUNTIF(E$9:E$38,$C66) -> 0 | F66: ='14.09'!F66+COUNTIF(F$9:F$38,$C66) -> 0 | G66: ='14.09'!G66+COUNTIF(G$9:G$38,$C66) -> 0 | H66: ='14.09'!H66+COUNTIF(H$9:H$38,$C66) -> 0 | I66: ='14.09'!I66+COUNTIF(I$9:I$38,$C66) -> 0 | J66: ='14.09'!J66+COUNTIF(J$9:J$38,$C66) -> 0

Sheet 28.09
B1: Расписание учебных занятий на первое полугодие 2026-2027 учебного года
B2: ТРЕНЕРСКИЙ ФАКУЛЬТЕТ, направление подготовки (образовательная программа)
A3: 49.03.04 Спорт*
B4: Курс 4, семестр 7, очная форма обучения
B5: группы С3-10-23, С3-11-23, С3-12-23, С3-13-23, С3-14-23, С3-15-23, С3-16-23
A7: День недели | B7: Дата | C7: Время | D7: 10 группа | E7: 11 группа | F7: 12 группа | G7: 13 группа | H7: 14 группа | I7: 15 группа | J7: 16 группа
D8: танцевальный спорт, чир спорт | E8: фигурное катание на коньках, конькобежный спорт, шорт-трек, кёрлинг | F8: легкая атлетика | G8: плавание, синхронное плавание | H8: гребные и парусные виды спорта, циклические и сложнокоординационные виды лыжного спорта | I8: велосипедный спорт, триатлон, спортивная акробатика, прыжки на батуте, спортивная гимнастика, воздушно-силовая атлетика | J8: художественная гимнастика, эстетическая гимнастика, спортивная аэробика, фитнес аэробика
A9: Понедельник | B9: 46293 | C9: 8.50-10.20 | E9: Пр. Массаж Власова Н.А. 346мбк | H9: Пр. Основы медицинских знаний и спортивная медицина Тарасов А.В. 350мбк | I9: Пр. Теория и методика велосипедного спорта, триатлона, спортивной акробатики, прыжков на батуте, спортивной гимнастики, воздушно-силовой атлетики Прил.1 | J9: Пр. Теория и методика художественной гимнастики, эстетической гимнастики, спортивной аэробики, фитнес аэробики Прил.1
C10: 10.40-12.10 | E10: Пр. Основы медицинских знаний и спортивная медицина Тарасов А.В. 350мбк | F10: Пр. Теория и методика легкой атлетики Прил.1 | G10: Пр. Массаж Власова Н.А. 346мбк | H10: Пр. Правовые основы профессиональной деятельности Купцов Е.И. 401ауд.к. | I10: Пр. Теория и методика велосипедного спорта, триатлона, спортивной акробатики, прыжков на батуте, спортивной гимнастики, воздушно-силовой атлетики Прил.1 | J10: Пр. Теория и методика художественной гимнастики, эстетической гимнастики, спортивной аэробики, фитнес аэробики Прил.1
C11: 13.00-14.30 | D11: Пр. Основы медицинских знаний и спортивная медицина Тарасов А.В. 439мбк | E11: Пр. Правовые основы профессиональной деятельности Купцов Е.И. 401ауд.к. | F11: Пр. Теория и методика легкой атлетики Прил.1 | G11: Пр. Теория и методика плавания, синхронного плавания Прил. 1 | I11: Пр. Массаж Саламатов М.Б. 346мбк | J11: Пр. Спортивная метрология Тарханов И.В. 68мбк
C12: 14.50-16.20 | D12: Пр. Правовые основы профессиональной деятельности Купцов Е.И. 401ауд.к. | G12: Пр. Теория и методика плавания, синхронного плавания Прил. 1 | I12: Пр. Спортивная метрология Фураев А.Н. 68мбк | J12: Пр. Массаж Саламатов М.Б. 346мбк
C13: 16.40-18.10
A14: Вторник | B14: =B9+1 -> 46294 | C14: 8.50-10.20 | D14: Л. Спортивная метрология Тарханов И.В. 220 ауд.к. | E14: Л. Спортивная метрология Тарханов И.В. 220 ауд.к. | F14: Л. Спортивная метрология Тарханов И.В. 220 ауд.к. | G14: Л. Спортивная метрология Тарханов И.В. 220 ауд.к. | H14: Л. Спортивная метрология Тарханов И.В. 220 ауд.к. | I14: Л. Спортивная метрология Тарханов И.В. 220 ауд.к. | J14: Л. Спортивная метрология Тарханов И.В. 220 ауд.к.
C15: 10.40-12.10 | D15: Л. Правовые основы профессиональной деятельности Купцов Е.И. 220 ауд.к. | E15: Л. Правовые основы профессиональной деятельности Купцов Е.И. 220 ауд.к. | F15: Л. Правовые основы профессиональной деятельности Купцов Е.И. 220 ауд.к. | G15: Л. Правовые основы профессиональной деятельности Купцов Е.И. 220 ауд.к. | H15: Л. Правовые основы профессиональной деятельности Купцов Е.И. 220 ауд.к. | I15: Л. Правовые основы профессиональной деятельности Купцов Е.И. 220 ауд.к. | J15: Л. Правовые основы профессиональной деятельности Купцов Е.И. 220 ауд.к.
C16: 13.00-14.30 | D16: Пр. Массаж Власова Н.А. 346мбк | E16: Пр. Теория и методика фигурного катания на коньках, конькобежного спорта, шорт-трек, кёрлинга Прил.1 | G16: Пр. Теория и методика плавания, синхронного плавания Прил. 1 | H16: Пр. Теория и методика гребного и парусного видов спорта, Пр. Теория и методика циклических и сложнокоординационных видов лыжного спорта Прил.1 | I16: Пр. Правовые основы профессиональной деятельности Купцов Е.И. 401ауд.к. | J16: Пр. Основы медицинских знаний и спортивная медицина Тарасов А.В. 350мбк
C17: 14.50-16.20 | D17: Пр. Теория и методика танцевального спорта, чир спорта Прил. 1 | E17: Пр. Теория и методика фигурного катания на коньках, конькобежного спорта, шорт-трек, кёрлинга Прил.1 | G17: Пр. Теория и методика плавания, синхронного плавания Прил. 1 | H17: Пр. Теория и методика гребного и парусного видов спорта, Пр. Теория и методика циклических и сложнокоординационных видов лыжного спорта Прил.1 | I17: Пр. Основы медицинских знаний и спортивная медицина Тарасов А.В. 350мбк | J17: Пр. Правовые основы профессиональной деятельности Купцов Е.И. 401ауд.к.
C18: 16.40-18.10
A19: Среда | B19: =B14+1 -> 46295 | C19: 8.50-10.20 | E19: Пр. Основы медицинских знаний и спортивная медицина Тарасов А.В. 342мбк | F19: Пр. Массаж Власова Н.А. 346мбк | I19: Пр. Теория и методика велосипедного спорта, триатлона, спортивной акробатики, прыжков на батуте, спортивной гимнастики, воздушно-силовой атлетики Прил.1 | J19: Пр. Теория и методика художественной гимнастики, эстетической гимнастики, спортивной аэробики, фитнес аэробики Прил.1
C20: 10.40-12.10 | E20: Пр. Массаж Власова Н.А. 346мбк | F20: Пр. Основы медицинских знаний и спортивная медицина Тарасов А.В. 342мбк | I20: Пр. Теория и методика велосипедного спорта, триатлона, спортивной акробатики, прыжков на батуте, спортивной гимнастики, воздушно-силовой атлетики Прил.1 | J20: Пр. Теория и методика художественной гимнастики, эстетической гимнастики, спортивной аэробики, фитнес аэробики Прил.1
C21: 13.00-14.30 | D21: Л. Основы медицинских знаний и спортивная медицина Тарасов А.В. 220 ауд.к. | E21: Л. Основы медицинских знаний и спортивная медицина Тарасов А.В. 220 ауд.к. | F21: Л. Основы медицинских знаний и спортивная медицина Тарасов А.В. 220 ауд.к. | G21: Л. Основы медицинских знаний и спортивная медицина Тарасов А.В. 220 ауд.к. | H21: Л. Основы медицинских знаний и спортивная медицина Тарасов А.В. 220 ауд.к. | I21: Л. Основы медицинских знаний и спортивная медицина Тарасов А.В. 220 ауд.к. | J21: Л. Основы медицинских знаний и спортивная медицина Тарасов А.В. 220 ауд.к.
C22: 14.50-16.20 | D22: Л. Массаж Саламатов М.Б. 220 ауд.к. | E22: Л. Массаж Саламатов М.Б. 220 ауд.к. | F22: Л. Массаж Саламатов М.Б. 220 ауд.к. | G22: Л. Массаж Саламатов М.Б. 220 ауд.к. | H22: Л. Массаж Саламатов М.Б. 220 ауд.к. | I22: Л. Массаж Саламатов М.Б. 220 ауд.к. | J22: Л. Массаж Саламатов М.Б. 220 ауд.к.
C23: 16.40-18.10
A24: Четверг | B24: =B19+1 -> 46296 | C24: 8.50-10.20 | D24: Пр. Теория и методика танцевального спорта, чир спорта Прил. 1 | E24: Пр. Спортивная метрология Тарханов И.В. 68мбк | F24: Пр. Теория и методика легкой атлетики Прил.1 | G24: Пр. Основы медицинских знаний и спортивная медицина Тарасов А.В. 342мбк | H24: Пр. Массаж Ларин А.В. 346мбк | I24: Пр. Теория и методика велосипедного спорта, триатлона, спортивной акробатики, прыжков на батуте, спортивной гимнастики, воздушно-силовой атлетики Прил.1 | J24: Пр. Теория и методика художественной гимнастики, эстетической гимнастики, спортивной аэробики, фитнес аэробики Прил.1
C25: 10.40-12.10 | D25: Пр. Теория и методика танцевального спорта, чир спорта Прил. 1 | E25: Пр. Теория и методика фигурного катания на коньках, конькобежного спорта, шорт-трек, кёрлинга Прил.1 | F25: Пр. Массаж Власова Н.А. 346мбк | G25: Пр. Спортивная метрология Тарханов И.В. 68мбк | H25: Пр. Основы медицинских знаний и спортивная медицина Тарасов А.В. 342мбк | I25: Пр. Теория и методика велосипедного спорта, триатлона, спортивной акробатики, прыжков на батуте, спортивной гимнастики, воздушно-силовой атлетики Прил.1 | J25: Пр. Теория и методика художественной гимнастики, эстетической гимнастики, спортивной аэробики, фитнес аэробики Прил.1
C26: 13.00-14.30 | D26: Пр. Основы медицинских знаний и спортивная медицина Тарасов А.В. 445мбк | F26: Пр. Правовые основы профессиональной деятельности Купцов Е.И. 401 ауд.к. | G26: Пр. Массаж Власова Н.А. 346мбк | H26: Пр. Теория и методика гребного и парусного видов спорта, Пр. Теория и методика циклических и сложнокоординационных видов лыжного спорта Прил.1
C27: 14.50-16.20 | D27: Пр. Массаж Власова Н.А. 346мбк | F27: Пр. Основы медицинских знаний и спортивная медицина Тарасов А.В. 445мбк | H27: Пр. Теория и методика гребного и парусного видов спорта, Пр. Теория и методика циклических и сложнокоординационных видов лыжного спорта Прил.1
C28: 16.40-18.10
A29: Пятница | B29: =B24+1 -> 46297 | C29: 8.50-10.20 | D29: Пр. Теория и методика танцевального спорта, чир спорта Прил. 1 | F29: Пр. Спортивная метрология Тарханов И.В. 68мбк | H29: Пр. Массаж Ларин А.В. 346мбк | J29: Пр. Основы медицинских знаний и спортивная медицина Тарасов А.В. 350мбк
C30: 10.40-12.10 | D30: Пр. Теория и методика танцевального спорта, чир спорта Прил. 1 | E30: Пр. Теория и методика фигурного катания на коньках, конькобежного спорта, шорт-трек, кёрлинга Прил.1 | F30: Пр. Теория и методика легкой атлетики Прил.1 | G30: Пр. Правовые основы профессиональной деятельности Купцов Е.И. 401 ауд.к. | H30: Пр. Спортивная метрология Фураев А.Н. 68мбк | J30: Пр. Массаж Саламатов М.Б. 346мбк
C31: 13.00-14.30 | D31: Пр. Спортивная метрология Тарханов И.В. 69мбк | E31: Пр. Теория и методика фигурного катания на коньках, конькобежного спорта, шорт-трек, кёрлинга Прил.1 | F31: Пр. Теория и методика легкой атлетики Прил.1 | G31: Пр. Теория и методика плавания, синхронного плавания Прил. 1 | H31: Пр. Теория и методика гребного и парусного видов спорта, Пр. Теория и методика циклических и сложнокоординационных видов лыжного спорта Прил.1 | I31: Пр. Основы медицинских знаний и спортивная медицина Тарасов А.В. 350мбк
C32: 14.50-16.20 | G32: Пр. Теория и методика плавания, синхронного плавания Прил. 1 | H32: Пр. Теория и методика гребного и парусного видов спорта, Л. Теория и методика циклических и сложнокоординационных видов лыжного спорта Прил.1 | I32: Пр. Массаж Саламатов М.Б. 346мбк
C33: 16.40-18.10
A34: Суббота | B34: =B29+1 -> 46298 | C34: 8.50-10.20
C35: 10.40-12.10
C36: 13.00-14.30
C37: 14.50-16.20
C38: 16.40-18.10
D39: * Профили (направленность) указанны на титульном листе
C40: ='01.09'!C40 -> *Л. Основы медицинских знаний и спортивная медицина* | D40: ='21.09'!D40+COUNTIF(D$9:D$38,$C40) -> 5 | E40: ='21.09'!E40+COUNTIF(E$9:E$38,$C40) -> 5 | F40: ='21.09'!F40+COUNTIF(F$9:F$38,$C40) -> 5 | G40: ='21.09'!G40+COUNTIF(G$9:G$38,$C40) -> 5 | H40: ='21.09'!H40+COUNTIF(H$9:H$38,$C40) -> 5 | I40: ='21.09'!I40+COUNTIF(I$9:I$38,$C40) -> 5 | J40: ='21.09'!J40+COUNTIF(J$9:J$38,$C40) -> 5
C41: ='01.09'!C41 -> *Пр. Основы медицинских знаний и спортивная медицина* | D41: ='21.09'!D41+COUNTIF(D$9:D$38,$C41) -> 9 | E41: ='21.09'!E41+COUNTIF(E$9:E$38,$C41) -> 9 | F41: ='21.09'!F41+COUNTIF(F$9:F$38,$C41) -> 9 | G41: ='21.09'!G41+COUNTIF(G$9:G$38,$C41) -> 5 | H41: ='21.09'!H41+COUNTIF(H$9:H$38,$C41) -> 9 | I41: ='21.09'!I41+COUNTIF(I$9:I$38,$C41) -> 9 | J41: ='21.09'!J41+COUNTIF(J$9:J$38,$C41) -> 9
C42: ='01.09'!C42 -> *Л. Массаж* | D42: ='21.09'!D42+COUNTIF(D$9:D$38,$C42) -> 5 | E42: ='21.09'!E42+COUNTIF(E$9:E$38,$C42) -> 5 | F42: ='21.09'!F42+COUNTIF(F$9:F$38,$C42) -> 5 | G42: ='21.09'!G42+COUNTIF(G$9:G$38,$C42) -> 5 | H42: ='21.09'!H42+COUNTIF(H$9:H$38,$C42) -> 5 | I42: ='21.09'!I42+COUNTIF(I$9:I$38,$C42) -> 5 | J42: ='21.09'!J42+COUNTIF(J$9:J$38,$C42) -> 5
C43: ='01.09'!C43 -> *Пр. Массаж* | D43: ='21.09'!D43+COUNTIF(D$9:D$38,$C43) -> 9 | E43: ='21.09'!E43+COUNTIF(E$9:E$38,$C43) -> 8 | F43: ='21.09'!F43+COUNTIF(F$9:F$38,$C43) -> 9 | G43: ='21.09'!G43+COUNTIF(G$9:G$38,$C43) -> 9 | H43: ='21.09'!H43+COUNTIF(H$9:H$38,$C43) -> 10 | I43: ='21.09'!I43+COUNTIF(I$9:I$38,$C43) -> 9 | J43: ='21.09'!J43+COUNTIF(J$9:J$38,$C43) -> 9
C44: ='01.09'!C44 -> *Л. Правовые основы профессиональной деятельности* | D44: ='21.09'!D44+COUNTIF(D$9:D$38,$C44) -> 5 | E44: ='21.09'!E44+COUNTIF(E$9:E$38,$C44) -> 5 | F44: ='21.09'!F44+COUNTIF(F$9:F$38,$C44) -> 5 | G44: ='21.09'!G44+COUNTIF(G$9:G$38,$C44) -> 5 | H44: ='21.09'!H44+COUNTIF(H$9:H$38,$C44) -> 5 | I44: ='21.09'!I44+COUNTIF(I$9:I$38,$C44) -> 5 | J44: ='21.09'!J44+COUNTIF(J$9:J$38,$C44) -> 5
C45: ='01.09'!C45 -> *Пр. Правовые основы профессиональной деятельности* | D45: ='21.09'!D45+COUNTIF(D$9:D$38,$C45) -> 4 | E45: ='21.09'!E45+COUNTIF(E$9:E$38,$C45) -> 5 | F45: ='21.09'!F45+COUNTIF(F$9:F$38,$C45) -> 5 | G45: ='21.09'!G45+COUNTIF(G$9:G$38,$C45) -> 5 | H45: ='21.09'!H45+COUNTIF(H$9:H$38,$C45) -> 4 | I45: ='21.09'!I45+COUNTIF(I$9:I$38,$C45) -> 4 | J45: ='21.09'!J45+COUNTIF(J$9:J$38,$C45) -> 5
C46: ='01.09'!C46 -> *Л. Теория и методика* | D46: ='21.09'!D46+COUNTIF(D$9:D$38,$C46) -> 3 | E46: ='21.09'!E46+COUNTIF(E$9:E$38,$C46) -> 3 | F46: ='21.09'!F46+COUNTIF(F$9:F$38,$C46) -> 3 | G46: ='21.09'!G46+COUNTIF(G$9:G$38,$C46) -> 3 | H46: ='21.09'!H46+COUNTIF(H$9:H$38,$C46) -> 3 | I46: ='21.09'!I46+COUNTIF(I$9:I$38,$C46) -> 3 | J46: ='21.09'!J46+COUNTIF(J$9:J$38,$C46) -> 3
C47: ='01.09'!C47 -> *Пр. Теория и методика* | D47: ='21.09'!D47+COUNTIF(D$9:D$38,$C47) -> 21 | E47: ='21.09'!E47+COUNTIF(E$9:E$38,$C47) -> 21 | F47: ='21.09'!F47+COUNTIF(F$9:F$38,$C47) -> 20 | G47: ='21.09'!G47+COUNTIF(G$9:G$38,$C47) -> 22 | H47: ='21.09'!H47+COUNTIF(H$9:H$38,$C47) -> 24 | I47: ='21.09'!I47+COUNTIF(I$9:I$38,$C47) -> 24 | J47: ='21.09'!J47+COUNTIF(J$9:J$38,$C47) -> 24
C48: ='01.09'!C48 -> *Л. Спортивная метрология* | D48: ='21.09'!D48+COUNTIF(D$9:D$38,$C48) -> 5 | E48: ='21.09'!E48+COUNTIF(E$9:E$38,$C48) -> 5 | F48: ='21.09'!F48+COUNTIF(F$9:F$38,$C48) -> 5 | G48: ='21.09'!G48+COUNTIF(G$9:G$38,$C48) -> 5 | H48: ='21.09'!H48+COUNTIF(H$9:H$38,$C48) -> 5 | I48: ='21.09'!I48+COUNTIF(I$9:I$38,$C48) -> 5 | J48: ='21.09'!J48+COUNTIF(J$9:J$38,$C48) -> 5
C49: ='01.09'!C49 -> *Пр. Спортивная метрология* | D49: ='21.09'!D49+COUNTIF(D$9:D$38,$C49) -> 5 | E49: ='21.09'!E49+COUNTIF(E$9:E$38,$C49) -> 5 | F49: ='21.09'!F49+COUNTIF(F$9:F$38,$C49) -> 5 | G49: ='21.09'!G49+COUNTIF(G$9:G$38,$C49) -> 5 | H49: ='21.09'!H49+COUNTIF(H$9:H$38,$C49) -> 5 | I49: ='21.09'!I49+COUNTIF(I$9:I$38,$C49) -> 4 | J49: ='21.09'!J49+COUNTIF(J$9:J$38,$C49) -> 4
C50: ='01.09'!C50 -> *Л. Теория и методика циклических и сложнокоординационных* | D50: ='21.09'!D50+COUNTIF(D$9:D$38,$C50) -> 0 | E50: ='21.09'!E50+COUNTIF(E$9:E$38,$C50) -> 0 | F50: ='21.09'!F50+COUNTIF(F$9:F$38,$C50) -> 0 | G50: ='21.09'!G50+COUNTIF(G$9:G$38,$C50) -> 0 | H50: ='21.09'!H50+COUNTIF(H$9:H$38,$C50) -> 4 | I50: ='21.09'!I50+COUNTIF(I$9:I$38,$C50) -> 0 | J50: ='21.09'!J50+COUNTIF(J$9:J$38,$C50) -> 0
C51: ='01.09'!C51 -> *Пр. Теория и методика циклических и сложнокоординационных* | D51: ='21.09'!D51+COUNTIF(D$9:D$38,$C51) -> 0 | E51: ='21.09'!E51+COUNTIF(E$9:E$38,$C51) -> 0 | F51: ='21.09'!F51+COUNTIF(F$9:F$38,$C51) -> 0 | G51: ='21.09'!G51+COUNTIF(G$9:G$38,$C51) -> 0 | H51: ='21.09'!H51+COUNTIF(H$9:H$38,$C51) -> 27 | I51: ='21.09'!I51+COUNTIF(I$9:I$38,$C51) -> 0 | J51: ='21.09'!J51+COUNTIF(J$9:J$38,$C51) -> 0
... C69: ='01.09'!C69 -> 0 | D69: ='21.09'!D69+COUNTIF(D$9:D$38,$C69) -> 0 | E69: ='21.09'!E69+COUNTIF(E$9:E$38,$C69) -> 0 | F69: ='21.09'!F69+COUNTIF(F$9:F$38,$C69) -> 0 | G69: ='21.09'!G69+COUNTIF(G$9:G$38,$C69) -> 0 | H69: ='21.09'!H69+COUNTIF(H$9:H$38,$C69) -> 0 | I69: ='21.09'!I69+COUNTIF(I$9:I$38,$C69) -> 0 | J69: ='21.09'!J69+COUNTIF(J$9:J$38,$C69) -> 0

Sheet 05.10
B1: Расписание учебных занятий на первое полугодие 2026-2027 учебного года
B2: ТРЕНЕРСКИЙ ФАКУЛЬТЕТ, направление подготовки (образовательная программа)
A3: 49.03.04 Спорт*
B4: Курс 4, семестр 7, очная форма обучения
B5: группы С3-10-23, С3-11-23, С3-12-23, С3-13-23, С3-14-23, С3-15-23, С3-16-23
A7: День недели | B7: Дата | C7: Время | D7: 10 группа | E7: 11 группа | F7: 12 группа | G7: 13 группа | H7: 14 группа | I7: 15 группа | J7: 16 группа
D8: танцевальный спорт, чир спорт | E8: фигурное катание на коньках, конькобежный спорт, шорт-трек, кёрлинг | F8: легкая атлетика | G8: плавание, синхронное плавание | H8: гребные и парусные виды спорта, циклические и сложнокоординационные виды лыжного спорта | I8: велосипедный спорт, триатлон, спортивная акробатика, прыжки на батуте, спортивная гимнастика, воздушно-силовая атлетика | J8: художественная гимнастика, эстетическая гимнастика, спортивная аэробика, фитнес аэробика
A9: Понедельник | B9: 46300 | C9: 8.50-10.20 | E9: Пр. Массаж Власова Н.А. 346мбк | H9: Пр. Основы медицинских знаний и спортивная медицина Тарасов А.В. 350мбк | I9: Пр. Теория и методика велосипедного спорта, триатлона, спортивной акробатики, прыжков на батуте, спортивной гимнастики, воздушно-силовой атлетики Прил.1 | J9: Пр. Теория и методика художественной гимнастики, эстетической гимнастики, спортивной аэробики, фитнес аэробики Прил.1
C10: 10.40-12.10 | E10: Пр. Основы медицинских знаний и спортивная медицина Тарасов А.В. 350мбк | F10: Пр. Теория и методика легкой атлетики Прил.1 | G10: Пр. Массаж Власова Н.А. 346мбк | H10: Пр. Правовые основы профессиональной деятельности Купцов Е.И. 401ауд.к. | I10: Пр. Теория и методика велосипедного спорта, триатлона, спортивной акробатики, прыжков на батуте, спортивной гимнастики, воздушно-силовой атлетики Прил.1 | J10: Пр. Теория и методика художественной гимнастики, эстетической гимнастики, спортивной аэробики, фитнес аэробики Прил.1
C11: 13.00-14.30 | D11: Пр. Основы медицинских знаний и спортивная медицина Тарасов А.В. 439мбк | E11: Пр. Правовые основы профессиональной деятельности Купцов Е.И. 401ауд.к. | F11: Пр. Теория и методика легкой атлетики Прил.1 | G11: Пр. Теория и методика плавания, синхронного плавания Прил. 1 | I11: Пр. Массаж Саламатов М.Б. 346мбк | J11: Пр. Спортивная метрология Тарханов И.В. 68мбк
C12: 14.50-16.20 | D12: Пр. Правовые основы профессиональной деятельности Купцов Е.И. 401ауд.к. | G12: Пр. Теория и методика плавания, синхронного плавания Прил. 1 | I12: Пр. Спортивная метрология Фураев А.Н. 68мбк | J12: Пр. Массаж Саламатов М.Б. 346мбк
C13: 16.40-18.10
A14: Вторник | B14: =B9+1 -> 46301 | C14: 8.50-10.20
C15: 10.40-12.10 | G15: Пр. Основы медицинских знаний и спортивная медицина Тарасов А.В. 511 мбк
C16: 13.00-14.30 | D16: Пр. Массаж Власова Н.А. 346мбк | E16: Пр. Теория и методика фигурного катания на коньках, конькобежного спорта, шорт-трек, кёрлинга Прил.1 | G16: Пр. Теория и методика плавания, синхронного плавания Прил. 1 | H16: Пр. Теория и методика гребного и парусного видов спорта, Пр. Теория и методика циклических и сложнокоординационных видов лыжного спорта Прил.1 | I16: Пр. Правовые основы профессиональной деятельности Купцов Е.И. 401ауд.к. | J16: Пр. Основы медицинских знаний и спортивная медицина Тарасов А.В. 350мбк
C17: 14.50-16.20 | D17: Пр. Теория и методика танцевального спорта, чир спорта Прил. 1 | E17: Пр. Теория и методика фигурного катания на коньках, конькобежного спорта, шорт-трек, кёрлинга Прил.1 | G17: Пр. Теория и методика плавания, синхронного плавания Прил. 1 | H17: Пр. Теория и методика гребного и парусного видов спорта, Пр. Теория и методика циклических и сложнокоординационных видов лыжного спорта Прил.1 | I17: Пр. Основы медицинских знаний и спортивная медицина Тарасов А.В. 350мбк | J17: Пр. Правовые основы профессиональной деятельности Купцов Е.И. 401ауд.к.
C18: 16.40-18.10
A19: Среда | B19: =B14+1 -> 46302 | C19: 8.50-10.20 | E19: Пр. Основы медицинских знаний и спортивная медицина Тарасов А.В. 342мбк | F19: Пр. Массаж Власова Н.А. 346мбк | I19: Пр. Теория и методика велосипедного спорта, триатлона, спортивной акробатики, прыжков на батуте, спортивной гимнастики, воздушно-силовой атлетики Прил.1 | J19: Пр. Теория и методика художественной гимнастики, эстетической гимнастики, спортивной аэробики, фитнес аэробики Прил.1
C20: 10.40-12.10 | E20: Пр. Массаж Власова Н.А. 346мбк | F20: Пр. Основы медицинских знаний и спортивная медицина Тарасов А.В. 342мбк | I20: Л. Теория и методика велосипедного спорта, триатлона, спортивной акробатики, прыжков на батуте, спортивной гимнастики, воздушно-силовой атлетики Прил.1 | J20: Л. Теория и методика художественной гимнастики, эстетической гимнастики, спортивной аэробики, фитнес аэробики Прил.1
C21: 13.00-14.30 | D21: Л. Основы медицинских знаний и спортивная медицина Тарасов А.В. 220 ауд.к. | E21: Л. Основы медицинских знаний и спортивная медицина Тарасов А.В. 220 ауд.к. | F21: Л. Основы медицинских знаний и спортивная медицина Тарасов А.В. 220 ауд.к. | G21: Л. Основы медицинских знаний и спортивная медицина Тарасов А.В. 220 ауд.к. | H21: Л. Основы медицинских знаний и спортивная медицина Тарасов А.В. 220 ауд.к. | I21: Л. Основы медицинских знаний и спортивная медицина Тарасов А.В. 220 ауд.к. | J21: Л. Основы медицинских знаний и спортивная медицина Тарасов А.В. 220 ауд.к.
C22: 14.50-16.20 | D22: Л. Основы медицинских знаний и спортивная медицина Тарасов А.В. 220 ауд.к. | E22: Л. Основы медицинских знаний и спортивная медицина Тарасов А.В. 220 ауд.к. | F22: Л. Основы медицинских знаний и спортивная медицина Тарасов А.В. 220 ауд.к. | G22: Л. Основы медицинских знаний и спортивная медицина Тарасов А.В. 220 ауд.к. | H22: Л. Основы медицинских знаний и спортивная медицина Тарасов А.В. 220 ауд.к. | I22: Л. Основы медицинских знаний и спортивная медицина Тарасов А.В. 220 ауд.к. | J22: Л. Основы медицинских знаний и спортивная медицина Тарасов А.В. 220 ауд.к.
C23: 16.40-18.10
A24: Четверг | B24: =B19+1 -> 46303 | C24: 8.50-10.20 | D24: Пр. Теория и методика танцевального спорта, чир спорта Прил. 1 | E24: Пр. Спортивная метрология Тарханов И.В. 68мбк | F24: Пр. Теория и методика легкой атлетики Прил.1 | G24: Пр. Основы медицинских знаний и спортивная медицина Тарасов А.В. 342мбк | H24: Пр. Массаж Ларин А.В. 346мбк | I24: Пр. Теория и методика велосипедного спорта, триатлона, спортивной акробатики, прыжков на батуте, спортивной гимнастики, воздушно-силовой атлетики Прил.1 | J24: Пр. Теория и методика художественной гимнастики, эстетической гимнастики, спортивной аэробики, фитнес аэробики Прил.1
C25: 10.40-12.10 | D25: Пр. Теория и методика танцевального спорта, чир спорта Прил. 1 | E25: Пр. Теория и методика фигурного катания на коньках, конькобежного спорта, шорт-трек, кёрлинга Прил.1 | F25: Пр. Массаж Власова Н.А. 346мбк | G25: Пр. Спортивная метрология Тарханов И.В. 68мбк | H25: Пр. Основы медицинских знаний и спортивная медицина Тарасов А.В. 342мбк | I25: Пр. Теория и методика велосипедного спорта, триатлона, спортивной акробатики, прыжков на батуте, спортивной гимнастики, воздушно-силовой атлетики Прил.1 | J25: Пр. Теория и методика художественной гимнастики, эстетической гимнастики, спортивной аэробики, фитнес аэробики Прил.1
C26: 13.00-14.30 | D26: Пр. Основы медицинских знаний и спортивная медицина Тарасов А.В. 445мбк | F26: Пр. Правовые основы профессиональной деятельности Купцов Е.И. 401 ауд.к. | G26: Пр. Массаж Власова Н.А. 346мбк | H26: Пр. Теория и методика гребного и парусного видов спорта, Пр. Теория и методика циклических и сложнокоординационных видов лыжного спорта Прил.1
C27: 14.50-16.20 | D27: Пр. Массаж Власова Н.А. 346мбк | F27: Пр. Основы медицинских знаний и спортивная медицина Тарасов А.В. 445мбк | H27: Л. Теория и методика гребного и парусного видов спорта, Пр. Теория и методика циклических и сложнокоординационных видов лыжного спорта Прил.1
C28: 16.40-18.10
A29: Пятница | B29: =B24+1 -> 46304 | C29: 8.50-10.20 | D29: Пр. Теория и методика танцевального спорта, чир спорта Прил. 1 | F29: Пр. Спортивная метрология Тарханов И.В. 68мбк | H29: Пр. Массаж Ларин А.В. 346мбк | J29: Пр. Основы медицинских знаний и спортивная медицина Тарасов А.В. 350мбк
C30: 10.40-12.10 | D30: Пр. Теория и методика танцевального спорта, чир спорта Прил. 1 | E30: Пр. Теория и методика фигурного катания на коньках, конькобежного спорта, шорт-трек, кёрлинга Прил.1 | F30: Пр. Теория и методика легкой атлетики Прил.1 | G30: Пр. Правовые основы профессиональной деятельности Купцов Е.И. 401 ауд.к. | H30: Пр. Спортивная метрология Фураев А.Н. 68мбк | J30: Пр. Массаж Саламатов М.Б. 346мбк
C31: 13.00-14.30 | D31: Пр. Спортивная метрология Тарханов И.В. 69мбк | E31: Пр. Теория и методика фигурного катания на коньках, конькобежного спорта, шорт-трек, кёрлинга Прил.1 | F31: Пр. Теория и методика легкой атлетики Прил.1 | G31: Пр. Теория и методика плавания, синхронного плавания Прил. 1 | H31: Пр. Теория и методика гребного и парусного видов спорта, Пр. Теория и методика циклических и сложнокоординационных видов лыжного спорта Прил.1 | I31: Пр. Основы медицинских знаний и спортивная медицина Тарасов А.В. 350мбк
C32: 14.50-16.20 | G32: Л. Теория и методика плавания, синхронного плавания Прил. 1 | H32: Пр. Теория и методика гребного и парусного видов спорта, Пр. Теория и методика циклических и сложнокоординационных видов лыжного спорта Прил.1 | I32: Пр. Массаж Саламатов М.Б. 346мбк
C33: 16.40-18.10
A34: Суббота | B34: =B29+1 -> 46305 | C34: 8.50-10.20
C35: 10.40-12.10
C36: 13.00-14.30
C37: 14.50-16.20
C38: 14.50-16.20
D39: * Профили (направленность) указанны на титульном листе
C40: ='01.09'!C40 -> *Л. Основы медицинских знаний и спортивная медицина* | D40: ='28.09'!D40+COUNTIF(D$9:D$38,$C40) -> 7 | E40: ='28.09'!E40+COUNTIF(E$9:E$38,$C40) -> 7 | F40: ='28.09'!F40+COUNTIF(F$9:F$38,$C40) -> 7 | G40: ='28.09'!G40+COUNTIF(G$9:G$38,$C40) -> 7 | H40: ='28.09'!H40+COUNTIF(H$9:H$38,$C40) -> 7 | I40: ='28.09'!I40+COUNTIF(I$9:I$38,$C40) -> 7 | J40: ='28.09'!J40+COUNTIF(J$9:J$38,$C40) -> 7
C41: ='01.09'!C41 -> *Пр. Основы медицинских знаний и спортивная медицина* | D41: ='28.09'!D41+COUNTIF(D$9:D$38,$C41) -> 11 | E41: ='28.09'!E41+COUNTIF(E$9:E$38,$C41) -> 11 | F41: ='28.09'!F41+COUNTIF(F$9:F$38,$C41) -> 11 | G41: ='28.09'!G41+COUNTIF(G$9:G$38,$C41) -> 7 | H41: ='28.09'!H41+COUNTIF(H$9:H$38,$C41) -> 11 | I41: ='28.09'!I41+COUNTIF(I$9:I$38,$C41) -> 11 | J41: ='28.09'!J41+COUNTIF(J$9:J$38,$C41) -> 11
C42: ='01.09'!C42 -> *Л. Массаж* | D42: ='28.09'!D42+COUNTIF(D$9:D$38,$C42) -> 5 | E42: ='28.09'!E42+COUNTIF(E$9:E$38,$C42) -> 5 | F42: ='28.09'!F42+COUNTIF(F$9:F$38,$C42) -> 5 | G42: ='28.09'!G42+COUNTIF(G$9:G$38,$C42) -> 5 | H42: ='28.09'!H42+COUNTIF(H$9:H$38,$C42) -> 5 | I42: ='28.09'!I42+COUNTIF(I$9:I$38,$C42) -> 5 | J42: ='28.09'!J42+COUNTIF(J$9:J$38,$C42) -> 5
C43: ='01.09'!C43 -> *Пр. Массаж* | D43: ='28.09'!D43+COUNTIF(D$9:D$38,$C43) -> 11 | E43: ='28.09'!E43+COUNTIF(E$9:E$38,$C43) -> 10 | F43: ='28.09'!F43+COUNTIF(F$9:F$38,$C43) -> 11 | G43: ='28.09'!G43+COUNTIF(G$9:G$38,$C43) -> 11 | H43: ='28.09'!H43+COUNTIF(H$9:H$38,$C43) -> 12 | I43: ='28.09'!I43+COUNTIF(I$9:I$38,$C43) -> 11 | J43: ='28.09'!J43+COUNTIF(J$9:J$38,$C43) -> 11
C44: ='01.09'!C44 -> *Л. Правовые основы профессиональной деятельности* | D44: ='28.09'!D44+COUNTIF(D$9:D$38,$C44) -> 5 | E44: ='28.09'!E44+COUNTIF(E$9:E$38,$C44) -> 5 | F44: ='28.09'!F44+COUNTIF(F$9:F$38,$C44) -> 5 | G44: ='28.09'!G44+COUNTIF(G$9:G$38,$C44) -> 5 | H44: ='28.09'!H44+COUNTIF(H$9:H$38,$C44) -> 5 | I44: ='28.09'!I44+COUNTIF(I$9:I$38,$C44) -> 5 | J44: ='28.09'!J44+COUNTIF(J$9:J$38,$C44) -> 5
C45: ='01.09'!C45 -> *Пр. Правовые основы профессиональной деятельности* | D45: ='28.09'!D45+COUNTIF(D$9:D$38,$C45) -> 5 | E45: ='28.09'!E45+COUNTIF(E$9:E$38,$C45) -> 6 | F45: ='28.09'!F45+COUNTIF(F$9:F$38,$C45) -> 6 | G45: ='28.09'!G45+COUNTIF(G$9:G$38,$C45) -> 6 | H45: ='28.09'!H45+COUNTIF(H$9:H$38,$C45) -> 5 | I45: ='28.09'!I45+COUNTIF(I$9:I$38,$C45) -> 5 | J45: ='28.09'!J45+COUNTIF(J$9:J$38,$C45) -> 6
C46: ='01.09'!C46 -> *Л. Теория и методика* | D46: ='28.09'!D46+COUNTIF(D$9:D$38,$C46) -> 3 | E46: ='28.09'!E46+COUNTIF(E$9:E$38,$C46) -> 3 | F46: ='28.09'!F46+COUNTIF(F$9:F$38,$C46) -> 3 | G46: ='28.09'!G46+COUNTIF(G$9:G$38,$C46) -> 4 | H46: ='28.09'!H46+COUNTIF(H$9:H$38,$C46) -> 4 | I46: ='28.09'!I46+COUNTIF(I$9:I$38,$C46) -> 4 | J46: ='28.09'!J46+COUNTIF(J$9:J$38,$C46) -> 4
C47: ='01.09'!C47 -> *Пр. Теория и методика* | D47: ='28.09'!D47+COUNTIF(D$9:D$38,$C47) -> 26 | E47: ='28.09'!E47+COUNTIF(E$9:E$38,$C47) -> 26 | F47: ='28.09'!F47+COUNTIF(F$9:F$38,$C47) -> 25 | G47: ='28.09'!G47+COUNTIF(G$9:G$38,$C47) -> 27 | H47: ='28.09'!H47+COUNTIF(H$9:H$38,$C47) -> 29 | I47: ='28.09'!I47+COUNTIF(I$9:I$38,$C47) -> 29 | J47: ='28.09'!J47+COUNTIF(J$9:J$38,$C47) -> 29
C48: ='01.09'!C48 -> *Л. Спортивная метрология* | D48: ='28.09'!D48+COUNTIF(D$9:D$38,$C48) -> 5 | E48: ='28.09'!E48+COUNTIF(E$9:E$38,$C48) -> 5 | F48: ='28.09'!F48+COUNTIF(F$9:F$38,$C48) -> 5 | G48: ='28.09'!G48+COUNTIF(G$9:G$38,$C48) -> 5 | H48: ='28.09'!H48+COUNTIF(H$9:H$38,$C48) -> 5 | I48: ='28.09'!I48+COUNTIF(I$9:I$38,$C48) -> 5 | J48: ='28.09'!J48+COUNTIF(J$9:J$38,$C48) -> 5
C49: ='01.09'!C49 -> *Пр. Спортивная метрология* | D49: ='28.09'!D49+COUNTIF(D$9:D$38,$C49) -> 6 | E49: ='28.09'!E49+COUNTIF(E$9:E$38,$C49) -> 6 | F49: ='28.09'!F49+COUNTIF(F$9:F$38,$C49) -> 6 | G49: ='28.09'!G49+COUNTIF(G$9:G$38,$C49) -> 6 | H49: ='28.09'!H49+COUNTIF(H$9:H$38,$C49) -> 6 | I49: ='28.09'!I49+COUNTIF(I$9:I$38,$C49) -> 5 | J49: ='28.09'!J49+COUNTIF(J$9:J$38,$C49) -> 5
C50: ='01.09'!C50 -> *Л. Теория и методика циклических и сложнокоординационных* | D50: ='28.09'!D50+COUNTIF(D$9:D$38,$C50) -> 0 | E50: ='28.09'!E50+COUNTIF(E$9:E$38,$C50) -> 0 | F50: ='28.09'!F50+COUNTIF(F$9:F$38,$C50) -> 0 | G50: ='28.09'!G50+COUNTIF(G$9:G$38,$C50) -> 0 | H50: ='28.09'!H50+COUNTIF(H$9:H$38,$C50) -> 4 | I50: ='28.09'!I50+COUNTIF(I$9:I$38,$C50) -> 0 | J50: ='28.09'!J50+COUNTIF(J$9:J$38,$C50) -> 0
C51: ='01.09'!C51 -> *Пр. Теория и методика циклических и сложнокоординационных* | D51: ='28.09'!D51+COUNTIF(D$9:D$38,$C51) -> 0 | E51: ='28.09'!E51+COUNTIF(E$9:E$38,$C51) -> 0 | F51: ='28.09'!F51+COUNTIF(F$9:F$38,$C51) -> 0 | G51: ='28.09'!G51+COUNTIF(G$9:G$38,$C51) -> 0 | H51: ='28.09'!H51+COUNTIF(H$9:H$38,$C51) -> 33 | I51: ='28.09'!I51+COUNTIF(I$9:I$38,$C51) -> 0 | J51: ='28.09'!J51+COUNTIF(J$9:J$38,$C51) -> 0
... C66: ='01.09'!C66 -> 0 | D66: ='28.09'!D66+COUNTIF(D$9:D$38,$C66) -> 0 | E66: ='28.09'!E66+COUNTIF(E$9:E$38,$C66) -> 0 | F66: ='28.09'!F66+COUNTIF(F$9:F$38,$C66) -> 0 | G66: ='28.09'!G66+COUNTIF(G$9:G$38,$C66) -> 0 | H66: ='28.09'!H66+COUNTIF(H$9:H$38,$C66) -> 0 | I66: ='28.09'!I66+COUNTIF(I$9:I$38,$C66) -> 0 | J66: ='28.09'!J66+COUNTIF(J$9:J$38,$C66) -> 0

Sheet 12.10
B1: Расписание учебных занятий на первое полугодие 2026-2027 учебного года
B2: ТРЕНЕРСКИЙ ФАКУЛЬТЕТ, направление подготовки (образовательная программа)
A3: 49.03.04 Спорт*
B4: Курс 4, семестр 7, очная форма обучения
B5: группы С3-10-23, С3-11-23, С3-12-23, С3-13-23, С3-14-23, С3-15-23, С3-16-23
A6: День недели | B6: Дата | C6: Время | D6: 10 группа | E6: 11 группа | F6: 12 группа | G6: 13 группа | H6: 14 группа | I6: 15 группа | J6: 16 группа
D7: танцевальный спорт, чир спорт | E7: фигурное катание на коньках, конькобежный спорт, шорт-трек, кёрлинг | F7: легкая атлетика | G7: плавание, синхронное плавание | H7: гребные и парусные виды спорта, циклические и сложнокоординационные виды лыжного спорта | I7: велосипедный спорт, триатлон, спортивная акробатика, прыжки на батуте, спортивная гимнастика, воздушно-силовая атлетика | J7: художественная гимнастика, эстетическая гимнастика, спортивная аэробика, фитнес аэробика
A8: Понедельник | B8: 46307 | C8: 8.50-10.20 | E8: Пр. Массаж Власова Н.А. 346мбк | H8: Пр. Основы медицинских знаний и спортивная медицина Тарасов А.В. 350мбк | I8: Пр. Теория и методика велосипедного спорта, триатлона, спортивной акробатики, прыжков на батуте, спортивной гимнастики, воздушно-силовой атлетики Прил.1 | J8: Пр. Теория и методика художественной гимнастики, эстетической гимнастики, спортивной аэробики, фитнес аэробики Прил.1
C9: 10.40-12.10 | E9: Пр. Основы медицинских знаний и спортивная медицина Тарасов А.В. 350мбк | F9: Пр. Теория и методика легкой атлетики Прил.1 | G9: Пр. Массаж Власова Н.А. 346мбк | H9: Пр. Правовые основы профессиональной деятельности Купцов Е.И. 401ауд.к. | I9: Пр. Теория и методика велосипедного спорта, триатлона, спортивной акробатики, прыжков на батуте, спортивной гимнастики, воздушно-силовой атлетики Прил.1 | J9: Пр. Теория и методика художественной гимнастики, эстетической гимнастики, спортивной аэробики, фитнес аэробики Прил.1
C10: 13.00-14.30 | D10: Пр. Основы медицинских знаний и спортивная медицина Тарасов А.В. 439мбк | E10: Пр. Правовые основы профессиональной деятельности Купцов Е.И. 401ауд.к. | F10: Пр. Теория и методика легкой атлетики Прил.1 | G10: Пр. Теория и методика плавания, синхронного плавания Прил. 1 | I10: Пр. Массаж Саламатов М.Б. 346мбк | J10: Пр. Спортивная метрология Тарханов И.В. 68мбк
C11: 14.50-16.20 | D11: Пр. Правовые основы профессиональной деятельности Купцов Е.И. 401ауд.к. | G11: Пр. Теория и методика плавания, синхронного плавания Прил. 1 | I11: Пр. Спортивная метрология Фураев А.Н. 68мбк | J11: Пр. Массаж Саламатов М.Б. 346мбк
C12: 16.40-18.10
A13: Вторник | B13: =B8+1 -> 46308 | C13: 8.50-10.20
C14: 10.40-12.10 | G14: Пр. Основы медицинских знаний и спортивная медицина Тарасов А.В. 511 мбк
C15: 13.00-14.30 | D15: Пр. Массаж Власова Н.А. 346мбк | E15: Пр. Теория и методика фигурного катания на коньках, конькобежного спорта, шорт-трек, кёрлинга Прил.1 | G15: Пр. Теория и методика плавания, синхронного плавания Прил. 1 | H15: Пр. Теория и методика гребного и парусного видов спорта, Пр. Теория и методика циклических и сложнокоординационных видов лыжного спорта Прил.1 | I15: Пр. Правовые основы профессиональной деятельности Купцов Е.И. 401ауд.к. | J15: Пр. Основы медицинских знаний и спортивная медицина Тарасов А.В. 350мбк
C16: 14.50-16.20 | D16: Пр. Теория и методика танцевального спорта, чир спорта Прил. 1 | E16: Л. Теория и методика фигурного катания на коньках, конькобежного спорта, шорт-трек, кёрлинга Прил.1 | G16: Пр. Теория и методика плавания, синхронного плавания Прил. 1 | H16: Пр. Теория и методика гребного и парусного видов спорта, Пр. Теория и методика циклических и сложнокоординационных видов лыжного спорта Прил.1 | I16: Пр. Основы медицинских знаний и спортивная медицина Тарасов А.В. 350мбк | J16: Пр. Правовые основы профессиональной деятельности Купцов Е.И. 401ауд.к.
C17: 16.40-18.10
A18: Среда | B18: =B13+1 -> 46309 | C18: 8.50-10.20 | E18: Пр. Основы медицинских знаний и спортивная медицина Тарасов А.В. 342мбк | F18: Пр. Массаж Власова Н.А. 346мбк | I18: Пр. Теория и методика велосипедного спорта, триатлона, спортивной акробатики, прыжков на батуте, спортивной гимнастики, воздушно-силовой атлетики Прил.1 | J18: Пр. Теория и методика художественной гимнастики, эстетической гимнастики, спортивной аэробики, фитнес аэробики Прил.1
C19: 10.40-12.10 | E19: Пр. Массаж Власова Н.А. 346мбк | F19: Пр. Основы медицинских знаний и спортивная медицина Тарасов А.В. 342мбк | I19: Пр. Теория и методика велосипедного спорта, триатлона, спортивной акробатики, прыжков на батуте, спортивной гимнастики, воздушно-силовой атлетики Прил.1 | J19: Пр. Теория и методика художественной гимнастики, эстетической гимнастики, спортивной аэробики, фитнес аэробики Прил.1
C20: 13.00-14.30 | D20: Л. Основы медицинских знаний и спортивная медицина Тарасов А.В. 220 ауд.к. | E20: Л. Основы медицинских знаний и спортивная медицина Тарасов А.В. 220 ауд.к. | F20: Л. Основы медицинских знаний и спортивная медицина Тарасов А.В. 220 ауд.к. | G20: Л. Основы медицинских знаний и спортивная медицина Тарасов А.В. 220 ауд.к. | H20: Л. Основы медицинских знаний и спортивная медицина Тарасов А.В. 220 ауд.к. | I20: Л. Основы медицинских знаний и спортивная медицина Тарасов А.В. 220 ауд.к. | J20: Л. Основы медицинских знаний и спортивная медицина Тарасов А.В. 220 ауд.к.
C21: 14.50-16.20
C22: 16.40-18.10
A23: Четверг | B23: =B18+1 -> 46310 | C23: 8.50-10.20 | D23: Л. Теория и методика танцевального спорта, чир спорта Прил. 1 | E23: Пр. Спортивная метрология Тарханов И.В. 68мбк | F23: Л. Теория и методика легкой атлетики Прил.1 | G23: Пр. Основы медицинских знаний и спортивная медицина Тарасов А.В. 342мбк | H23: Пр. Массаж Ларин А.В. 346мбк | I23: Пр. Теория и методика велосипедного спорта, триатлона, спортивной акробатики, прыжков на батуте, спортивной гимнастики, воздушно-силовой атлетики Прил.1 | J23: Пр. Теория и методика художественной гимнастики, эстетической гимнастики, спортивной аэробики, фитнес аэробики Прил.1
C24: 10.40-12.10 | D24: Пр. Теория и методика танцевального спорта, чир спорта Прил. 1 | E24: Пр. Теория и методика фигурного катания на коньках, конькобежного спорта, шорт-трек, кёрлинга Прил.1 | F24: Пр. Массаж Власова Н.А. 346мбк | G24: Пр. Спортивная метрология Тарханов И.В. 68мбк | H24: Пр. Основы медицинских знаний и спортивная медицина Тарасов А.В. 342мбк | I24: Пр. Теория и методика велосипедного спорта, триатлона, спортивной акробатики, прыжков на батуте, спортивной гимнастики, воздушно-силовой атлетики Прил.1 | J24: Пр. Теория и методика художественной гимнастики, эстетической гимнастики, спортивной аэробики, фитнес аэробики Прил.1
C25: 13.00-14.30 | D25: Пр. Основы медицинских знаний и спортивная медицина Тарасов А.В. 445мбк | F25: Пр. Правовые основы профессиональной деятельности Купцов Е.И. 401 ауд.к. | G25: Пр. Массаж Власова Н.А. 346мбк | H25: Пр. Теория и методика гребного и парусного видов спорта, Пр. Теория и методика циклических и сложнокоординационных видов лыжного спорта Прил.1
C26: 14.50-16.20 | D26: Пр. Массаж Власова Н.А. 346мбк | F26: Пр. Основы медицинских знаний и спортивная медицина Тарасов А.В. 445мбк | H26: Пр. Теория и методика гребного и парусного видов спорта, Пр. Теория и методика циклических и сложнокоординационных видов лыжного спорта Прил.1
C27: 16.40-18.10
A28: Пятница | B28: =B23+1 -> 46311 | C28: 8.50-10.20 | D28: Пр. Теория и методика танцевального спорта, чир спорта Прил. 1 | F28: Пр. Спортивная метрология Тарханов И.В. 68мбк | H28: Пр. Массаж Ларин А.В. 346мбк | J28: Пр. Основы медицинских знаний и спортивная медицина Тарасов А.В. 342мбк
C29: 10.40-12.10 | D29: Пр. Теория и методика танцевального спорта, чир спорта Прил. 1 | E29: Пр. Теория и методика фигурного катания на коньках, конькобежного спорта, шорт-трек, кёрлинга Прил.1 | F29: Пр. Теория и методика легкой атлетики Прил.1 | G29: Пр. Правовые основы профессиональной деятельности Купцов Е.И. 401 ауд.к. | H29: Пр. Спортивная метрология Фураев А.Н. 68мбк | J29: Пр. Массаж Саламатов М.Б. 346мбк
C30: 13.00-14.30 | D30: Пр. Спортивная метрология Тарханов И.В. 69мбк | E30: Пр. Теория и методика фигурного катания на коньках, конькобежного спорта, шорт-трек, кёрлинга Прил.1 | F30: Пр. Теория и методика легкой атлетики Прил.1 | G30: Пр. Теория и методика плавания, синхронного плавания Прил. 1 | H30: Пр. Теория и методика гребного и парусного видов спорта, Пр. Теория и методика циклических и сложнокоординационных видов лыжного спорта Прил.1 | I30: Пр. Основы медицинских знаний и спортивная медицина Тарасов А.В. 350мбк
C31: 14.50-16.20 | G31: Пр. Теория и методика плавания, синхронного плавания Прил. 1 | H31: Пр. Теория и методика гребного и парусного видов спорта, Пр. Теория и методика циклических и сложнокоординационных видов лыжного спорта Прил.1 | I31: Пр. Массаж Саламатов М.Б. 346мбк
C32: 16.40-18.10
A33: Суббота | B33: =B28+1 -> 46312 | C33: 8.50-10.20
C34: 10.40-12.10
C35: 13.00-14.30
C36: 14.50-16.20
C37: 16.40-18.10
D38: * Профили (направленность) указанны на титульном листе
C39: ='01.09'!C40 -> *Л. Основы медицинских знаний и спортивная медицина* | D39: ='05.10'!D40+COUNTIF(D$8:D$37,$C39) -> 8 | E39: ='05.10'!E40+COUNTIF(E$8:E$37,$C39) -> 8 | F39: ='05.10'!F40+COUNTIF(F$8:F$37,$C39) -> 8 | G39: ='05.10'!G40+COUNTIF(G$8:G$37,$C39) -> 8 | H39: ='05.10'!H40+COUNTIF(H$8:H$37,$C39) -> 8 | I39: ='05.10'!I40+COUNTIF(I$8:I$37,$C39) -> 8 | J39: ='05.10'!J40+COUNTIF(J$8:J$37,$C39) -> 8
C40: ='01.09'!C41 -> *Пр. Основы медицинских знаний и спортивная медицина* | D40: ='05.10'!D41+COUNTIF(D$8:D$37,$C40) -> 13 | E40: ='05.10'!E41+COUNTIF(E$8:E$37,$C40) -> 13 | F40: ='05.10'!F41+COUNTIF(F$8:F$37,$C40) -> 13 | G40: ='05.10'!G41+COUNTIF(G$8:G$37,$C40) -> 9 | H40: ='05.10'!H41+COUNTIF(H$8:H$37,$C40) -> 13 | I40: ='05.10'!I41+COUNTIF(I$8:I$37,$C40) -> 13 | J40: ='05.10'!J41+COUNTIF(J$8:J$37,$C40) -> 13
C41: ='01.09'!C42 -> *Л. Массаж* | D41: ='05.10'!D42+COUNTIF(D$8:D$37,$C41) -> 5 | E41: ='05.10'!E42+COUNTIF(E$8:E$37,$C41) -> 5 | F41: ='05.10'!F42+COUNTIF(F$8:F$37,$C41) -> 5 | G41: ='05.10'!G42+COUNTIF(G$8:G$37,$C41) -> 5 | H41: ='05.10'!H42+COUNTIF(H$8:H$37,$C41) -> 5 | I41: ='05.10'!I42+COUNTIF(I$8:I$37,$C41) -> 5 | J41: ='05.10'!J42+COUNTIF(J$8:J$37,$C41) -> 5
C42: ='01.09'!C43 -> *Пр. Массаж* | D42: ='05.10'!D43+COUNTIF(D$8:D$37,$C42) -> 13 | E42: ='05.10'!E43+COUNTIF(E$8:E$37,$C42) -> 12 | F42: ='05.10'!F43+COUNTIF(F$8:F$37,$C42) -> 13 | G42: ='05.10'!G43+COUNTIF(G$8:G$37,$C42) -> 13 | H42: ='05.10'!H43+COUNTIF(H$8:H$37,$C42) -> 14 | I42: ='05.10'!I43+COUNTIF(I$8:I$37,$C42) -> 13 | J42: ='05.10'!J43+COUNTIF(J$8:J$37,$C42) -> 13
C43: ='01.09'!C44 -> *Л. Правовые основы профессиональной деятельности* | D43: ='05.10'!D44+COUNTIF(D$8:D$37,$C43) -> 5 | E43: ='05.10'!E44+COUNTIF(E$8:E$37,$C43) -> 5 | F43: ='05.10'!F44+COUNTIF(F$8:F$37,$C43) -> 5 | G43: ='05.10'!G44+COUNTIF(G$8:G$37,$C43) -> 5 | H43: ='05.10'!H44+COUNTIF(H$8:H$37,$C43) -> 5 | I43: ='05.10'!I44+COUNTIF(I$8:I$37,$C43) -> 5 | J43: ='05.10'!J44+COUNTIF(J$8:J$37,$C43) -> 5
C44: ='01.09'!C45 -> *Пр. Правовые основы профессиональной деятельности* | D44: ='05.10'!D45+COUNTIF(D$8:D$37,$C44) -> 6 | E44: ='05.10'!E45+COUNTIF(E$8:E$37,$C44) -> 7 | F44: ='05.10'!F45+COUNTIF(F$8:F$37,$C44) -> 7 | G44: ='05.10'!G45+COUNTIF(G$8:G$37,$C44) -> 7 | H44: ='05.10'!H45+COUNTIF(H$8:H$37,$C44) -> 6 | I44: ='05.10'!I45+COUNTIF(I$8:I$37,$C44) -> 6 | J44: ='05.10'!J45+COUNTIF(J$8:J$37,$C44) -> 7
C45: ='01.09'!C46 -> *Л. Теория и методика* | D45: ='05.10'!D46+COUNTIF(D$8:D$37,$C45) -> 4 | E45: ='05.10'!E46+COUNTIF(E$8:E$37,$C45) -> 4 | F45: ='05.10'!F46+COUNTIF(F$8:F$37,$C45) -> 4 | G45: ='05.10'!G46+COUNTIF(G$8:G$37,$C45) -> 4 | H45: ='05.10'!H46+COUNTIF(H$8:H$37,$C45) -> 4 | I45: ='05.10'!I46+COUNTIF(I$8:I$37,$C45) -> 4 | J45: ='05.10'!J46+COUNTIF(J$8:J$37,$C45) -> 4
C46: ='01.09'!C47 -> *Пр. Теория и методика* | D46: ='05.10'!D47+COUNTIF(D$8:D$37,$C46) -> 30 | E46: ='05.10'!E47+COUNTIF(E$8:E$37,$C46) -> 30 | F46: ='05.10'!F47+COUNTIF(F$8:F$37,$C46) -> 29 | G46: ='05.10'!G47+COUNTIF(G$8:G$37,$C46) -> 33 | H46: ='05.10'!H47+COUNTIF(H$8:H$37,$C46) -> 35 | I46: ='05.10'!I47+COUNTIF(I$8:I$37,$C46) -> 35 | J46: ='05.10'!J47+COUNTIF(J$8:J$37,$C46) -> 35
C47: ='01.09'!C48 -> *Л. Спортивная метрология* | D47: ='05.10'!D48+COUNTIF(D$8:D$37,$C47) -> 5 | E47: ='05.10'!E48+COUNTIF(E$8:E$37,$C47) -> 5 | F47: ='05.10'!F48+COUNTIF(F$8:F$37,$C47) -> 5 | G47: ='05.10'!G48+COUNTIF(G$8:G$37,$C47) -> 5 | H47: ='05.10'!H48+COUNTIF(H$8:H$37,$C47) -> 5 | I47: ='05.10'!I48+COUNTIF(I$8:I$37,$C47) -> 5 | J47: ='05.10'!J48+COUNTIF(J$8:J$37,$C47) -> 5
C48: ='01.09'!C49 -> *Пр. Спортивная метрология* | D48: ='05.10'!D49+COUNTIF(D$8:D$37,$C48) -> 7 | E48: ='05.10'!E49+COUNTIF(E$8:E$37,$C48) -> 7 | F48: ='05.10'!F49+COUNTIF(F$8:F$37,$C48) -> 7 | G48: ='05.10'!G49+COUNTIF(G$8:G$37,$C48) -> 7 | H48: ='05.10'!H49+COUNTIF(H$8:H$37,$C48) -> 7 | I48: ='05.10'!I49+COUNTIF(I$8:I$37,$C48) -> 6 | J48: ='05.10'!J49+COUNTIF(J$8:J$37,$C48) -> 6
C49: ='01.09'!C50 -> *Л. Теория и методика циклических и сложнокоординационных* | D49: ='05.10'!D50+COUNTIF(D$8:D$37,$C49) -> 0 | E49: ='05.10'!E50+COUNTIF(E$8:E$37,$C49) -> 0 | F49: ='05.10'!F50+COUNTIF(F$8:F$37,$C49) -> 0 | G49: ='05.10'!G50+COUNTIF(G$8:G$37,$C49) -> 0 | H49: ='05.10'!H50+COUNTIF(H$8:H$37,$C49) -> 4 | I49: ='05.10'!I50+COUNTIF(I$8:I$37,$C49) -> 0 | J49: ='05.10'!J50+COUNTIF(J$8:J$37,$C49) -> 0
C50: ='01.09'!C51 -> *Пр. Теория и методика циклических и сложнокоординационных* | D50: ='05.10'!D51+COUNTIF(D$8:D$37,$C50) -> 0 | E50: ='05.10'!E51+COUNTIF(E$8:E$37,$C50) -> 0 | F50: ='05.10'!F51+COUNTIF(F$8:F$37,$C50) -> 0 | G50: ='05.10'!G51+COUNTIF(G$8:G$37,$C50) -> 0 | H50: ='05.10'!H51+COUNTIF(H$8:H$37,$C50) -> 39 | I50: ='05.10'!I51+COUNTIF(I$8:I$37,$C50) -> 0 | J50: ='05.10'!J51+COUNTIF(J$8:J$37,$C50) -> 0
... C72: ='01.09'!C73 -> 0 | D72: ='05.10'!D73+COUNTIF(D$8:D$37,$C72) -> 0 | E72: ='05.10'!E73+COUNTIF(E$8:E$37,$C72) -> 0 | F72: ='05.10'!F73+COUNTIF(F$8:F$37,$C72) -> 0 | G72: ='05.10'!G73+COUNTIF(G$8:G$37,$C72) -> 0 | H72: ='05.10'!H73+COUNTIF(H$8:H$37,$C72) -> 0 | I72: ='05.10'!I73+COUNTIF(I$8:I$37,$C72) -> 0 | J72: ='05.10'!J73+COUNTIF(J$8:J$37,$C72) -> 0

Sheet 19.10
B1: Расписание учебных занятий на первое полугодие 2026-2027 учебного года
B2: ТРЕНЕРСКИЙ ФАКУЛЬТЕТ, направление подготовки (образовательная программа)
A3: 49.03.04 Спорт*
B4: Курс 4, семестр 7, очная форма обучения
B5: группы С3-10-23, С3-11-23, С3-12-23, С3-13-23, С3-14-23, С3-15-23, С3-16-23
A7: День недели | B7: Дата | C7: Время | D7: 10 группа | E7: 11 группа | F7: 12 группа | G7: 13 группа | H7: 14 группа | I7: 15 группа | J7: 16 группа
D8: танцевальный спорт, чир спорт | E8: фигурное катание на коньках, конькобежный спорт, шорт-трек, кёрлинг | F8: легкая атлетика | G8: плавание, синхронное плавание | H8: гребные и парусные виды спорта, циклические и сложнокоординационные виды лыжного спорта | I8: велосипедный спорт, триатлон, спортивная акробатика, прыжки на батуте, спортивная гимнастика, воздушно-силовая атлетика | J8: художественная гимнастика, эстетическая гимнастика, спортивная аэробика, фитнес аэробика
A9: Понедельник | B9: 46314 | C9: 8.50-10.20 | E9: Пр. Массаж Власова Н.А. 346мбк | H9: Пр. Основы медицинских знаний и спортивная медицина Тарасов А.В. 350мбк | I9: Пр. Теория и методика велосипедного спорта, триатлона, спортивной акробатики, прыжков на батуте, спортивной гимнастики, воздушно-силовой атлетики Прил.1 | J9: Пр. Теория и методика художественной гимнастики, эстетической гимнастики, спортивной аэробики, фитнес аэробики Прил.1
C10: 10.40-12.10 | E10: Пр. Основы медицинских знаний и спортивная медицина Тарасов А.В. 350мбк | F10: Пр. Теория и методика легкой атлетики Прил.1 | G10: Пр. Массаж Власова Н.А. 346мбк | H10: Пр. Правовые основы профессиональной деятельности Купцов Е.И. 401ауд.к. | I10: Пр. Теория и методика велосипедного спорта, триатлона, спортивной акробатики, прыжков на батуте, спортивной гимнастики, воздушно-силовой атлетики Прил.1 | J10: Пр. Теория и методика художественной гимнастики, эстетической гимнастики, спортивной аэробики, фитнес аэробики Прил.1
C11: 13.00-14.30 | D11: Пр. Основы медицинских знаний и спортивная медицина Тарасов А.В. 439мбк | E11: Пр. Правовые основы профессиональной деятельности Купцов Е.И. 401ауд.к. | F11: Пр. Теория и методика легкой атлетики Прил.1 | G11: Пр. Теория и методика плавания, синхронного плавания Прил. 1 | I11: Пр. Массаж Саламатов М.Б. 346мбк | J11: Пр. Спортивная метрология Тарханов И.В. 68мбк
C12: 14.50-16.20 | D12: Пр. Правовые основы профессиональной деятельности Купцов Е.И. 401ауд.к. | G12: Пр. Теория и методика плавания, синхронного плавания Прил. 1 | I12: Пр. Спортивная метрология Фураев А.Н. 68мбк | J12: Пр. Массаж Саламатов М.Б. 346мбк
C13: 16.40-18.10
A14: Вторник | B14: =B9+1 -> 46315 | C14: 8.50-10.20
C15: 10.40-12.10
C16: 13.00-14.30 | D16: Учебная практика: Тренерская практика (дискретно) 20.10.2026 - 01.12.2026
C17: 14.50-16.20
C18: 16.40-18.10
A19: Среда | B19: =B14+1 -> 46316 | C19: 8.50-10.20
C20: 10.40-12.10
C21: 13.00-14.30 | D21: Учебная практика: Тренерская практика (дискретно) 20.10.2026 - 01.12.2026
C22: 14.50-16.20
C23: 16.40-18.10
A24: Четверг | B24: =B19+1 -> 46317 | C24: 8.50-10.20
C25: 10.40-12.10
C26: 13.00-14.30 | D26: Учебная практика: Тренерская практика (дискретно) 20.10.2026 - 01.12.2026
C27: 14.50-16.20
C28: 16.40-18.10
A29: Пятница | B29: =B24+1 -> 46318 | C29: 8.50-10.20
C30: 10.40-12.10
C31: 13.00-14.30 | D31: Учебная практика: Тренерская практика (дискретно) 20.10.2026 - 01.12.2026
C32: 14.50-16.20
C33: 16.40-18.10
A34: Суббота | B34: =B29+1 -> 46319 | C34: 8.50-10.20
C35: 10.40-12.10
C36: 13.00-14.30 | D36: Учебная практика: Тренерская практика (дискретно) 20.10.2026 - 01.12.2026
C37: 14.50-16.20
C38: 16.40-18.10
D39: * Профили (направленность) указанны на титульном листе
C40: ='01.09'!C40 -> *Л. Основы медицинских знаний и спортивная медицина* | D40: ='12.10'!D39+COUNTIF(D$9:D$38,$C40) -> 8 | E40: ='12.10'!E39+COUNTIF(E$9:E$38,$C40) -> 8 | F40: ='12.10'!F39+COUNTIF(F$9:F$38,$C40) -> 8 | G40: ='12.10'!G39+COUNTIF(G$9:G$38,$C40) -> 8 | H40: ='12.10'!H39+COUNTIF(H$9:H$38,$C40) -> 8 | I40: ='12.10'!I39+COUNTIF(I$9:I$38,$C40) -> 8 | J40: ='12.10'!J39+COUNTIF(J$9:J$38,$C40) -> 8
C41: ='01.09'!C41 -> *Пр. Основы медицинских знаний и спортивная медицина* | D41: ='12.10'!D40+COUNTIF(D$9:D$38,$C41) -> 14 | E41: ='12.10'!E40+COUNTIF(E$9:E$38,$C41) -> 14 | F41: ='12.10'!F40+COUNTIF(F$9:F$38,$C41) -> 13 | G41: ='12.10'!G40+COUNTIF(G$9:G$38,$C41) -> 9 | H41: ='12.10'!H40+COUNTIF(H$9:H$38,$C41) -> 14 | I41: ='12.10'!I40+COUNTIF(I$9:I$38,$C41) -> 13 | J41: ='12.10'!J40+COUNTIF(J$9:J$38,$C41) -> 13
C42: ='01.09'!C42 -> *Л. Массаж* | D42: ='12.10'!D41+COUNTIF(D$9:D$38,$C42) -> 5 | E42: ='12.10'!E41+COUNTIF(E$9:E$38,$C42) -> 5 | F42: ='12.10'!F41+COUNTIF(F$9:F$38,$C42) -> 5 | G42: ='12.10'!G41+COUNTIF(G$9:G$38,$C42) -> 5 | H42: ='12.10'!H41+COUNTIF(H$9:H$38,$C42) -> 5 | I42: ='12.10'!I41+COUNTIF(I$9:I$38,$C42) -> 5 | J42: ='12.10'!J41+COUNTIF(J$9:J$38,$C42) -> 5
C43: ='01.09'!C43 -> *Пр. Массаж* | D43: ='12.10'!D42+COUNTIF(D$9:D$38,$C43) -> 13 | E43: ='12.10'!E42+COUNTIF(E$9:E$38,$C43) -> 13 | F43: ='12.10'!F42+COUNTIF(F$9:F$38,$C43) -> 13 | G43: ='12.10'!G42+COUNTIF(G$9:G$38,$C43) -> 14 | H43: ='12.10'!H42+COUNTIF(H$9:H$38,$C43) -> 14 | I43: ='12.10'!I42+COUNTIF(I$9:I$38,$C43) -> 14 | J43: ='12.10'!J42+COUNTIF(J$9:J$38,$C43) -> 14
C44: ='01.09'!C44 -> *Л. Правовые основы профессиональной деятельности* | D44: ='12.10'!D43+COUNTIF(D$9:D$38,$C44) -> 5 | E44: ='12.10'!E43+COUNTIF(E$9:E$38,$C44) -> 5 | F44: ='12.10'!F43+COUNTIF(F$9:F$38,$C44) -> 5 | G44: ='12.10'!G43+COUNTIF(G$9:G$38,$C44) -> 5 | H44: ='12.10'!H43+COUNTIF(H$9:H$38,$C44) -> 5 | I44: ='12.10'!I43+COUNTIF(I$9:I$38,$C44) -> 5 | J44: ='12.10'!J43+COUNTIF(J$9:J$38,$C44) -> 5
C45: ='01.09'!C45 -> *Пр. Правовые основы профессиональной деятельности* | D45: ='12.10'!D44+COUNTIF(D$9:D$38,$C45) -> 7 | E45: ='12.10'!E44+COUNTIF(E$9:E$38,$C45) -> 8 | F45: ='12.10'!F44+COUNTIF(F$9:F$38,$C45) -> 7 | G45: ='12.10'!G44+COUNTIF(G$9:G$38,$C45) -> 7 | H45: ='12.10'!H44+COUNTIF(H$9:H$38,$C45) -> 7 | I45: ='12.10'!I44+COUNTIF(I$9:I$38,$C45) -> 6 | J45: ='12.10'!J44+COUNTIF(J$9:J$38,$C45) -> 7
C46: ='01.09'!C46 -> *Л. Теория и методика* | D46: ='12.10'!D45+COUNTIF(D$9:D$38,$C46) -> 4 | E46: ='12.10'!E45+COUNTIF(E$9:E$38,$C46) -> 4 | F46: ='12.10'!F45+COUNTIF(F$9:F$38,$C46) -> 4 | G46: ='12.10'!G45+COUNTIF(G$9:G$38,$C46) -> 4 | H46: ='12.10'!H45+COUNTIF(H$9:H$38,$C46) -> 4 | I46: ='12.10'!I45+COUNTIF(I$9:I$38,$C46) -> 4 | J46: ='12.10'!J45+COUNTIF(J$9:J$38,$C46) -> 4
C47: ='01.09'!C47 -> *Пр. Теория и методика* | D47: ='12.10'!D46+COUNTIF(D$9:D$38,$C47) -> 30 | E47: ='12.10'!E46+COUNTIF(E$9:E$38,$C47) -> 30 | F47: ='12.10'!F46+COUNTIF(F$9:F$38,$C47) -> 31 | G47: ='12.10'!G46+COUNTIF(G$9:G$38,$C47) -> 35 | H47: ='12.10'!H46+COUNTIF(H$9:H$38,$C47) -> 35 | I47: ='12.10'!I46+COUNTIF(I$9:I$38,$C47) -> 37 | J47: ='12.10'!J46+COUNTIF(J$9:J$38,$C47) -> 37
C48: ='01.09'!C48 -> *Л. Спортивная метрология* | D48: ='12.10'!D47+COUNTIF(D$9:D$38,$C48) -> 5 | E48: ='12.10'!E47+COUNTIF(E$9:E$38,$C48) -> 5 | F48: ='12.10'!F47+COUNTIF(F$9:F$38,$C48) -> 5 | G48: ='12.10'!G47+COUNTIF(G$9:G$38,$C48) -> 5 | H48: ='12.10'!H47+COUNTIF(H$9:H$38,$C48) -> 5 | I48: ='12.10'!I47+COUNTIF(I$9:I$38,$C48) -> 5 | J48: ='12.10'!J47+COUNTIF(J$9:J$38,$C48) -> 5
C49: ='01.09'!C49 -> *Пр. Спортивная метрология* | D49: ='12.10'!D48+COUNTIF(D$9:D$38,$C49) -> 7 | E49: ='12.10'!E48+COUNTIF(E$9:E$38,$C49) -> 7 | F49: ='12.10'!F48+COUNTIF(F$9:F$38,$C49) -> 7 | G49: ='12.10'!G48+COUNTIF(G$9:G$38,$C49) -> 7 | H49: ='12.10'!H48+COUNTIF(H$9:H$38,$C49) -> 7 | I49: ='12.10'!I48+COUNTIF(I$9:I$38,$C49) -> 7 | J49: ='12.10'!J48+COUNTIF(J$9:J$38,$C49) -> 7
C50: ='01.09'!C50 -> *Л. Теория и методика циклических и сложнокоординационных* | D50: ='12.10'!D49+COUNTIF(D$9:D$38,$C50) -> 0 | E50: ='12.10'!E49+COUNTIF(E$9:E$38,$C50) -> 0 | F50: ='12.10'!F49+COUNTIF(F$9:F$38,$C50) -> 0 | G50: ='12.10'!G49+COUNTIF(G$9:G$38,$C50) -> 0 | H50: ='12.10'!H49+COUNTIF(H$9:H$38,$C50) -> 4 | I50: ='12.10'!I49+COUNTIF(I$9:I$38,$C50) -> 0 | J50: ='12.10'!J49+COUNTIF(J$9:J$38,$C50) -> 0
C51: ='01.09'!C51 -> *Пр. Теория и методика циклических и сложнокоординационных* | D51: ='12.10'!D50+COUNTIF(D$9:D$38,$C51) -> 0 | E51: ='12.10'!E50+COUNTIF(E$9:E$38,$C51) -> 0 | F51: ='12.10'!F50+COUNTIF(F$9:F$38,$C51) -> 0 | G51: ='12.10'!G50+COUNTIF(G$9:G$38,$C51) -> 0 | H51: ='12.10'!H50+COUNTIF(H$9:H$38,$C51) -> 39 | I51: ='12.10'!I50+COUNTIF(I$9:I$38,$C51) -> 0 | J51: ='12.10'!J50+COUNTIF(J$9:J$38,$C51) -> 0
... C70: ='01.09'!C70 -> 0 | D70: ='12.10'!D69+COUNTIF(D$9:D$38,$C70) -> 0 | E70: ='12.10'!E69+COUNTIF(E$9:E$38,$C70) -> 0 | F70: ='12.10'!F69+COUNTIF(F$9:F$38,$C70) -> 0 | G70: ='12.10'!G69+COUNTIF(G$9:G$38,$C70) -> 0 | H70: ='12.10'!H69+COUNTIF(H$9:H$38,$C70) -> 0 | I70: ='12.10'!I69+COUNTIF(I$9:I$38,$C70) -> 0 | J70: ='12.10'!J69+COUNTIF(J$9:J$38,$C70) -> 0

Sheet 26.10
B1: Расписание учебных занятий на первое полугодие 2026-2027 учебного года
B2: ТРЕНЕРСКИЙ ФАКУЛЬТЕТ, направление подготовки (образовательная программа)
A3: 49.03.04 Спорт*
B4: Курс 4, семестр 7, очная форма обучения
B5: группы С3-10-23, С3-11-23, С3-12-23, С3-13-23, С3-14-23, С3-15-23, С3-16-23
A7: День недели | B7: Дата | C7: Время | D7: 10 группа | E7: 11 группа | F7: 12 группа | G7: 13 группа | H7: 14 группа | I7: 15 группа | J7: 16 группа
D8: танцевальный спорт, чир спорт | E8: фигурное катание на коньках, конькобежный спорт, шорт-трек, кёрлинг | F8: легкая атлетика | G8: плавание, синхронное плавание | H8: гребные и парусные виды спорта, циклические и сложнокоординационные виды лыжного спорта | I8: велосипедный спорт, триатлон, спортивная акробатика, прыжки на батуте, спортивная гимнастика, воздушно-силовая атлетика | J8: художественная гимнастика, эстетическая гимнастика, спортивная аэробика, фитнес аэробика
A9: Понедельник | B9: 46321 | C9: 8.50-10.20
C10: 10.40-12.10
C11: 13.00-14.30 | D11: Учебная практика: Тренерская практика (дискретно) 20.10.2026 - 01.12.2026
C12: 14.50-16.20
C13: 16.40-18.10
A14: Вторник | B14: =B9+1 -> 46322 | C14: 8.50-10.20
C15: 10.40-12.10
C16: 13.00-14.30 | D16: Учебная практика: Тренерская практика (дискретно) 20.10.2026 - 01.12.2026
C17: 14.50-16.20
C18: 16.40-18.10
A19: Среда | B19: =B14+1 -> 46323 | C19: 8.50-10.20
C20: 10.40-12.10
C21: 13.00-14.30 | D21: Учебная практика: Тренерская практика (дискретно) 20.10.2026 - 01.12.2026
C22: 14.50-16.20
C23: 16.40-18.10
A24: Четверг | B24: =B19+1 -> 46324 | C24: 8.50-10.20
C25: 10.40-12.10
C26: 13.00-14.30 | D26: Учебная практика: Тренерская практика (дискретно) 20.10.2026 - 01.12.2026
C27: 14.50-16.20
C28: 16:30-18:00
A29: Пятница | B29: =B24+1 -> 46325 | C29: 8.50-10.20
C30: 10.40-12.10
C31: 13.00-14.30 | D31: Учебная практика: Тренерская практика (дискретно) 20.10.2026 - 01.12.2026
C32: 14.50-16.20
C33: 16.40-18.10
A34: Суббота | B34: =B29+1 -> 46326 | C34: 8.50-10.20
C35: 10.40-12.10
C36: 13.00-14.30 | D36: Учебная практика: Тренерская практика (дискретно) 20.10.2026 - 01.12.2026
C37: 14.50-16.20
C38: 16.40-18.10
D39: * Профили (направленность) указанны на титульном листе
C40: ='01.09'!C40 -> *Л. Основы медицинских знаний и спортивная медицина* | D40: ='19.10'!D40+COUNTIF(D$9:D$38,$C40) -> 8 | E40: ='19.10'!E40+COUNTIF(E$9:E$38,$C40) -> 8 | F40: ='19.10'!F40+COUNTIF(F$9:F$38,$C40) -> 8 | G40: ='19.10'!G40+COUNTIF(G$9:G$38,$C40) -> 8 | H40: ='19.10'!H40+COUNTIF(H$9:H$38,$C40) -> 8 | I40: ='19.10'!I40+COUNTIF(I$9:I$38,$C40) -> 8 | J40: ='19.10'!J40+COUNTIF(J$9:J$38,$C40) -> 8
C41: ='01.09'!C41 -> *Пр. Основы медицинских знаний и спортивная медицина* | D41: ='19.10'!D41+COUNTIF(D$9:D$38,$C41) -> 14 | E41: ='19.10'!E41+COUNTIF(E$9:E$38,$C41) -> 14 | F41: ='19.10'!F41+COUNTIF(F$9:F$38,$C41) -> 13 | G41: ='19.10'!G41+COUNTIF(G$9:G$38,$C41) -> 9 | H41: ='19.10'!H41+COUNTIF(H$9:H$38,$C41) -> 14 | I41: ='19.10'!I41+COUNTIF(I$9:I$38,$C41) -> 13 | J41: ='19.10'!J41+COUNTIF(J$9:J$38,$C41) -> 13
C42: ='01.09'!C42 -> *Л. Массаж* | D42: ='19.10'!D42+COUNTIF(D$9:D$38,$C42) -> 5 | E42: ='19.10'!E42+COUNTIF(E$9:E$38,$C42) -> 5 | F42: ='19.10'!F42+COUNTIF(F$9:F$38,$C42) -> 5 | G42: ='19.10'!G42+COUNTIF(G$9:G$38,$C42) -> 5 | H42: ='19.10'!H42+COUNTIF(H$9:H$38,$C42) -> 5 | I42: ='19.10'!I42+COUNTIF(I$9:I$38,$C42) -> 5 | J42: ='19.10'!J42+COUNTIF(J$9:J$38,$C42) -> 5
C43: ='01.09'!C43 -> *Пр. Массаж* | D43: ='19.10'!D43+COUNTIF(D$9:D$38,$C43) -> 13 | E43: ='19.10'!E43+COUNTIF(E$9:E$38,$C43) -> 13 | F43: ='19.10'!F43+COUNTIF(F$9:F$38,$C43) -> 13 | G43: ='19.10'!G43+COUNTIF(G$9:G$38,$C43) -> 14 | H43: ='19.10'!H43+COUNTIF(H$9:H$38,$C43) -> 14 | I43: ='19.10'!I43+COUNTIF(I$9:I$38,$C43) -> 14 | J43: ='19.10'!J43+COUNTIF(J$9:J$38,$C43) -> 14
C44: ='01.09'!C44 -> *Л. Правовые основы профессиональной деятельности* | D44: ='19.10'!D44+COUNTIF(D$9:D$38,$C44) -> 5 | E44: ='19.10'!E44+COUNTIF(E$9:E$38,$C44) -> 5 | F44: ='19.10'!F44+COUNTIF(F$9:F$38,$C44) -> 5 | G44: ='19.10'!G44+COUNTIF(G$9:G$38,$C44) -> 5 | H44: ='19.10'!H44+COUNTIF(H$9:H$38,$C44) -> 5 | I44: ='19.10'!I44+COUNTIF(I$9:I$38,$C44) -> 5 | J44: ='19.10'!J44+COUNTIF(J$9:J$38,$C44) -> 5
C45: ='01.09'!C45 -> *Пр. Правовые основы профессиональной деятельности* | D45: ='19.10'!D45+COUNTIF(D$9:D$38,$C45) -> 7 | E45: ='19.10'!E45+COUNTIF(E$9:E$38,$C45) -> 8 | F45: ='19.10'!F45+COUNTIF(F$9:F$38,$C45) -> 7 | G45: ='19.10'!G45+COUNTIF(G$9:G$38,$C45) -> 7 | H45: ='19.10'!H45+COUNTIF(H$9:H$38,$C45) -> 7 | I45: ='19.10'!I45+COUNTIF(I$9:I$38,$C45) -> 6 | J45: ='19.10'!J45+COUNTIF(J$9:J$38,$C45) -> 7
C46: ='01.09'!C46 -> *Л. Теория и методика* | D46: ='19.10'!D46+COUNTIF(D$9:D$38,$C46) -> 4 | E46: ='19.10'!E46+COUNTIF(E$9:E$38,$C46) -> 4 | F46: ='19.10'!F46+COUNTIF(F$9:F$38,$C46) -> 4 | G46: ='19.10'!G46+COUNTIF(G$9:G$38,$C46) -> 4 | H46: ='19.10'!H46+COUNTIF(H$9:H$38,$C46) -> 4 | I46: ='19.10'!I46+COUNTIF(I$9:I$38,$C46) -> 4 | J46: ='19.10'!J46+COUNTIF(J$9:J$38,$C46) -> 4
C47: ='01.09'!C47 -> *Пр. Теория и методика* | D47: ='19.10'!D47+COUNTIF(D$9:D$38,$C47) -> 30 | E47: ='19.10'!E47+COUNTIF(E$9:E$38,$C47) -> 30 | F47: ='19.10'!F47+COUNTIF(F$9:F$38,$C47) -> 31 | G47: ='19.10'!G47+COUNTIF(G$9:G$38,$C47) -> 35 | H47: ='19.10'!H47+COUNTIF(H$9:H$38,$C47) -> 35 | I47: ='19.10'!I47+COUNTIF(I$9:I$38,$C47) -> 37 | J47: ='19.10'!J47+COUNTIF(J$9:J$38,$C47) -> 37
C48: ='01.09'!C48 -> *Л. Спортивная метрология* | D48: ='19.10'!D48+COUNTIF(D$9:D$38,$C48) -> 5 | E48: ='19.10'!E48+COUNTIF(E$9:E$38,$C48) -> 5 | F48: ='19.10'!F48+COUNTIF(F$9:F$38,$C48) -> 5 | G48: ='19.10'!G48+COUNTIF(G$9:G$38,$C48) -> 5 | H48: ='19.10'!H48+COUNTIF(H$9:H$38,$C48) -> 5 | I48: ='19.10'!I48+COUNTIF(I$9:I$38,$C48) -> 5 | J48: ='19.10'!J48+COUNTIF(J$9:J$38,$C48) -> 5
C49: ='01.09'!C49 -> *Пр. Спортивная метрология* | D49: ='19.10'!D49+COUNTIF(D$9:D$38,$C49) -> 7 | E49: ='19.10'!E49+COUNTIF(E$9:E$38,$C49) -> 7 | F49: ='19.10'!F49+COUNTIF(F$9:F$38,$C49) -> 7 | G49: ='19.10'!G49+COUNTIF(G$9:G$38,$C49) -> 7 | H49: ='19.10'!H49+COUNTIF(H$9:H$38,$C49) -> 7 | I49: ='19.10'!I49+COUNTIF(I$9:I$38,$C49) -> 7 | J49: ='19.10'!J49+COUNTIF(J$9:J$38,$C49) -> 7
C50: ='01.09'!C50 -> *Л. Теория и методика циклических и сложнокоординационных* | D50: ='19.10'!D50+COUNTIF(D$9:D$38,$C50) -> 0 | E50: ='19.10'!E50+COUNTIF(E$9:E$38,$C50) -> 0 | F50: ='19.10'!F50+COUNTIF(F$9:F$38,$C50) -> 0 | G50: ='19.10'!G50+COUNTIF(G$9:G$38,$C50) -> 0 | H50: ='19.10'!H50+COUNTIF(H$9:H$38,$C50) -> 4 | I50: ='19.10'!I50+COUNTIF(I$9:I$38,$C50) -> 0 | J50: ='19.10'!J50+COUNTIF(J$9:J$38,$C50) -> 0
C51: ='01.09'!C51 -> *Пр. Теория и методика циклических и сложнокоординационных* | D51: ='19.10'!D51+COUNTIF(D$9:D$38,$C51) -> 0 | E51: ='19.10'!E51+COUNTIF(E$9:E$38,$C51) -> 0 | F51: ='19.10'!F51+COUNTIF(F$9:F$38,$C51) -> 0 | G51: ='19.10'!G51+COUNTIF(G$9:G$38,$C51) -> 0 | H51: ='19.10'!H51+COUNTIF(H$9:H$38,$C51) -> 39 | I51: ='19.10'!I51+COUNTIF(I$9:I$38,$C51) -> 0 | J51: ='19.10'!J51+COUNTIF(J$9:J$38,$C51) -> 0
... C66: ='01.09'!C66 -> 0 | D66: ='19.10'!D66+COUNTIF(D$9:D$38,$C66) -> 0 | E66: ='19.10'!E66+COUNTIF(E$9:E$38,$C66) -> 0 | F66: ='19.10'!F66+COUNTIF(F$9:F$38,$C66) -> 0 | G66: ='19.10'!G66+COUNTIF(G$9:G$38,$C66) -> 0 | H66: ='19.10'!H66+COUNTIF(H$9:H$38,$C66) -> 0 | I66: ='19.10'!I66+COUNTIF(I$9:I$38,$C66) -> 0 | J66: ='19.10'!J66+COUNTIF(J$9:J$38,$C66) -> 0

Sheet 02.11
B1: Расписание учебных занятий на первое полугодие 2026-2027 учебного года
B2: ТРЕНЕРСКИЙ ФАКУЛЬТЕТ, направление подготовки (образовательная программа)
A3: 49.03.04 Спорт*
B4: Курс 4, семестр 7, очная форма обучения
B5: группы С3-10-23, С3-11-23, С3-12-23, С3-13-23, С3-14-23, С3-15-23, С3-16-23
A7: День недели | B7: Дата | C7: Время | D7: 10 группа | E7: 11 группа | F7: 12 группа | G7: 13 группа | H7: 14 группа | I7: 15 группа | J7: 16 группа
D8: танцевальный спорт, чир спорт | E8: фигурное катание на коньках, конькобежный спорт, шорт-трек, кёрлинг | F8: легкая атлетика | G8: плавание, синхронное плавание | H8: гребные и парусные виды спорта, циклические и сложнокоординационные виды лыжного спорта | I8: велосипедный спорт, триатлон, спортивная акробатика, прыжки на батуте, спортивная гимнастика, воздушно-силовая атлетика | J8: художественная гимнастика, эстетическая гимнастика, спортивная аэробика, фитнес аэробика
A9: Понедельник | B9: 46328 | C9: 8.50-10.20
C10: 10.40-12.10
C11: 13.00-14.30 | D11: Учебная практика: Тренерская практика (дискретно) 20.10.2026 - 01.12.2026
C12: 14.50-16.20
C13: 16.40-18.10
A14: Вторник | B14: =B9+1 -> 46329 | C14: 8.50-10.20
C15: 10.40-12.10
C16: 13.00-14.30 | D16: Учебная практика: Тренерская практика (дискретно) 20.10.2026 - 01.12.2026
C17: 14.50-16.20
C18: 16.40-18.10
A19: Среда | B19: =B14+1 -> 46330 | C19: 8.50-10.20
C20: 10.40-12.10
C21: 13.00-14.30
C22: 14.50-16.20
C23: 16.40-18.10
A24: Четверг | B24: =B19+1 -> 46331 | C24: 8.50-10.20
C25: 10.40-12.10
C26: 13.00-14.30 | D26: Учебная практика: Тренерская практика (дискретно) 20.10.2026 - 01.12.2026
C27: 14.50-16.20
C28: 16.40-18.10
A29: Пятница | B29: =B24+1 -> 46332 | C29: 8.50-10.20
C30: 10.40-12.10
C31: 13.00-14.30 | D31: Учебная практика: Тренерская практика (дискретно) 20.10.2026 - 01.12.2026
C32: 14.50-16.20
C33: 16.40-18.10
A34: Суббота | B34: =B29+1 -> 46333 | C34: 8.50-10.20
C35: 10.40-12.10
C36: 13.00-14.30 | D36: Учебная практика: Тренерская практика (дискретно) 20.10.2026 - 01.12.2026
C37: 14.50-16.20
C38: 16.40-18.10
D39: * Профили (направленность) указанны на титульном листе
C40: ='01.09'!C40 -> *Л. Основы медицинских знаний и спортивная медицина* | D40: ='26.10'!D40+COUNTIF(D$9:D$38,$C40) -> 8 | E40: ='26.10'!E40+COUNTIF(E$9:E$38,$C40) -> 8 | F40: ='26.10'!F40+COUNTIF(F$9:F$38,$C40) -> 8 | G40: ='26.10'!G40+COUNTIF(G$9:G$38,$C40) -> 8 | H40: ='26.10'!H40+COUNTIF(H$9:H$38,$C40) -> 8 | I40: ='26.10'!I40+COUNTIF(I$9:I$38,$C40) -> 8 | J40: ='26.10'!J40+COUNTIF(J$9:J$38,$C40) -> 8
C41: ='01.09'!C41 -> *Пр. Основы медицинских знаний и спортивная медицина* | D41: ='26.10'!D41+COUNTIF(D$9:D$38,$C41) -> 14 | E41: ='26.10'!E41+COUNTIF(E$9:E$38,$C41) -> 14 | F41: ='26.10'!F41+COUNTIF(F$9:F$38,$C41) -> 13 | G41: ='26.10'!G41+COUNTIF(G$9:G$38,$C41) -> 9 | H41: ='26.10'!H41+COUNTIF(H$9:H$38,$C41) -> 14 | I41: ='26.10'!I41+COUNTIF(I$9:I$38,$C41) -> 13 | J41: ='26.10'!J41+COUNTIF(J$9:J$38,$C41) -> 13
C42: ='01.09'!C42 -> *Л. Массаж* | D42: ='26.10'!D42+COUNTIF(D$9:D$38,$C42) -> 5 | E42: ='26.10'!E42+COUNTIF(E$9:E$38,$C42) -> 5 | F42: ='26.10'!F42+COUNTIF(F$9:F$38,$C42) -> 5 | G42: ='26.10'!G42+COUNTIF(G$9:G$38,$C42) -> 5 | H42: ='26.10'!H42+COUNTIF(H$9:H$38,$C42) -> 5 | I42: ='26.10'!I42+COUNTIF(I$9:I$38,$C42) -> 5 | J42: ='26.10'!J42+COUNTIF(J$9:J$38,$C42) -> 5
C43: ='01.09'!C43 -> *Пр. Массаж* | D43: ='26.10'!D43+COUNTIF(D$9:D$38,$C43) -> 13 | E43: ='26.10'!E43+COUNTIF(E$9:E$38,$C43) -> 13 | F43: ='26.10'!F43+COUNTIF(F$9:F$38,$C43) -> 13 | G43: ='26.10'!G43+COUNTIF(G$9:G$38,$C43) -> 14 | H43: ='26.10'!H43+COUNTIF(H$9:H$38,$C43) -> 14 | I43: ='26.10'!I43+COUNTIF(I$9:I$38,$C43) -> 14 | J43: ='26.10'!J43+COUNTIF(J$9:J$38,$C43) -> 14
C44: ='01.09'!C44 -> *Л. Правовые основы профессиональной деятельности* | D44: ='26.10'!D44+COUNTIF(D$9:D$38,$C44) -> 5 | E44: ='26.10'!E44+COUNTIF(E$9:E$38,$C44) -> 5 | F44: ='26.10'!F44+COUNTIF(F$9:F$38,$C44) -> 5 | G44: ='26.10'!G44+COUNTIF(G$9:G$38,$C44) -> 5 | H44: ='26.10'!H44+COUNTIF(H$9:H$38,$C44) -> 5 | I44: ='26.10'!I44+COUNTIF(I$9:I$38,$C44) -> 5 | J44: ='26.10'!J44+COUNTIF(J$9:J$38,$C44) -> 5
C45: ='01.09'!C45 -> *Пр. Правовые основы профессиональной деятельности* | D45: ='26.10'!D45+COUNTIF(D$9:D$38,$C45) -> 7 | E45: ='26.10'!E45+COUNTIF(E$9:E$38,$C45) -> 8 | F45: ='26.10'!F45+COUNTIF(F$9:F$38,$C45) -> 7 | G45: ='26.10'!G45+COUNTIF(G$9:G$38,$C45) -> 7 | H45: ='26.10'!H45+COUNTIF(H$9:H$38,$C45) -> 7 | I45: ='26.10'!I45+COUNTIF(I$9:I$38,$C45) -> 6 | J45: ='26.10'!J45+COUNTIF(J$9:J$38,$C45) -> 7
C46: ='01.09'!C46 -> *Л. Теория и методика* | D46: ='26.10'!D46+COUNTIF(D$9:D$38,$C46) -> 4 | E46: ='26.10'!E46+COUNTIF(E$9:E$38,$C46) -> 4 | F46: ='26.10'!F46+COUNTIF(F$9:F$38,$C46) -> 4 | G46: ='26.10'!G46+COUNTIF(G$9:G$38,$C46) -> 4 | H46: ='26.10'!H46+COUNTIF(H$9:H$38,$C46) -> 4 | I46: ='26.10'!I46+COUNTIF(I$9:I$38,$C46) -> 4 | J46: ='26.10'!J46+COUNTIF(J$9:J$38,$C46) -> 4
C47: ='01.09'!C47 -> *Пр. Теория и методика* | D47: ='26.10'!D47+COUNTIF(D$9:D$38,$C47) -> 30 | E47: ='26.10'!E47+COUNTIF(E$9:E$38,$C47) -> 30 | F47: ='26.10'!F47+COUNTIF(F$9:F$38,$C47) -> 31 | G47: ='26.10'!G47+COUNTIF(G$9:G$38,$C47) -> 35 | H47: ='26.10'!H47+COUNTIF(H$9:H$38,$C47) -> 35 | I47: ='26.10'!I47+COUNTIF(I$9:I$38,$C47) -> 37 | J47: ='26.10'!J47+COUNTIF(J$9:J$38,$C47) -> 37
C48: ='01.09'!C48 -> *Л. Спортивная метрология* | D48: ='26.10'!D48+COUNTIF(D$9:D$38,$C48) -> 5 | E48: ='26.10'!E48+COUNTIF(E$9:E$38,$C48) -> 5 | F48: ='26.10'!F48+COUNTIF(F$9:F$38,$C48) -> 5 | G48: ='26.10'!G48+COUNTIF(G$9:G$38,$C48) -> 5 | H48: ='26.10'!H48+COUNTIF(H$9:H$38,$C48) -> 5 | I48: ='26.10'!I48+COUNTIF(I$9:I$38,$C48) -> 5 | J48: ='26.10'!J48+COUNTIF(J$9:J$38,$C48) -> 5
C49: ='01.09'!C49 -> *Пр. Спортивная метрология* | D49: ='26.10'!D49+COUNTIF(D$9:D$38,$C49) -> 7 | E49: ='26.10'!E49+COUNTIF(E$9:E$38,$C49) -> 7 | F49: ='26.10'!F49+COUNTIF(F$9:F$38,$C49) -> 7 | G49: ='26.10'!G49+COUNTIF(G$9:G$38,$C49) -> 7 | H49: ='26.10'!H49+COUNTIF(H$9:H$38,$C49) -> 7 | I49: ='26.10'!I49+COUNTIF(I$9:I$38,$C49) -> 7 | J49: ='26.10'!J49+COUNTIF(J$9:J$38,$C49) -> 7
C50: ='01.09'!C50 -> *Л. Теория и методика циклических и сложнокоординационных* | D50: ='26.10'!D50+COUNTIF(D$9:D$38,$C50) -> 0 | E50: ='26.10'!E50+COUNTIF(E$9:E$38,$C50) -> 0 | F50: ='26.10'!F50+COUNTIF(F$9:F$38,$C50) -> 0 | G50: ='26.10'!G50+COUNTIF(G$9:G$38,$C50) -> 0 | H50: ='26.10'!H50+COUNTIF(H$9:H$38,$C50) -> 4 | I50: ='26.10'!I50+COUNTIF(I$9:I$38,$C50) -> 0 | J50: ='26.10'!J50+COUNTIF(J$9:J$38,$C50) -> 0
C51: ='01.09'!C51 -> *Пр. Теория и методика циклических и сложнокоординационных* | D51: ='26.10'!D51+COUNTIF(D$9:D$38,$C51) -> 0 | E51: ='26.10'!E51+COUNTIF(E$9:E$38,$C51) -> 0 | F51: ='26.10'!F51+COUNTIF(F$9:F$38,$C51) -> 0 | G51: ='26.10'!G51+COUNTIF(G$9:G$38,$C51) -> 0 | H51: ='26.10'!H51+COUNTIF(H$9:H$38,$C51) -> 39 | I51: ='26.10'!I51+COUNTIF(I$9:I$38,$C51) -> 0 | J51: ='26.10'!J51+COUNTIF(J$9:J$38,$C51) -> 0
... C68: ='01.09'!C68 -> 0 | D68: ='26.10'!D68+COUNTIF(D$9:D$38,$C68) -> 0 | E68: ='26.10'!E68+COUNTIF(E$9:E$38,$C68) -> 0 | F68: ='26.10'!F68+COUNTIF(F$9:F$38,$C68) -> 0 | G68: ='26.10'!G68+COUNTIF(G$9:G$38,$C68) -> 0 | H68: ='26.10'!H68+COUNTIF(H$9:H$38,$C68) -> 0 | I68: ='26.10'!I68+COUNTIF(I$9:I$38,$C68) -> 0 | J68: ='26.10'!J68+COUNTIF(J$9:J$38,$C68) -> 0

Sheet 09.11
B1: Расписание учебных занятий на первое полугодие 2026-2027 учебного года
B2: ТРЕНЕРСКИЙ ФАКУЛЬТЕТ, направление подготовки (образовательная программа)
A3: 49.03.04 Спорт*
B4: Курс 4, семестр 7, очная форма обучения
B5: группы С3-10-23, С3-11-23, С3-12-23, С3-13-23, С3-14-23, С3-15-23, С3-16-23
A7: День недели | B7: Дата | C7: Время | D7: 10 группа | E7: 11 группа | F7: 12 группа | G7: 13 группа | H7: 14 группа | I7: 15 группа | J7: 16 группа
D8: танцевальный спорт, чир спорт | E8: фигурное катание на коньках, конькобежный спорт, шорт-трек, кёрлинг | F8: легкая атлетика | G8: плавание, синхронное плавание | H8: гребные и парусные виды спорта, циклические и сложнокоординационные виды лыжного спорта | I8: велосипедный спорт, триатлон, спортивная акробатика, прыжки на батуте, спортивная гимнастика, воздушно-силовая атлетика | J8: художественная гимнастика, эстетическая гимнастика, спортивная аэробика, фитнес аэробика
A9: Понедельник | B9: 46335 | C9: 8.50-10.20
C10: 10.40-12.10
C11: 13.00-14.30 | D11: Учебная практика: Тренерская практика (дискретно) 20.10.2026 - 01.12.2026
C12: 14.50-16.20
C13: 16.40-18.10
A14: Вторник | B14: =B9+1 -> 46336 | C14: 8.50-10.20
C15: 10.40-12.10
C16: 13.00-14.30 | D16: Учебная практика: Тренерская практика (дискретно) 20.10.2026 - 01.12.2026
C17: 14.50-16.20
C18: 16.40-18.10
A19: Среда | B19: =B14+1 -> 46337 | C19: 8.50-10.20
C20: 10.40-12.10
C21: 13.00-14.30 | D21: Учебная практика: Тренерская практика (дискретно) 20.10.2026 - 01.12.2026
C22: 14.50-16.20
C23: 16.40-18.10
A24: Четверг | B24: =B19+1 -> 46338 | C24: 8.50-10.20
C25: 10.40-12.10
C26: 13.00-14.30 | D26: Учебная практика: Тренерская практика (дискретно) 20.10.2026 - 01.12.2026
C27: 14.50-16.20
C28: 16.40-18.10
A29: Пятница | B29: =B24+1 -> 46339 | C29: 8.50-10.20
C30: 10.40-12.10
C31: 13.00-14.30 | D31: Учебная практика: Тренерская практика (дискретно) 20.10.2026 - 01.12.2026
C32: 14.50-16.20
C33: 16.40-18.10
A34: Суббота | B34: =B29+1 -> 46340 | C34: 8.50-10.20
C35: 10.40-12.10
C36: 13.00-14.30 | D36: Учебная практика: Тренерская практика (дискретно) 20.10.2026 - 01.12.2026
C37: 14.50-16.20
C38: 16.40-18.10
D39: * Профили (направленность) указанны на титульном листе
C40: ='01.09'!C40 -> *Л. Основы медицинских знаний и спортивная медицина* | D40: ='02.11'!D40+COUNTIF(D$9:D$38,$C40) -> 8 | E40: ='02.11'!E40+COUNTIF(E$9:E$38,$C40) -> 8 | F40: ='02.11'!F40+COUNTIF(F$9:F$38,$C40) -> 8 | G40: ='02.11'!G40+COUNTIF(G$9:G$38,$C40) -> 8 | H40: ='02.11'!H40+COUNTIF(H$9:H$38,$C40) -> 8 | I40: ='02.11'!I40+COUNTIF(I$9:I$38,$C40) -> 8 | J40: ='02.11'!J40+COUNTIF(J$9:J$38,$C40) -> 8
C41: ='01.09'!C41 -> *Пр. Основы медицинских знаний и спортивная медицина* | D41: ='02.11'!D41+COUNTIF(D$9:D$38,$C41) -> 14 | E41: ='02.11'!E41+COUNTIF(E$9:E$38,$C41) -> 14 | F41: ='02.11'!F41+COUNTIF(F$9:F$38,$C41) -> 13 | G41: ='02.11'!G41+COUNTIF(G$9:G$38,$C41) -> 9 | H41: ='02.11'!H41+COUNTIF(H$9:H$38,$C41) -> 14 | I41: ='02.11'!I41+COUNTIF(I$9:I$38,$C41) -> 13 | J41: ='02.11'!J41+COUNTIF(J$9:J$38,$C41) -> 13
C42: ='01.09'!C42 -> *Л. Массаж* | D42: ='02.11'!D42+COUNTIF(D$9:D$38,$C42) -> 5 | E42: ='02.11'!E42+COUNTIF(E$9:E$38,$C42) -> 5 | F42: ='02.11'!F42+COUNTIF(F$9:F$38,$C42) -> 5 | G42: ='02.11'!G42+COUNTIF(G$9:G$38,$C42) -> 5 | H42: ='02.11'!H42+COUNTIF(H$9:H$38,$C42) -> 5 | I42: ='02.11'!I42+COUNTIF(I$9:I$38,$C42) -> 5 | J42: ='02.11'!J42+COUNTIF(J$9:J$38,$C42) -> 5
C43: ='01.09'!C43 -> *Пр. Массаж* | D43: ='02.11'!D43+COUNTIF(D$9:D$38,$C43) -> 13 | E43: ='02.11'!E43+COUNTIF(E$9:E$38,$C43) -> 13 | F43: ='02.11'!F43+COUNTIF(F$9:F$38,$C43) -> 13 | G43: ='02.11'!G43+COUNTIF(G$9:G$38,$C43) -> 14 | H43: ='02.11'!H43+COUNTIF(H$9:H$38,$C43) -> 14 | I43: ='02.11'!I43+COUNTIF(I$9:I$38,$C43) -> 14 | J43: ='02.11'!J43+COUNTIF(J$9:J$38,$C43) -> 14
C44: ='01.09'!C44 -> *Л. Правовые основы профессиональной деятельности* | D44: ='02.11'!D44+COUNTIF(D$9:D$38,$C44) -> 5 | E44: ='02.11'!E44+COUNTIF(E$9:E$38,$C44) -> 5 | F44: ='02.11'!F44+COUNTIF(F$9:F$38,$C44) -> 5 | G44: ='02.11'!G44+COUNTIF(G$9:G$38,$C44) -> 5 | H44: ='02.11'!H44+COUNTIF(H$9:H$38,$C44) -> 5 | I44: ='02.11'!I44+COUNTIF(I$9:I$38,$C44) -> 5 | J44: ='02.11'!J44+COUNTIF(J$9:J$38,$C44) -> 5
C45: ='01.09'!C45 -> *Пр. Правовые основы профессиональной деятельности* | D45: ='02.11'!D45+COUNTIF(D$9:D$38,$C45) -> 7 | E45: ='02.11'!E45+COUNTIF(E$9:E$38,$C45) -> 8 | F45: ='02.11'!F45+COUNTIF(F$9:F$38,$C45) -> 7 | G45: ='02.11'!G45+COUNTIF(G$9:G$38,$C45) -> 7 | H45: ='02.11'!H45+COUNTIF(H$9:H$38,$C45) -> 7 | I45: ='02.11'!I45+COUNTIF(I$9:I$38,$C45) -> 6 | J45: ='02.11'!J45+COUNTIF(J$9:J$38,$C45) -> 7
C46: ='01.09'!C46 -> *Л. Теория и методика* | D46: ='02.11'!D46+COUNTIF(D$9:D$38,$C46) -> 4 | E46: ='02.11'!E46+COUNTIF(E$9:E$38,$C46) -> 4 | F46: ='02.11'!F46+COUNTIF(F$9:F$38,$C46) -> 4 | G46: ='02.11'!G46+COUNTIF(G$9:G$38,$C46) -> 4 | H46: ='02.11'!H46+COUNTIF(H$9:H$38,$C46) -> 4 | I46: ='02.11'!I46+COUNTIF(I$9:I$38,$C46) -> 4 | J46: ='02.11'!J46+COUNTIF(J$9:J$38,$C46) -> 4
C47: ='01.09'!C47 -> *Пр. Теория и методика* | D47: ='02.11'!D47+COUNTIF(D$9:D$38,$C47) -> 30 | E47: ='02.11'!E47+COUNTIF(E$9:E$38,$C47) -> 30 | F47: ='02.11'!F47+COUNTIF(F$9:F$38,$C47) -> 31 | G47: ='02.11'!G47+COUNTIF(G$9:G$38,$C47) -> 35 | H47: ='02.11'!H47+COUNTIF(H$9:H$38,$C47) -> 35 | I47: ='02.11'!I47+COUNTIF(I$9:I$38,$C47) -> 37 | J47: ='02.11'!J47+COUNTIF(J$9:J$38,$C47) -> 37
C48: ='01.09'!C48 -> *Л. Спортивная метрология* | D48: ='02.11'!D48+COUNTIF(D$9:D$38,$C48) -> 5 | E48: ='02.11'!E48+COUNTIF(E$9:E$38,$C48) -> 5 | F48: ='02.11'!F48+COUNTIF(F$9:F$38,$C48) -> 5 | G48: ='02.11'!G48+COUNTIF(G$9:G$38,$C48) -> 5 | H48: ='02.11'!H48+COUNTIF(H$9:H$38,$C48) -> 5 | I48: ='02.11'!I48+COUNTIF(I$9:I$38,$C48) -> 5 | J48: ='02.11'!J48+COUNTIF(J$9:J$38,$C48) -> 5
C49: ='01.09'!C49 -> *Пр. Спортивная метрология* | D49: ='02.11'!D49+COUNTIF(D$9:D$38,$C49) -> 7 | E49: ='02.11'!E49+COUNTIF(E$9:E$38,$C49) -> 7 | F49: ='02.11'!F49+COUNTIF(F$9:F$38,$C49) -> 7 | G49: ='02.11'!G49+COUNTIF(G$9:G$38,$C49) -> 7 | H49: ='02.11'!H49+COUNTIF(H$9:H$38,$C49) -> 7 | I49: ='02.11'!I49+COUNTIF(I$9:I$38,$C49) -> 7 | J49: ='02.11'!J49+COUNTIF(J$9:J$38,$C49) -> 7
C50: ='01.09'!C50 -> *Л. Теория и методика циклических и сложнокоординационных* | D50: ='02.11'!D50+COUNTIF(D$9:D$38,$C50) -> 0 | E50: ='02.11'!E50+COUNTIF(E$9:E$38,$C50) -> 0 | F50: ='02.11'!F50+COUNTIF(F$9:F$38,$C50) -> 0 | G50: ='02.11'!G50+COUNTIF(G$9:G$38,$C50) -> 0 | H50: ='02.11'!H50+COUNTIF(H$9:H$38,$C50) -> 4 | I50: ='02.11'!I50+COUNTIF(I$9:I$38,$C50) -> 0 | J50: ='02.11'!J50+COUNTIF(J$9:J$38,$C50) -> 0
C51: ='01.09'!C51 -> *Пр. Теория и методика циклических и сложнокоординационных* | D51: ='02.11'!D51+COUNTIF(D$9:D$38,$C51) -> 0 | E51: ='02.11'!E51+COUNTIF(E$9:E$38,$C51) -> 0 | F51: ='02.11'!F51+COUNTIF(F$9:F$38,$C51) -> 0 | G51: ='02.11'!G51+COUNTIF(G$9:G$38,$C51) -> 0 | H51: ='02.11'!H51+COUNTIF(H$9:H$38,$C51) -> 39 | I51: ='02.11'!I51+COUNTIF(I$9:I$38,$C51) -> 0 | J51: ='02.11'!J51+COUNTIF(J$9:J$38,$C51) -> 0
... C67: ='01.09'!C67 -> 0 | D67: ='02.11'!D67+COUNTIF(D$9:D$38,$C67) -> 0 | E67: ='02.11'!E67+COUNTIF(E$9:E$38,$C67) -> 0 | F67: ='02.11'!F67+COUNTIF(F$9:F$38,$C67) -> 0 | G67: ='02.11'!G67+COUNTIF(G$9:G$38,$C67) -> 0 | H67: ='02.11'!H67+COUNTIF(H$9:H$38,$C67) -> 0 | I67: ='02.11'!I67+COUNTIF(I$9:I$38,$C67) -> 0 | J67: ='02.11'!J67+COUNTIF(J$9:J$38,$C67) -> 0

Sheet 16.11
B1: Расписание учебных занятий на первое полугодие 2026-2027 учебного года
B2: ТРЕНЕРСКИЙ ФАКУЛЬТЕТ, направление подготовки (образовательная программа)
A3: 49.03.04 Спорт*
B4: Курс 4, семестр 7, очная форма обучения
B5: группы С3-10-23, С3-11-23, С3-12-23, С3-13-23, С3-14-23, С3-15-23, С3-16-23
A7: День недели | B7: Дата | C7: Время | D7: 10 группа | E7: 11 группа | F7: 12 группа | G7: 13 группа | H7: 14 группа | I7: 15 группа | J7: 16 группа
D8: танцевальный спорт, чир спорт | E8: фигурное катание на коньках, конькобежный спорт, шорт-трек, кёрлинг | F8: легкая атлетика | G8: плавание, синхронное плавание | H8: гребные и парусные виды спорта, циклические и сложнокоординационные виды лыжного спорта | I8: велосипедный спорт, триатлон, спортивная акробатика, прыжки на батуте, спортивная гимнастика, воздушно-силовая атлетика | J8: художественная гимнастика, эстетическая гимнастика, спортивная аэробика, фитнес аэробика
A9: Понедельник | B9: 46342 | C9: 8.50-10.20
C10: 10.40-12.10
C11: 13.00-14.30 | D11: Учебная практика: Тренерская практика (дискретно) 20.10.2026 - 01.12.2026
C12: 14.50-16.20
C13: 16.40-18.10
A14: Вторник | B14: =B9+1 -> 46343 | C14: 8.50-10.20
C15: 10.40-12.10
C16: 13.00-14.30 | D16: Учебная практика: Тренерская практика (дискретно) 20.10.2026 - 01.12.2026
C17: 14.50-16.20
C18: 16.40-18.10
A19: Среда | B19: =B14+1 -> 46344 | C19: 8.50-10.20
C20: 10.40-12.10
C21: 13.00-14.30 | D21: Учебная практика: Тренерская практика (дискретно) 20.10.2026 - 01.12.2026
C22: 14.50-16.20
C23: 16.40-18.10
A24: Четверг | B24: =B19+1 -> 46345 | C24: 8.50-10.20
C25: 10.40-12.10
C26: 13.00-14.30 | D26: Учебная практика: Тренерская практика (дискретно) 20.10.2026 - 01.12.2026
C27: 14.50-16.20
C28: 16.40-18.10
A29: Пятница | B29: =B24+1 -> 46346 | C29: 8.50-10.20
C30: 10.40-12.10
C31: 13.00-14.30 | D31: Учебная практика: Тренерская практика (дискретно) 20.10.2026 - 01.12.2026
C32: 14.50-16.20
C33: 16.40-18.10
A34: Суббота | B34: =B29+1 -> 46347 | C34: 8.50-10.20
C35: 10.40-12.10
C36: 13.00-14.30 | D36: Учебная практика: Тренерская практика (дискретно) 20.10.2026 - 01.12.2026
C37: 14.50-16.20
C38: 16.40-18.10
D39: * Профили (направленность) указанны на титульном листе
C40: ='01.09'!C40 -> *Л. Основы медицинских знаний и спортивная медицина* | D40: ='09.11'!D40+COUNTIF(D$9:D$38,$C40) -> 8 | E40: ='09.11'!E40+COUNTIF(E$9:E$38,$C40) -> 8 | F40: ='09.11'!F40+COUNTIF(F$9:F$38,$C40) -> 8 | G40: ='09.11'!G40+COUNTIF(G$9:G$38,$C40) -> 8 | H40: ='09.11'!H40+COUNTIF(H$9:H$38,$C40) -> 8 | I40: ='09.11'!I40+COUNTIF(I$9:I$38,$C40) -> 8 | J40: ='09.11'!J40+COUNTIF(J$9:J$38,$C40) -> 8
C41: ='01.09'!C41 -> *Пр. Основы медицинских знаний и спортивная медицина* | D41: ='09.11'!D41+COUNTIF(D$9:D$38,$C41) -> 14 | E41: ='09.11'!E41+COUNTIF(E$9:E$38,$C41) -> 14 | F41: ='09.11'!F41+COUNTIF(F$9:F$38,$C41) -> 13 | G41: ='09.11'!G41+COUNTIF(G$9:G$38,$C41) -> 9 | H41: ='09.11'!H41+COUNTIF(H$9:H$38,$C41) -> 14 | I41: ='09.11'!I41+COUNTIF(I$9:I$38,$C41) -> 13 | J41: ='09.11'!J41+COUNTIF(J$9:J$38,$C41) -> 13
C42: ='01.09'!C42 -> *Л. Массаж* | D42: ='09.11'!D42+COUNTIF(D$9:D$38,$C42) -> 5 | E42: ='09.11'!E42+COUNTIF(E$9:E$38,$C42) -> 5 | F42: ='09.11'!F42+COUNTIF(F$9:F$38,$C42) -> 5 | G42: ='09.11'!G42+COUNTIF(G$9:G$38,$C42) -> 5 | H42: ='09.11'!H42+COUNTIF(H$9:H$38,$C42) -> 5 | I42: ='09.11'!I42+COUNTIF(I$9:I$38,$C42) -> 5 | J42: ='09.11'!J42+COUNTIF(J$9:J$38,$C42) -> 5
C43: ='01.09'!C43 -> *Пр. Массаж* | D43: ='09.11'!D43+COUNTIF(D$9:D$38,$C43) -> 13 | E43: ='09.11'!E43+COUNTIF(E$9:E$38,$C43) -> 13 | F43: ='09.11'!F43+COUNTIF(F$9:F$38,$C43) -> 13 | G43: ='09.11'!G43+COUNTIF(G$9:G$38,$C43) -> 14 | H43: ='09.11'!H43+COUNTIF(H$9:H$38,$C43) -> 14 | I43: ='09.11'!I43+COUNTIF(I$9:I$38,$C43) -> 14 | J43: ='09.11'!J43+COUNTIF(J$9:J$38,$C43) -> 14
C44: ='01.09'!C44 -> *Л. Правовые основы профессиональной деятельности* | D44: ='09.11'!D44+COUNTIF(D$9:D$38,$C44) -> 5 | E44: ='09.11'!E44+COUNTIF(E$9:E$38,$C44) -> 5 | F44: ='09.11'!F44+COUNTIF(F$9:F$38,$C44) -> 5 | G44: ='09.11'!G44+COUNTIF(G$9:G$38,$C44) -> 5 | H44: ='09.11'!H44+COUNTIF(H$9:H$38,$C44) -> 5 | I44: ='09.11'!I44+COUNTIF(I$9:I$38,$C44) -> 5 | J44: ='09.11'!J44+COUNTIF(J$9:J$38,$C44) -> 5
C45: ='01.09'!C45 -> *Пр. Правовые основы профессиональной деятельности* | D45: ='09.11'!D45+COUNTIF(D$9:D$38,$C45) -> 7 | E45: ='09.11'!E45+COUNTIF(E$9:E$38,$C45) -> 8 | F45: ='09.11'!F45+COUNTIF(F$9:F$38,$C45) -> 7 | G45: ='09.11'!G45+COUNTIF(G$9:G$38,$C45) -> 7 | H45: ='09.11'!H45+COUNTIF(H$9:H$38,$C45) -> 7 | I45: ='09.11'!I45+COUNTIF(I$9:I$38,$C45) -> 6 | J45: ='09.11'!J45+COUNTIF(J$9:J$38,$C45) -> 7
C46: ='01.09'!C46 -> *Л. Теория и методика* | D46: ='09.11'!D46+COUNTIF(D$9:D$38,$C46) -> 4 | E46: ='09.11'!E46+COUNTIF(E$9:E$38,$C46) -> 4 | F46: ='09.11'!F46+COUNTIF(F$9:F$38,$C46) -> 4 | G46: ='09.11'!G46+COUNTIF(G$9:G$38,$C46) -> 4 | H46: ='09.11'!H46+COUNTIF(H$9:H$38,$C46) -> 4 | I46: ='09.11'!I46+COUNTIF(I$9:I$38,$C46) -> 4 | J46: ='09.11'!J46+COUNTIF(J$9:J$38,$C46) -> 4
C47: ='01.09'!C47 -> *Пр. Теория и методика* | D47: ='09.11'!D47+COUNTIF(D$9:D$38,$C47) -> 30 | E47: ='09.11'!E47+COUNTIF(E$9:E$38,$C47) -> 30 | F47: ='09.11'!F47+COUNTIF(F$9:F$38,$C47) -> 31 | G47: ='09.11'!G47+COUNTIF(G$9:G$38,$C47) -> 35 | H47: ='09.11'!H47+COUNTIF(H$9:H$38,$C47) -> 35 | I47: ='09.11'!I47+COUNTIF(I$9:I$38,$C47) -> 37 | J47: ='09.11'!J47+COUNTIF(J$9:J$38,$C47) -> 37
C48: ='01.09'!C48 -> *Л. Спортивная метрология* | D48: ='09.11'!D48+COUNTIF(D$9:D$38,$C48) -> 5 | E48: ='09.11'!E48+COUNTIF(E$9:E$38,$C48) -> 5 | F48: ='09.11'!F48+COUNTIF(F$9:F$38,$C48) -> 5 | G48: ='09.11'!G48+COUNTIF(G$9:G$38,$C48) -> 5 | H48: ='09.11'!H48+COUNTIF(H$9:H$38,$C48) -> 5 | I48: ='09.11'!I48+COUNTIF(I$9:I$38,$C48) -> 5 | J48: ='09.11'!J48+COUNTIF(J$9:J$38,$C48) -> 5
C49: ='01.09'!C49 -> *Пр. Спортивная метрология* | D49: ='09.11'!D49+COUNTIF(D$9:D$38,$C49) -> 7 | E49: ='09.11'!E49+COUNTIF(E$9:E$38,$C49) -> 7 | F49: ='09.11'!F49+COUNTIF(F$9:F$38,$C49) -> 7 | G49: ='09.11'!G49+COUNTIF(G$9:G$38,$C49) -> 7 | H49: ='09.11'!H49+COUNTIF(H$9:H$38,$C49) -> 7 | I49: ='09.11'!I49+COUNTIF(I$9:I$38,$C49) -> 7 | J49: ='09.11'!J49+COUNTIF(J$9:J$38,$C49) -> 7
C50: ='01.09'!C50 -> *Л. Теория и методика циклических и сложнокоординационных* | D50: ='09.11'!D50+COUNTIF(D$9:D$38,$C50) -> 0 | E50: ='09.11'!E50+COUNTIF(E$9:E$38,$C50) -> 0 | F50: ='09.11'!F50+COUNTIF(F$9:F$38,$C50) -> 0 | G50: ='09.11'!G50+COUNTIF(G$9:G$38,$C50) -> 0 | H50: ='09.11'!H50+COUNTIF(H$9:H$38,$C50) -> 4 | I50: ='09.11'!I50+COUNTIF(I$9:I$38,$C50) -> 0 | J50: ='09.11'!J50+COUNTIF(J$9:J$38,$C50) -> 0
C51: ='01.09'!C51 -> *Пр. Теория и методика циклических и сложнокоординационных* | D51: ='09.11'!D51+COUNTIF(D$9:D$38,$C51) -> 0 | E51: ='09.11'!E51+COUNTIF(E$9:E$38,$C51) -> 0 | F51: ='09.11'!F51+COUNTIF(F$9:F$38,$C51) -> 0 | G51: ='09.11'!G51+COUNTIF(G$9:G$38,$C51) -> 0 | H51: ='09.11'!H51+COUNTIF(H$9:H$38,$C51) -> 39 | I51: ='09.11'!I51+COUNTIF(I$9:I$38,$C51) -> 0 | J51: ='09.11'!J51+COUNTIF(J$9:J$38,$C51) -> 0
... C68: ='01.09'!C68 -> 0 | D68: ='09.11'!D68+COUNTIF(D$9:D$38,$C68) -> 0 | E68: ='09.11'!E68+COUNTIF(E$9:E$38,$C68) -> 0 | F68: ='09.11'!F68+COUNTIF(F$9:F$38,$C68) -> 0 | G68: ='09.11'!G68+COUNTIF(G$9:G$38,$C68) -> 0 | H68: ='09.11'!H68+COUNTIF(H$9:H$38,$C68) -> 0 | I68: ='09.11'!I68+COUNTIF(I$9:I$38,$C68) -> 0 | J68: ='09.11'!J68+COUNTIF(J$9:J$38,$C68) -> 0

Sheet 23.11
B1: Расписание учебных занятий на первое полугодие 2026-2027 учебного года
B2: ТРЕНЕРСКИЙ ФАКУЛЬТЕТ, направление подготовки (образовательная программа)
A3: 49.03.04 Спорт*
B4: Курс 4, семестр 7, очная форма обучения
B5: группы С3-10-23, С3-11-23, С3-12-23, С3-13-23, С3-14-23, С3-15-23, С3-16-23
A7: День недели | B7: Дата | C7: Время | D7: 10 группа | E7: 11 группа | F7: 12 группа | G7: 13 группа | H7: 14 группа | I7: 15 группа | J7: 16 группа
D8: танцевальный спорт, чир спорт | E8: фигурное катание на коньках, конькобежный спорт, шорт-трек, кёрлинг | F8: легкая атлетика | G8: плавание, синхронное плавание | H8: гребные и парусные виды спорта, циклические и сложнокоординационные виды лыжного спорта | I8: велосипедный спорт, триатлон, спортивная акробатика, прыжки на батуте, спортивная гимнастика, воздушно-силовая атлетика | J8: художественная гимнастика, эстетическая гимнастика, спортивная аэробика, фитнес аэробика
A9: Понедельник | B9: 46349 | C9: 8.50-10.20
C10: 10.40-12.10
C11: 13.00-14.30 | D11: Учебная практика: Тренерская практика (дискретно) 20.10.2026 - 01.12.2026
C12: 14.50-16.20
C13: 16.40-18.10
A14: Вторник | B14: =B9+1 -> 46350 | C14: 8.50-10.20
C15: 10.40-12.10
C16: 13.00-14.30 | D16: Учебная практика: Тренерская практика (дискретно) 20.10.2026 - 01.12.2026
C17: 14.50-16.20
C18: 16.40-18.10
A19: Среда | B19: =B14+1 -> 46351 | C19: 8.50-10.20
C20: 10.40-12.10
C21: 13.00-14.30 | D21: Учебная практика: Тренерская практика (дискретно) 20.10.2026 - 01.12.2026
C22: 14.50-16.20
C23: 16.40-18.10
A24: Четверг | B24: =B19+1 -> 46352 | C24: 8.50-10.20
C25: 10.40-12.10
C26: 13.00-14.30 | D26: Учебная практика: Тренерская практика (дискретно) 20.10.2026 - 01.12.2026
C27: 14.50-16.20
C28: 16.40-18.10
A29: Пятница | B29: =B24+1 -> 46353 | C29: 8.50-10.20
C30: 10.40-12.10
C31: 13.00-14.30 | D31: Учебная практика: Тренерская практика (дискретно) 20.10.2026 - 01.12.2026
C32: 14.50-16.20
C33: 16.40-18.10
A34: Суббота | B34: =B29+1 -> 46354 | C34: 8.50-10.20
C35: 10.40-12.10
C36: 13.00-14.30 | D36: Учебная практика: Тренерская практика (дискретно) 20.10.2026 - 01.12.2026
C37: 14.50-16.20
C38: 16.40-18.10
D39: * Профили (направленность) указанны на титульном листе
C40: ='01.09'!C40 -> *Л. Основы медицинских знаний и спортивная медицина* | D40: ='16.11'!D40+COUNTIF(D$9:D$38,$C40) -> 8 | E40: ='16.11'!E40+COUNTIF(E$9:E$38,$C40) -> 8 | F40: ='16.11'!F40+COUNTIF(F$9:F$38,$C40) -> 8 | G40: ='16.11'!G40+COUNTIF(G$9:G$38,$C40) -> 8 | H40: ='16.11'!H40+COUNTIF(H$9:H$38,$C40) -> 8 | I40: ='16.11'!I40+COUNTIF(I$9:I$38,$C40) -> 8 | J40: ='16.11'!J40+COUNTIF(J$9:J$38,$C40) -> 8
C41: ='01.09'!C41 -> *Пр. Основы медицинских знаний и спортивная медицина* | D41: ='16.11'!D41+COUNTIF(D$9:D$38,$C41) -> 14 | E41: ='16.11'!E41+COUNTIF(E$9:E$38,$C41) -> 14 | F41: ='16.11'!F41+COUNTIF(F$9:F$38,$C41) -> 13 | G41: ='16.11'!G41+COUNTIF(G$9:G$38,$C41) -> 9 | H41: ='16.11'!H41+COUNTIF(H$9:H$38,$C41) -> 14 | I41: ='16.11'!I41+COUNTIF(I$9:I$38,$C41) -> 13 | J41: ='16.11'!J41+COUNTIF(J$9:J$38,$C41) -> 13
C42: ='01.09'!C42 -> *Л. Массаж* | D42: ='16.11'!D42+COUNTIF(D$9:D$38,$C42) -> 5 | E42: ='16.11'!E42+COUNTIF(E$9:E$38,$C42) -> 5 | F42: ='16.11'!F42+COUNTIF(F$9:F$38,$C42) -> 5 | G42: ='16.11'!G42+COUNTIF(G$9:G$38,$C42) -> 5 | H42: ='16.11'!H42+COUNTIF(H$9:H$38,$C42) -> 5 | I42: ='16.11'!I42+COUNTIF(I$9:I$38,$C42) -> 5 | J42: ='16.11'!J42+COUNTIF(J$9:J$38,$C42) -> 5
C43: ='01.09'!C43 -> *Пр. Массаж* | D43: ='16.11'!D43+COUNTIF(D$9:D$38,$C43) -> 13 | E43: ='16.11'!E43+COUNTIF(E$9:E$38,$C43) -> 13 | F43: ='16.11'!F43+COUNTIF(F$9:F$38,$C43) -> 13 | G43: ='16.11'!G43+COUNTIF(G$9:G$38,$C43) -> 14 | H43: ='16.11'!H43+COUNTIF(H$9:H$38,$C43) -> 14 | I43: ='16.11'!I43+COUNTIF(I$9:I$38,$C43) -> 14 | J43: ='16.11'!J43+COUNTIF(J$9:J$38,$C43) -> 14
C44: ='01.09'!C44 -> *Л. Правовые основы профессиональной деятельности* | D44: ='16.11'!D44+COUNTIF(D$9:D$38,$C44) -> 5 | E44: ='16.11'!E44+COUNTIF(E$9:E$38,$C44) -> 5 | F44: ='16.11'!F44+COUNTIF(F$9:F$38,$C44) -> 5 | G44: ='16.11'!G44+COUNTIF(G$9:G$38,$C44) -> 5 | H44: ='16.11'!H44+COUNTIF(H$9:H$38,$C44) -> 5 | I44: ='16.11'!I44+COUNTIF(I$9:I$38,$C44) -> 5 | J44: ='16.11'!J44+COUNTIF(J$9:J$38,$C44) -> 5
C45: ='01.09'!C45 -> *Пр. Правовые основы профессиональной деятельности* | D45: ='16.11'!D45+COUNTIF(D$9:D$38,$C45) -> 7 | E45: ='16.11'!E45+COUNTIF(E$9:E$38,$C45) -> 8 | F45: ='16.11'!F45+COUNTIF(F$9:F$38,$C45) -> 7 | G45: ='16.11'!G45+COUNTIF(G$9:G$38,$C45) -> 7 | H45: ='16.11'!H45+COUNTIF(H$9:H$38,$C45) -> 7 | I45: ='16.11'!I45+COUNTIF(I$9:I$38,$C45) -> 6 | J45: ='16.11'!J45+COUNTIF(J$9:J$38,$C45) -> 7
C46: ='01.09'!C46 -> *Л. Теория и методика* | D46: ='16.11'!D46+COUNTIF(D$9:D$38,$C46) -> 4 | E46: ='16.11'!E46+COUNTIF(E$9:E$38,$C46) -> 4 | F46: ='16.11'!F46+COUNTIF(F$9:F$38,$C46) -> 4 | G46: ='16.11'!G46+COUNTIF(G$9:G$38,$C46) -> 4 | H46: ='16.11'!H46+COUNTIF(H$9:H$38,$C46) -> 4 | I46: ='16.11'!I46+COUNTIF(I$9:I$38,$C46) -> 4 | J46: ='16.11'!J46+COUNTIF(J$9:J$38,$C46) -> 4
C47: ='01.09'!C47 -> *Пр. Теория и методика* | D47: ='16.11'!D47+COUNTIF(D$9:D$38,$C47) -> 30 | E47: ='16.11'!E47+COUNTIF(E$9:E$38,$C47) -> 30 | F47: ='16.11'!F47+COUNTIF(F$9:F$38,$C47) -> 31 | G47: ='16.11'!G47+COUNTIF(G$9:G$38,$C47) -> 35 | H47: ='16.11'!H47+COUNTIF(H$9:H$38,$C47) -> 35 | I47: ='16.11'!I47+COUNTIF(I$9:I$38,$C47) -> 37 | J47: ='16.11'!J47+COUNTIF(J$9:J$38,$C47) -> 37
C48: ='01.09'!C48 -> *Л. Спортивная метрология* | D48: ='16.11'!D48+COUNTIF(D$9:D$38,$C48) -> 5 | E48: ='16.11'!E48+COUNTIF(E$9:E$38,$C48) -> 5 | F48: ='16.11'!F48+COUNTIF(F$9:F$38,$C48) -> 5 | G48: ='16.11'!G48+COUNTIF(G$9:G$38,$C48) -> 5 | H48: ='16.11'!H48+COUNTIF(H$9:H$38,$C48) -> 5 | I48: ='16.11'!I48+COUNTIF(I$9:I$38,$C48) -> 5 | J48: ='16.11'!J48+COUNTIF(J$9:J$38,$C48) -> 5
C49: ='01.09'!C49 -> *Пр. Спортивная метрология* | D49: ='16.11'!D49+COUNTIF(D$9:D$38,$C49) -> 7 | E49: ='16.11'!E49+COUNTIF(E$9:E$38,$C49) -> 7 | F49: ='16.11'!F49+COUNTIF(F$9:F$38,$C49) -> 7 | G49: ='16.11'!G49+COUNTIF(G$9:G$38,$C49) -> 7 | H49: ='16.11'!H49+COUNTIF(H$9:H$38,$C49) -> 7 | I49: ='16.11'!I49+COUNTIF(I$9:I$38,$C49) -> 7 | J49: ='16.11'!J49+COUNTIF(J$9:J$38,$C49) -> 7
C50: ='01.09'!C50 -> *Л. Теория и методика циклических и сложнокоординационных* | D50: ='16.11'!D50+COUNTIF(D$9:D$38,$C50) -> 0 | E50: ='16.11'!E50+COUNTIF(E$9:E$38,$C50) -> 0 | F50: ='16.11'!F50+COUNTIF(F$9:F$38,$C50) -> 0 | G50: ='16.11'!G50+COUNTIF(G$9:G$38,$C50) -> 0 | H50: ='16.11'!H50+COUNTIF(H$9:H$38,$C50) -> 4 | I50: ='16.11'!I50+COUNTIF(I$9:I$38,$C50) -> 0 | J50: ='16.11'!J50+COUNTIF(J$9:J$38,$C50) -> 0
C51: ='01.09'!C51 -> *Пр. Теория и методика циклических и сложнокоординационных* | D51: ='16.11'!D51+COUNTIF(D$9:D$38,$C51) -> 0 | E51: ='16.11'!E51+COUNTIF(E$9:E$38,$C51) -> 0 | F51: ='16.11'!F51+COUNTIF(F$9:F$38,$C51) -> 0 | G51: ='16.11'!G51+COUNTIF(G$9:G$38,$C51) -> 0 | H51: ='16.11'!H51+COUNTIF(H$9:H$38,$C51) -> 39 | I51: ='16.11'!I51+COUNTIF(I$9:I$38,$C51) -> 0 | J51: ='16.11'!J51+COUNTIF(J$9:J$38,$C51) -> 0
... C66: ='01.09'!C66 -> 0 | D66: ='16.11'!D66+COUNTIF(D$9:D$38,$C66) -> 0 | E66: ='16.11'!E66+COUNTIF(E$9:E$38,$C66) -> 0 | F66: ='16.11'!F66+COUNTIF(F$9:F$38,$C66) -> 0 | G66: ='16.11'!G66+COUNTIF(G$9:G$38,$C66) -> 0 | H66: ='16.11'!H66+COUNTIF(H$9:H$38,$C66) -> 0 | I66: ='16.11'!I66+COUNTIF(I$9:I$38,$C66) -> 0 | J66: ='16.11'!J66+COUNTIF(J$9:J$38,$C66) -> 0

Sheet 30.11
B1: Расписание учебных занятий на первое полугодие 2026-2027 учебного года
B2: ТРЕНЕРСКИЙ ФАКУЛЬТЕТ, направление подготовки (образовательная программа)
A3: 49.03.04 Спорт*
B4: Курс 4, семестр 7, очная форма обучения
B5: группы С3-10-23, С3-11-23, С3-12-23, С3-13-23, С3-14-23, С3-15-23, С3-16-23
A7: День недели | B7: Дата | C7: Время | D7: 10 группа | E7: 11 группа | F7: 12 группа | G7: 13 группа | H7: 14 группа | I7: 15 группа | J7: 16 группа
D8: танцевальный спорт, чир спорт | E8: фигурное катание на коньках, конькобежный спорт, шорт-трек, кёрлинг | F8: легкая атлетика | G8: плавание, синхронное плавание | H8: гребные и парусные виды спорта, циклические и сложнокоординационные виды лыжного спорта | I8: велосипедный спорт, триатлон, спортивная акробатика, прыжки на батуте, спортивная гимнастика, воздушно-силовая атлетика | J8: художественная гимнастика, эстетическая гимнастика, спортивная аэробика, фитнес аэробика
A9: Понедельник | B9: 46356 | C9: 8.50-10.20
C10: 10.40-12.10
C11: 13.00-14.30 | D11: Учебная практика: Тренерская практика (дискретно) 20.10.2026 - 01.12.2026
C12: 14.50-16.20
C13: 16.40-18.10
A14: Вторник | B14: =B9+1 -> 46357 | C14: 8.50-10.20
C15: 10.40-12.10
C16: 13.00-14.30 | D16: Учебная практика: Тренерская практика (дискретно) 20.10.2026 - 01.12.2026
C17: 14.50-16.20
C18: 16.40-18.10
A19: Среда | B19: =B14+1 -> 46358 | C19: 8.50-10.20
C20: 10.40-12.10
C21: 13.00-14.30
C22: 14.50-16.20
C23: 16.40-18.10
A24: Четверг | B24: =B19+1 -> 46359 | C24: 8.50-10.20
C25: 10.40-12.10
C26: 13.00-14.30
C27: 14.50-16.20
C28: 16.40-18.10
A29: Пятница | B29: =B24+1 -> 46360 | C29: 8.50-10.20
C30: 10.40-12.10
C31: 13.00-14.30
C32: 14.50-16.20
C33: 16.40-18.10
A34: Суббота | B34: =B29+1 -> 46361 | C34: 8.50-10.20
C35: 10.40-12.10
C36: 13.00-14.30
C37: 14.50-16.20
C38: 16.40-18.10
D39: * Профили (направленность) указанны на титульном листе
C40: ='01.09'!C40 -> *Л. Основы медицинских знаний и спортивная медицина* | D40: ='23.11'!D40+COUNTIF(D$9:D$38,$C40) -> 8 | E40: ='23.11'!E40+COUNTIF(E$9:E$38,$C40) -> 8 | F40: ='23.11'!F40+COUNTIF(F$9:F$38,$C40) -> 8 | G40: ='23.11'!G40+COUNTIF(G$9:G$38,$C40) -> 8 | H40: ='23.11'!H40+COUNTIF(H$9:H$38,$C40) -> 8 | I40: ='23.11'!I40+COUNTIF(I$9:I$38,$C40) -> 8 | J40: ='23.11'!J40+COUNTIF(J$9:J$38,$C40) -> 8
C41: ='01.09'!C41 -> *Пр. Основы медицинских знаний и спортивная медицина* | D41: ='23.11'!D41+COUNTIF(D$9:D$38,$C41) -> 14 | E41: ='23.11'!E41+COUNTIF(E$9:E$38,$C41) -> 14 | F41: ='23.11'!F41+COUNTIF(F$9:F$38,$C41) -> 13 | G41: ='23.11'!G41+COUNTIF(G$9:G$38,$C41) -> 9 | H41: ='23.11'!H41+COUNTIF(H$9:H$38,$C41) -> 14 | I41: ='23.11'!I41+COUNTIF(I$9:I$38,$C41) -> 13 | J41: ='23.11'!J41+COUNTIF(J$9:J$38,$C41) -> 13
C42: ='01.09'!C42 -> *Л. Массаж* | D42: ='23.11'!D42+COUNTIF(D$9:D$38,$C42) -> 5 | E42: ='23.11'!E42+COUNTIF(E$9:E$38,$C42) -> 5 | F42: ='23.11'!F42+COUNTIF(F$9:F$38,$C42) -> 5 | G42: ='23.11'!G42+COUNTIF(G$9:G$38,$C42) -> 5 | H42: ='23.11'!H42+COUNTIF(H$9:H$38,$C42) -> 5 | I42: ='23.11'!I42+COUNTIF(I$9:I$38,$C42) -> 5 | J42: ='23.11'!J42+COUNTIF(J$9:J$38,$C42) -> 5
C43: ='01.09'!C43 -> *Пр. Массаж* | D43: ='23.11'!D43+COUNTIF(D$9:D$38,$C43) -> 13 | E43: ='23.11'!E43+COUNTIF(E$9:E$38,$C43) -> 13 | F43: ='23.11'!F43+COUNTIF(F$9:F$38,$C43) -> 13 | G43: ='23.11'!G43+COUNTIF(G$9:G$38,$C43) -> 14 | H43: ='23.11'!H43+COUNTIF(H$9:H$38,$C43) -> 14 | I43: ='23.11'!I43+COUNTIF(I$9:I$38,$C43) -> 14 | J43: ='23.11'!J43+COUNTIF(J$9:J$38,$C43) -> 14
C44: ='01.09'!C44 -> *Л. Правовые основы профессиональной деятельности* | D44: ='23.11'!D44+COUNTIF(D$9:D$38,$C44) -> 5 | E44: ='23.11'!E44+COUNTIF(E$9:E$38,$C44) -> 5 | F44: ='23.11'!F44+COUNTIF(F$9:F$38,$C44) -> 5 | G44: ='23.11'!G44+COUNTIF(G$9:G$38,$C44) -> 5 | H44: ='23.11'!H44+COUNTIF(H$9:H$38,$C44) -> 5 | I44: ='23.11'!I44+COUNTIF(I$9:I$38,$C44) -> 5 | J44: ='23.11'!J44+COUNTIF(J$9:J$38,$C44) -> 5
C45: ='01.09'!C45 -> *Пр. Правовые основы профессиональной деятельности* | D45: ='23.11'!D45+COUNTIF(D$9:D$38,$C45) -> 7 | E45: ='23.11'!E45+COUNTIF(E$9:E$38,$C45) -> 8 | F45: ='23.11'!F45+COUNTIF(F$9:F$38,$C45) -> 7 | G45: ='23.11'!G45+COUNTIF(G$9:G$38,$C45) -> 7 | H45: ='23.11'!H45+COUNTIF(H$9:H$38,$C45) -> 7 | I45: ='23.11'!I45+COUNTIF(I$9:I$38,$C45) -> 6 | J45: ='23.11'!J45+COUNTIF(J$9:J$38,$C45) -> 7
C46: ='01.09'!C46 -> *Л. Теория и методика* | D46: ='23.11'!D46+COUNTIF(D$9:D$38,$C46) -> 4 | E46: ='23.11'!E46+COUNTIF(E$9:E$38,$C46) -> 4 | F46: ='23.11'!F46+COUNTIF(F$9:F$38,$C46) -> 4 | G46: ='23.11'!G46+COUNTIF(G$9:G$38,$C46) -> 4 | H46: ='23.11'!H46+COUNTIF(H$9:H$38,$C46) -> 4 | I46: ='23.11'!I46+COUNTIF(I$9:I$38,$C46) -> 4 | J46: ='23.11'!J46+COUNTIF(J$9:J$38,$C46) -> 4
C47: ='01.09'!C47 -> *Пр. Теория и методика* | D47: ='23.11'!D47+COUNTIF(D$9:D$38,$C47) -> 30 | E47: ='23.11'!E47+COUNTIF(E$9:E$38,$C47) -> 30 | F47: ='23.11'!F47+COUNTIF(F$9:F$38,$C47) -> 31 | G47: ='23.11'!G47+COUNTIF(G$9:G$38,$C47) -> 35 | H47: ='23.11'!H47+COUNTIF(H$9:H$38,$C47) -> 35 | I47: ='23.11'!I47+COUNTIF(I$9:I$38,$C47) -> 37 | J47: ='23.11'!J47+COUNTIF(J$9:J$38,$C47) -> 37
C48: ='01.09'!C48 -> *Л. Спортивная метрология* | D48: ='23.11'!D48+COUNTIF(D$9:D$38,$C48) -> 5 | E48: ='23.11'!E48+COUNTIF(E$9:E$38,$C48) -> 5 | F48: ='23.11'!F48+COUNTIF(F$9:F$38,$C48) -> 5 | G48: ='23.11'!G48+COUNTIF(G$9:G$38,$C48) -> 5 | H48: ='23.11'!H48+COUNTIF(H$9:H$38,$C48) -> 5 | I48: ='23.11'!I48+COUNTIF(I$9:I$38,$C48) -> 5 | J48: ='23.11'!J48+COUNTIF(J$9:J$38,$C48) -> 5
C49: ='01.09'!C49 -> *Пр. Спортивная метрология* | D49: ='23.11'!D49+COUNTIF(D$9:D$38,$C49) -> 7 | E49: ='23.11'!E49+COUNTIF(E$9:E$38,$C49) -> 7 | F49: ='23.11'!F49+COUNTIF(F$9:F$38,$C49) -> 7 | G49: ='23.11'!G49+COUNTIF(G$9:G$38,$C49) -> 7 | H49: ='23.11'!H49+COUNTIF(H$9:H$38,$C49) -> 7 | I49: ='23.11'!I49+COUNTIF(I$9:I$38,$C49) -> 7 | J49: ='23.11'!J49+COUNTIF(J$9:J$38,$C49) -> 7
C50: ='01.09'!C50 -> *Л. Теория и методика циклических и сложнокоординационных* | D50: ='23.11'!D50+COUNTIF(D$9:D$38,$C50) -> 0 | E50: ='23.11'!E50+COUNTIF(E$9:E$38,$C50) -> 0 | F50: ='23.11'!F50+COUNTIF(F$9:F$38,$C50) -> 0 | G50: ='23.11'!G50+COUNTIF(G$9:G$38,$C50) -> 0 | H50: ='23.11'!H50+COUNTIF(H$9:H$38,$C50) -> 4 | I50: ='23.11'!I50+COUNTIF(I$9:I$38,$C50) -> 0 | J50: ='23.11'!J50+COUNTIF(J$9:J$38,$C50) -> 0
C51: ='01.09'!C51 -> *Пр. Теория и методика циклических и сложнокоординационных* | D51: ='23.11'!D51+COUNTIF(D$9:D$38,$C51) -> 0 | E51: ='23.11'!E51+COUNTIF(E$9:E$38,$C51) -> 0 | F51: ='23.11'!F51+COUNTIF(F$9:F$38,$C51) -> 0 | G51: ='23.11'!G51+COUNTIF(G$9:G$38,$C51) -> 0 | H51: ='23.11'!H51+COUNTIF(H$9:H$38,$C51) -> 39 | I51: ='23.11'!I51+COUNTIF(I$9:I$38,$C51) -> 0 | J51: ='23.11'!J51+COUNTIF(J$9:J$38,$C51) -> 0
... C67: ='01.09'!C67 -> 0 | D67: ='23.11'!D67+COUNTIF(D$9:D$38,$C67) -> 0 | E67: ='23.11'!E67+COUNTIF(E$9:E$38,$C67) -> 0 | F67: ='23.11'!F67+COUNTIF(F$9:F$38,$C67) -> 0 | G67: ='23.11'!G67+COUNTIF(G$9:G$38,$C67) -> 0 | H67: ='23.11'!H67+COUNTIF(H$9:H$38,$C67) -> 0 | I67: ='23.11'!I67+COUNTIF(I$9:I$38,$C67) -> 0 | J67: ='23.11'!J67+COUNTIF(J$9:J$38,$C67) -> 0

Sheet 07.12
B1: Расписание учебных занятий на первое полугодие 2026-2027 учебного года
B2: ТРЕНЕРСКИЙ ФАКУЛЬТЕТ, направление подготовки (образовательная программа)
A3: 49.03.04 Спорт*
B4: Курс 4, семестр 7, очная форма обучения
B5: группы С3-10-23, С3-11-23, С3-12-23, С3-13-23, С3-14-23, С3-15-23, С3-16-23
A7: День недели | B7: Дата | C7: Время | D7: 10 группа | E7: 11 группа | F7: 12 группа | G7: 13 группа | H7: 14 группа | I7: 15 группа | J7: 16 группа
D8: танцевальный спорт, чир спорт | E8: фигурное катание на коньках, конькобежный спорт, шорт-трек, кёрлинг | F8: легкая атлетика | G8: плавание, синхронное плавание | H8: гребные и парусные виды спорта, циклические и сложнокоординационные виды лыжного спорта | I8: велосипедный спорт, триатлон, спортивная акробатика, прыжки на батуте, спортивная гимнастика, воздушно-силовая атлетика | J8: художественная гимнастика, эстетическая гимнастика, спортивная аэробика, фитнес аэробика
A9: Понедельник | B9: 46363 | C9: 8.50-10.20
C10: 10.40-12.10
C11: 13.00-14.30
C12: 14.50-16.20
C13: 16.40-18.10
A14: Вторник | B14: =B9+1 -> 46364 | C14: 8.50-10.20
C15: 10.40-12.10
C16: 13.00-14.30
C17: 14.50-16.20
C18: 16.40-18.10
A19: Среда | B19: =B14+1 -> 46365 | C19: 8.50-10.20
C20: 10.40-12.10
C21: 13.00-14.30
C22: 14.50-16.20
C23: 16.40-18.10
A24: Четверг | B24: =B19+1 -> 46366 | C24: 8.50-10.20
C25: 10.40-12.10
C26: 13.00-14.30
C27: 14.50-16.20
C28: 16.40-18.10
A29: Пятница | B29: =B24+1 -> 46367 | C29: 8.50-10.20
C30: 10.40-12.10
C31: 13.00-14.30
C32: 14.50-16.20
C33: 16.40-18.10
A34: Суббота | B34: =B29+1 -> 46368 | C34: 8.50-10.20
C35: 10.40-12.10
C36: 13.00-14.30
C37: 14.50-16.20
C38: 16.40-18.10
D39: * Профили (направленность) указанны на титульном листе
B40: 8 | C40: ='01.09'!C40 -> *Л. Основы медицинских знаний и спортивная медицина* | D40: ='30.11'!D40+COUNTIF(D$9:D$38,$C40) -> 8 | E40: ='30.11'!E40+COUNTIF(E$9:E$38,$C40) -> 8 | F40: ='30.11'!F40+COUNTIF(F$9:F$38,$C40) -> 8 | G40: ='30.11'!G40+COUNTIF(G$9:G$38,$C40) -> 8 | H40: ='30.11'!H40+COUNTIF(H$9:H$38,$C40) -> 8 | I40: ='30.11'!I40+COUNTIF(I$9:I$38,$C40) -> 8 | J40: ='30.11'!J40+COUNTIF(J$9:J$38,$C40) -> 8
B41: 16 | C41: ='01.09'!C41 -> *Пр. Основы медицинских знаний и спортивная медицина* | D41: ='30.11'!D41+COUNTIF(D$9:D$38,$C41) -> 14 | E41: ='30.11'!E41+COUNTIF(E$9:E$38,$C41) -> 14 | F41: ='30.11'!F41+COUNTIF(F$9:F$38,$C41) -> 13 | G41: ='30.11'!G41+COUNTIF(G$9:G$38,$C41) -> 9 | H41: ='30.11'!H41+COUNTIF(H$9:H$38,$C41) -> 14 | I41: ='30.11'!I41+COUNTIF(I$9:I$38,$C41) -> 13 | J41: ='30.11'!J41+COUNTIF(J$9:J$38,$C41) -> 13
B42: 5 | C42: ='01.09'!C42 -> *Л. Массаж* | D42: ='30.11'!D42+COUNTIF(D$9:D$38,$C42) -> 5 | E42: ='30.11'!E42+COUNTIF(E$9:E$38,$C42) -> 5 | F42: ='30.11'!F42+COUNTIF(F$9:F$38,$C42) -> 5 | G42: ='30.11'!G42+COUNTIF(G$9:G$38,$C42) -> 5 | H42: ='30.11'!H42+COUNTIF(H$9:H$38,$C42) -> 5 | I42: ='30.11'!I42+COUNTIF(I$9:I$38,$C42) -> 5 | J42: ='30.11'!J42+COUNTIF(J$9:J$38,$C42) -> 5
B43: 11 | C43: ='01.09'!C43 -> *Пр. Массаж* | D43: ='30.11'!D43+COUNTIF(D$9:D$38,$C43) -> 13 | E43: ='30.11'!E43+COUNTIF(E$9:E$38,$C43) -> 13 | F43: ='30.11'!F43+COUNTIF(F$9:F$38,$C43) -> 13 | G43: ='30.11'!G43+COUNTIF(G$9:G$38,$C43) -> 14 | H43: ='30.11'!H43+COUNTIF(H$9:H$38,$C43) -> 14 | I43: ='30.11'!I43+COUNTIF(I$9:I$38,$C43) -> 14 | J43: ='30.11'!J43+COUNTIF(J$9:J$38,$C43) -> 14
B44: 7 | C44: ='01.09'!C44 -> *Л. Правовые основы профессиональной деятельности* | D44: ='30.11'!D44+COUNTIF(D$9:D$38,$C44) -> 5 | E44: ='30.11'!E44+COUNTIF(E$9:E$38,$C44) -> 5 | F44: ='30.11'!F44+COUNTIF(F$9:F$38,$C44) -> 5 | G44: ='30.11'!G44+COUNTIF(G$9:G$38,$C44) -> 5 | H44: ='30.11'!H44+COUNTIF(H$9:H$38,$C44) -> 5 | I44: ='30.11'!I44+COUNTIF(I$9:I$38,$C44) -> 5 | J44: ='30.11'!J44+COUNTIF(J$9:J$38,$C44) -> 5
B45: 22 | C45: ='01.09'!C45 -> *Пр. Правовые основы профессиональной деятельности* | D45: ='30.11'!D45+COUNTIF(D$9:D$38,$C45) -> 7 | E45: ='30.11'!E45+COUNTIF(E$9:E$38,$C45) -> 8 | F45: ='30.11'!F45+COUNTIF(F$9:F$38,$C45) -> 7 | G45: ='30.11'!G45+COUNTIF(G$9:G$38,$C45) -> 7 | H45: ='30.11'!H45+COUNTIF(H$9:H$38,$C45) -> 7 | I45: ='30.11'!I45+COUNTIF(I$9:I$38,$C45) -> 6 | J45: ='30.11'!J45+COUNTIF(J$9:J$38,$C45) -> 7
B46: 5 | C46: ='01.09'!C46 -> *Л. Теория и методика* | D46: ='30.11'!D46+COUNTIF(D$9:D$38,$C46) -> 4 | E46: ='30.11'!E46+COUNTIF(E$9:E$38,$C46) -> 4 | F46: ='30.11'!F46+COUNTIF(F$9:F$38,$C46) -> 4 | G46: ='30.11'!G46+COUNTIF(G$9:G$38,$C46) -> 4 | H46: ='30.11'!H46+COUNTIF(H$9:H$38,$C46) -> 4 | I46: ='30.11'!I46+COUNTIF(I$9:I$38,$C46) -> 4 | J46: ='30.11'!J46+COUNTIF(J$9:J$38,$C46) -> 4
B47: 50 | C47: ='01.09'!C47 -> *Пр. Теория и методика* | D47: ='30.11'!D47+COUNTIF(D$9:D$38,$C47) -> 30 | E47: ='30.11'!E47+COUNTIF(E$9:E$38,$C47) -> 30 | F47: ='30.11'!F47+COUNTIF(F$9:F$38,$C47) -> 31 | G47: ='30.11'!G47+COUNTIF(G$9:G$38,$C47) -> 35 | H47: ='30.11'!H47+COUNTIF(H$9:H$38,$C47) -> 35 | I47: ='30.11'!I47+COUNTIF(I$9:I$38,$C47) -> 37 | J47: ='30.11'!J47+COUNTIF(J$9:J$38,$C47) -> 37
B48: 5 | C48: ='01.09'!C48 -> *Л. Спортивная метрология* | D48: ='30.11'!D48+COUNTIF(D$9:D$38,$C48) -> 5 | E48: ='30.11'!E48+COUNTIF(E$9:E$38,$C48) -> 5 | F48: ='30.11'!F48+COUNTIF(F$9:F$38,$C48) -> 5 | G48: ='30.11'!G48+COUNTIF(G$9:G$38,$C48) -> 5 | H48: ='30.11'!H48+COUNTIF(H$9:H$38,$C48) -> 5 | I48: ='30.11'!I48+COUNTIF(I$9:I$38,$C48) -> 5 | J48: ='30.11'!J48+COUNTIF(J$9:J$38,$C48) -> 5
B49: 6 | C49: ='01.09'!C49 -> *Пр. Спортивная метрология* | D49: ='30.11'!D49+COUNTIF(D$9:D$38,$C49) -> 7 | E49: ='30.11'!E49+COUNTIF(E$9:E$38,$C49) -> 7 | F49: ='30.11'!F49+COUNTIF(F$9:F$38,$C49) -> 7 | G49: ='30.11'!G49+COUNTIF(G$9:G$38,$C49) -> 7 | H49: ='30.11'!H49+COUNTIF(H$9:H$38,$C49) -> 7 | I49: ='30.11'!I49+COUNTIF(I$9:I$38,$C49) -> 7 | J49: ='30.11'!J49+COUNTIF(J$9:J$38,$C49) -> 7
B50: 5 | C50: ='01.09'!C50 -> *Л. Теория и методика циклических и сложнокоординационных* | D50: ='30.11'!D50+COUNTIF(D$9:D$38,$C50) -> 0 | E50: ='30.11'!E50+COUNTIF(E$9:E$38,$C50) -> 0 | F50: ='30.11'!F50+COUNTIF(F$9:F$38,$C50) -> 0 | G50: ='30.11'!G50+COUNTIF(G$9:G$38,$C50) -> 0 | H50: ='30.11'!H50+COUNTIF(H$9:H$38,$C50) -> 4 | I50: ='30.11'!I50+COUNTIF(I$9:I$38,$C50) -> 0 | J50: ='30.11'!J50+COUNTIF(J$9:J$38,$C50) -> 0
B51: 11 | C51: ='01.09'!C51 -> *Пр. Теория и методика циклических и сложнокоординационных* | D51: ='30.11'!D51+COUNTIF(D$9:D$38,$C51) -> 0 | E51: ='30.11'!E51+COUNTIF(E$9:E$38,$C51) -> 0 | F51: ='30.11'!F51+COUNTIF(F$9:F$38,$C51) -> 0 | G51: ='30.11'!G51+COUNTIF(G$9:G$38,$C51) -> 0 | H51: ='30.11'!H51+COUNTIF(H$9:H$38,$C51) -> 39 | I51: ='30.11'!I51+COUNTIF(I$9:I$38,$C51) -> 0 | J51: ='30.11'!J51+COUNTIF(J$9:J$38,$C51) -> 0
... B57: 11 | C57: ='01.09'!C57 -> 0 | D57: ='30.11'!D57+COUNTIF(D$9:D$38,$C57) -> 0 | E57: ='30.11'!E57+COUNTIF(E$9:E$38,$C57) -> 0 | F57: ='30.11'!F57+COUNTIF(F$9:F$38,$C57) -> 0 | G57: ='30.11'!G57+COUNTIF(G$9:G$38,$C57) -> 0 | H57: ='30.11'!H57+COUNTIF(H$9:H$38,$C57) -> 0 | I57: ='30.11'!I57+COUNTIF(I$9:I$38,$C57) -> 0 | J57: ='30.11'!J57+COUNTIF(J$9:J$38,$C57) -> 0
C58: ='01.09'!C58 -> 0 | D58: ='30.11'!D58+COUNTIF(D$9:D$38,$C58) -> 0 | E58: ='30.11'!E58+COUNTIF(E$9:E$38,$C58) -> 0 | F58: ='30.11'!F58+COUNTIF(F$9:F$38,$C58) -> 0 | G58: ='30.11'!G58+COUNTIF(G$9:G$38,$C58) -> 0 | H58: ='30.11'!H58+COUNTIF(H$9:H$38,$C58) -> 0 | I58: ='30.11'!I58+COUNTIF(I$9:I$38,$C58) -> 0 | J58: ='30.11'!J58+COUNTIF(J$9:J$38,$C58) -> 0
C59: ='01.09'!C59 -> 0 | D59: ='30.11'!D59+COUNTIF(D$9:D$38,$C59) -> 0 | E59: ='30.11'!E59+COUNTIF(E$9:E$38,$C59) -> 0 | F59: ='30.11'!F59+COUNTIF(F$9:F$38,$C59) -> 0 | G59: ='30.11'!G59+COUNTIF(G$9:G$38,$C59) -> 0 | H59: ='30.11'!H59+COUNTIF(H$9:H$38,$C59) -> 0 | I59: ='30.11'!I59+COUNTIF(I$9:I$38,$C59) -> 0 | J59: ='30.11'!J59+COUNTIF(J$9:J$38,$C59) -> 0
C60: ='01.09'!C60 -> 0 | D60: ='30.11'!D60+COUNTIF(D$9:D$38,$C60) -> 0 | E60: ='30.11'!E60+COUNTIF(E$9:E$38,$C60) -> 0 | F60: ='30.11'!F60+COUNTIF(F$9:F$38,$C60) -> 0 | G60: ='30.11'!G60+COUNTIF(G$9:G$38,$C60) -> 0 | H60: ='30.11'!H60+COUNTIF(H$9:H$38,$C60) -> 0 | I60: ='30.11'!I60+COUNTIF(I$9:I$38,$C60) -> 0 | J60: ='30.11'!J60+COUNTIF(J$9:J$38,$C60) -> 0
C61: ='01.09'!C61 -> 0 | D61: ='30.11'!D61+COUNTIF(D$9:D$38,$C61) -> 0 | E61: ='30.11'!E61+COUNTIF(E$9:E$38,$C61) -> 0 | F61: ='30.11'!F61+COUNTIF(F$9:F$38,$C61) -> 0 | G61: ='30.11'!G61+COUNTIF(G$9:G$38,$C61) -> 0 | H61: ='30.11'!H61+COUNTIF(H$9:H$38,$C61) -> 0 | I61: ='30.11'!I61+COUNTIF(I$9:I$38,$C61) -> 0 | J61: ='30.11'!J61+COUNTIF(J$9:J$38,$C61) -> 0
C62: ='01.09'!C62 -> 0 | D62: ='30.11'!D62+COUNTIF(D$9:D$38,$C62) -> 0 | E62: ='30.11'!E62+COUNTIF(E$9:E$38,$C62) -> 0 | F62: ='30.11'!F62+COUNTIF(F$9:F$38,$C62) -> 0 | G62: ='30.11'!G62+COUNTIF(G$9:G$38,$C62) -> 0 | H62: ='30.11'!H62+COUNTIF(H$9:H$38,$C62) -> 0 | I62: ='30.11'!I62+COUNTIF(I$9:I$38,$C62) -> 0 | J62: ='30.11'!J62+COUNTIF(J$9:J$38,$C62) -> 0
C63: ='01.09'!C63 -> 0 | D63: ='30.11'!D63+COUNTIF(D$9:D$38,$C63) -> 0 | E63: ='30.11'!E63+COUNTIF(E$9:E$38,$C63) -> 0 | F63: ='30.11'!F63+COUNTIF(F$9:F$38,$C63) -> 0 | G63: ='30.11'!G63+COUNTIF(G$9:G$38,$C63) -> 0 | H63: ='30.11'!H63+COUNTIF(H$9:H$38,$C63) -> 0 | I63: ='30.11'!I63+COUNTIF(I$9:I$38,$C63) -> 0 | J63: ='30.11'!J63+COUNTIF(J$9:J$38,$C63) -> 0
C64: ='01.09'!C64 -> 0 | D64: ='30.11'!D64+COUNTIF(D$9:D$38,$C64) -> 0 | E64: ='30.11'!E64+COUNTIF(E$9:E$38,$C64) -> 0 | F64: ='30.11'!F64+COUNTIF(F$9:F$38,$C64) -> 0 | G64: ='30.11'!G64+COUNTIF(G$9:G$38,$C64) -> 0 | H64: ='30.11'!H64+COUNTIF(H$9:H$38,$C64) -> 0 | I64: ='30.11'!I64+COUNTIF(I$9:I$38,$C64) -> 0 | J64: ='30.11'!J64+COUNTIF(J$9:J$38,$C64) -> 0
C65: ='01.09'!C65 -> 0 | D65: ='30.11'!D65+COUNTIF(D$9:D$38,$C65) -> 0 | E65: ='30.11'!E65+COUNTIF(E$9:E$38,$C65) -> 0 | F65: ='30.11'!F65+COUNTIF(F$9:F$38,$C65) -> 0 | G65: ='30.11'!G65+COUNTIF(G$9:G$38,$C65) -> 0 | H65: ='30.11'!H65+COUNTIF(H$9:H$38,$C65) -> 0 | I65: ='30.11'!I65+COUNTIF(I$9:I$38,$C65) -> 0 | J65: ='30.11'!J65+COUNTIF(J$9:J$38,$C65) -> 0
C66: ='01.09'!C66 -> 0 | D66: ='30.11'!D66+COUNTIF(D$9:D$38,$C66) -> 0 | E66: ='30.11'!E66+COUNTIF(E$9:E$38,$C66) -> 0 | F66: ='30.11'!F66+COUNTIF(F$9:F$38,$C66) -> 0 | G66: ='30.11'!G66+COUNTIF(G$9:G$38,$C66) -> 0 | H66: ='30.11'!H66+COUNTIF(H$9:H$38,$C66) -> 0 | I66: ='30.11'!I66+COUNTIF(I$9:I$38,$C66) -> 0 | J66: ='30.11'!J66+COUNTIF(J$9:J$38,$C66) -> 0
C67: ='01.09'!C67 -> 0 | D67: ='30.11'!D67+COUNTIF(D$9:D$38,$C67) -> 0 | E67: ='30.11'!E67+COUNTIF(E$9:E$38,$C67) -> 0 | F67: ='30.11'!F67+COUNTIF(F$9:F$38,$C67) -> 0 | G67: ='30.11'!G67+COUNTIF(G$9:G$38,$C67) -> 0 | H67: ='30.11'!H67+COUNTIF(H$9:H$38,$C67) -> 0 | I67: ='30.11'!I67+COUNTIF(I$9:I$38,$C67) -> 0 | J67: ='30.11'!J67+COUNTIF(J$9:J$38,$C67) -> 0

Sheet 14.12
B1: Расписание учебных занятий на первое полугодие 2026-2027 учебного года
B2: ТРЕНЕРСКИЙ ФАКУЛЬТЕТ, направление подготовки (образовательная программа)
A3: 49.03.04 Спорт*
B4: Курс 4, семестр 7, очная форма обучения
B5: группы С3-10-23, С3-11-23, С3-12-23, С3-13-23, С3-14-23, С3-15-23, С3-16-23
A7: День недели | B7: Дата | C7: Время | D7: 10 группа | E7: 11 группа | F7: 12 группа | G7: 13 группа | H7: 14 группа | I7: 15 группа | J7: 16 группа
D8: танцевальный спорт, чир спорт | E8: фигурное катание на коньках, конькобежный спорт, шорт-трек, кёрлинг | F8: легкая атлетика | G8: плавание, синхронное плавание | H8: гребные и парусные виды спорта, циклические и сложнокоординационные виды лыжного спорта | I8: велосипедный спорт, триатлон, спортивная акробатика, прыжки на батуте, спортивная гимнастика, воздушно-силовая атлетика | J8: художественная гимнастика, эстетическая гимнастика, спортивная аэробика, фитнес аэробика
A9: Понедельник | B9: 46370 | C9: 8.50-10.20
C10: 10.40-12.10
C11: 13.00-14.30
C12: 14.50-16.20
C13: 16.40-18.10
A14: Вторник | B14: =B9+1 -> 46371 | C14: 8.50-10.20
C15: 10.40-12.10
C16: 13.00-14.30
C17: 14.50-16.20
C18: 16.40-18.10
A19: Среда | B19: =B14+1 -> 46372 | C19: 8.50-10.20
C20: 10.40-12.10
C21: 13.00-14.30
C22: 14.50-16.20
C23: 16.40-18.10
A24: Четверг | B24: =B19+1 -> 46373 | C24: 8.50-10.20
C25: 10.40-12.10
C26: 13.00-14.30
C27: 14.50-16.20
C28: 16.40-18.10
A29: Пятница | B29: =B24+1 -> 46374 | C29: 8.50-10.20
C30: 10.40-12.10
C31: 13.00-14.30
C32: 14.50-16.20
C33: 16.40-18.10
A34: Суббота | B34: =B29+1 -> 46375 | C34: 8.50-10.20
C35: 10.40-12.10
C36: 13.00-14.30
C37: 14.50-16.20
C38: 16.40-18.10
D39: * Профили (направленность) указанны на титульном листе
B40: 8 | C40: ='01.09'!C40 -> *Л. Основы медицинских знаний и спортивная медицина* | D40: ='07.12'!D40+COUNTIF(D$9:D$38,$C40) -> 8 | E40: ='07.12'!E40+COUNTIF(E$9:E$38,$C40) -> 8 | F40: ='07.12'!F40+COUNTIF(F$9:F$38,$C40) -> 8 | G40: ='07.12'!G40+COUNTIF(G$9:G$38,$C40) -> 8 | H40: ='07.12'!H40+COUNTIF(H$9:H$38,$C40) -> 8 | I40: ='07.12'!I40+COUNTIF(I$9:I$38,$C40) -> 8 | J40: ='07.12'!J40+COUNTIF(J$9:J$38,$C40) -> 8
B41: 16 | C41: ='01.09'!C41 -> *Пр. Основы медицинских знаний и спортивная медицина* | D41: ='07.12'!D41+COUNTIF(D$9:D$38,$C41) -> 14 | E41: ='07.12'!E41+COUNTIF(E$9:E$38,$C41) -> 14 | F41: ='07.12'!F41+COUNTIF(F$9:F$38,$C41) -> 13 | G41: ='07.12'!G41+COUNTIF(G$9:G$38,$C41) -> 9 | H41: ='07.12'!H41+COUNTIF(H$9:H$38,$C41) -> 14 | I41: ='07.12'!I41+COUNTIF(I$9:I$38,$C41) -> 13 | J41: ='07.12'!J41+COUNTIF(J$9:J$38,$C41) -> 13
B42: 5 | C42: ='01.09'!C42 -> *Л. Массаж* | D42: ='07.12'!D42+COUNTIF(D$9:D$38,$C42) -> 5 | E42: ='07.12'!E42+COUNTIF(E$9:E$38,$C42) -> 5 | F42: ='07.12'!F42+COUNTIF(F$9:F$38,$C42) -> 5 | G42: ='07.12'!G42+COUNTIF(G$9:G$38,$C42) -> 5 | H42: ='07.12'!H42+COUNTIF(H$9:H$38,$C42) -> 5 | I42: ='07.12'!I42+COUNTIF(I$9:I$38,$C42) -> 5 | J42: ='07.12'!J42+COUNTIF(J$9:J$38,$C42) -> 5
B43: 11 | C43: ='01.09'!C43 -> *Пр. Массаж* | D43: ='07.12'!D43+COUNTIF(D$9:D$38,$C43) -> 13 | E43: ='07.12'!E43+COUNTIF(E$9:E$38,$C43) -> 13 | F43: ='07.12'!F43+COUNTIF(F$9:F$38,$C43) -> 13 | G43: ='07.12'!G43+COUNTIF(G$9:G$38,$C43) -> 14 | H43: ='07.12'!H43+COUNTIF(H$9:H$38,$C43) -> 14 | I43: ='07.12'!I43+COUNTIF(I$9:I$38,$C43) -> 14 | J43: ='07.12'!J43+COUNTIF(J$9:J$38,$C43) -> 14
B44: 7 | C44: ='01.09'!C44 -> *Л. Правовые основы профессиональной деятельности* | D44: ='07.12'!D44+COUNTIF(D$9:D$38,$C44) -> 5 | E44: ='07.12'!E44+COUNTIF(E$9:E$38,$C44) -> 5 | F44: ='07.12'!F44+COUNTIF(F$9:F$38,$C44) -> 5 | G44: ='07.12'!G44+COUNTIF(G$9:G$38,$C44) -> 5 | H44: ='07.12'!H44+COUNTIF(H$9:H$38,$C44) -> 5 | I44: ='07.12'!I44+COUNTIF(I$9:I$38,$C44) -> 5 | J44: ='07.12'!J44+COUNTIF(J$9:J$38,$C44) -> 5
B45: 22 | C45: ='01.09'!C45 -> *Пр. Правовые основы профессиональной деятельности* | D45: ='07.12'!D45+COUNTIF(D$9:D$38,$C45) -> 7 | E45: ='07.12'!E45+COUNTIF(E$9:E$38,$C45) -> 8 | F45: ='07.12'!F45+COUNTIF(F$9:F$38,$C45) -> 7 | G45: ='07.12'!G45+COUNTIF(G$9:G$38,$C45) -> 7 | H45: ='07.12'!H45+COUNTIF(H$9:H$38,$C45) -> 7 | I45: ='07.12'!I45+COUNTIF(I$9:I$38,$C45) -> 6 | J45: ='07.12'!J45+COUNTIF(J$9:J$38,$C45) -> 7
B46: 5 | C46: ='01.09'!C46 -> *Л. Теория и методика* | D46: ='07.12'!D46+COUNTIF(D$9:D$38,$C46) -> 4 | E46: ='07.12'!E46+COUNTIF(E$9:E$38,$C46) -> 4 | F46: ='07.12'!F46+COUNTIF(F$9:F$38,$C46) -> 4 | G46: ='07.12'!G46+COUNTIF(G$9:G$38,$C46) -> 4 | H46: ='07.12'!H46+COUNTIF(H$9:H$38,$C46) -> 4 | I46: ='07.12'!I46+COUNTIF(I$9:I$38,$C46) -> 4 | J46: ='07.12'!J46+COUNTIF(J$9:J$38,$C46) -> 4
B47: 50 | C47: ='01.09'!C47 -> *Пр. Теория и методика* | D47: ='07.12'!D47+COUNTIF(D$9:D$38,$C47) -> 30 | E47: ='07.12'!E47+COUNTIF(E$9:E$38,$C47) -> 30 | F47: ='07.12'!F47+COUNTIF(F$9:F$38,$C47) -> 31 | G47: ='07.12'!G47+COUNTIF(G$9:G$38,$C47) -> 35 | H47: ='07.12'!H47+COUNTIF(H$9:H$38,$C47) -> 35 | I47: ='07.12'!I47+COUNTIF(I$9:I$38,$C47) -> 37 | J47: ='07.12'!J47+COUNTIF(J$9:J$38,$C47) -> 37
B48: 5 | C48: ='01.09'!C48 -> *Л. Спортивная метрология* | D48: ='07.12'!D48+COUNTIF(D$9:D$38,$C48) -> 5 | E48: ='07.12'!E48+COUNTIF(E$9:E$38,$C48) -> 5 | F48: ='07.12'!F48+COUNTIF(F$9:F$38,$C48) -> 5 | G48: ='07.12'!G48+COUNTIF(G$9:G$38,$C48) -> 5 | H48: ='07.12'!H48+COUNTIF(H$9:H$38,$C48) -> 5 | I48: ='07.12'!I48+COUNTIF(I$9:I$38,$C48) -> 5 | J48: ='07.12'!J48+COUNTIF(J$9:J$38,$C48) -> 5
B49: 6 | C49: ='01.09'!C49 -> *Пр. Спортивная метрология* | D49: ='07.12'!D49+COUNTIF(D$9:D$38,$C49) -> 7 | E49: ='07.12'!E49+COUNTIF(E$9:E$38,$C49) -> 7 | F49: ='07.12'!F49+COUNTIF(F$9:F$38,$C49) -> 7 | G49: ='07.12'!G49+COUNTIF(G$9:G$38,$C49) -> 7 | H49: ='07.12'!H49+COUNTIF(H$9:H$38,$C49) -> 7 | I49: ='07.12'!I49+COUNTIF(I$9:I$38,$C49) -> 7 | J49: ='07.12'!J49+COUNTIF(J$9:J$38,$C49) -> 7
B50: 5 | C50: ='01.09'!C50 -> *Л. Теория и методика циклических и сложнокоординационных* | D50: ='07.12'!D50+COUNTIF(D$9:D$38,$C50) -> 0 | E50: ='07.12'!E50+COUNTIF(E$9:E$38,$C50) -> 0 | F50: ='07.12'!F50+COUNTIF(F$9:F$38,$C50) -> 0 | G50: ='07.12'!G50+COUNTIF(G$9:G$38,$C50) -> 0 | H50: ='07.12'!H50+COUNTIF(H$9:H$38,$C50) -> 4 | I50: ='07.12'!I50+COUNTIF(I$9:I$38,$C50) -> 0 | J50: ='07.12'!J50+COUNTIF(J$9:J$38,$C50) -> 0
B51: 11 | C51: ='01.09'!C51 -> *Пр. Теория и методика циклических и сложнокоординационных* | D51: ='07.12'!D51+COUNTIF(D$9:D$38,$C51) -> 0 | E51: ='07.12'!E51+COUNTIF(E$9:E$38,$C51) -> 0 | F51: ='07.12'!F51+COUNTIF(F$9:F$38,$C51) -> 0 | G51: ='07.12'!G51+COUNTIF(G$9:G$38,$C51) -> 0 | H51: ='07.12'!H51+COUNTIF(H$9:H$38,$C51) -> 39 | I51: ='07.12'!I51+COUNTIF(I$9:I$38,$C51) -> 0 | J51: ='07.12'!J51+COUNTIF(J$9:J$38,$C51) -> 0
... B57: 11 | C57: ='01.09'!C57 -> 0 | D57: ='07.12'!D57+COUNTIF(D$9:D$38,$C57) -> 0 | E57: ='07.12'!E57+COUNTIF(E$9:E$38,$C57) -> 0 | F57: ='07.12'!F57+COUNTIF(F$9:F$38,$C57) -> 0 | G57: ='07.12'!G57+COUNTIF(G$9:G$38,$C57) -> 0 | H57: ='07.12'!H57+COUNTIF(H$9:H$38,$C57) -> 0 | I57: ='07.12'!I57+COUNTIF(I$9:I$38,$C57) -> 0 | J57: ='07.12'!J57+COUNTIF(J$9:J$38,$C57) -> 0
C58: ='01.09'!C58 -> 0 | D58: ='07.12'!D58+COUNTIF(D$9:D$38,$C58) -> 0 | E58: ='07.12'!E58+COUNTIF(E$9:E$38,$C58) -> 0 | F58: ='07.12'!F58+COUNTIF(F$9:F$38,$C58) -> 0 | G58: ='07.12'!G58+COUNTIF(G$9:G$38,$C58) -> 0 | H58: ='07.12'!H58+COUNTIF(H$9:H$38,$C58) -> 0 | I58: ='07.12'!I58+COUNTIF(I$9:I$38,$C58) -> 0 | J58: ='07.12'!J58+COUNTIF(J$9:J$38,$C58) -> 0
C59: ='01.09'!C59 -> 0 | D59: ='07.12'!D59+COUNTIF(D$9:D$38,$C59) -> 0 | E59: ='07.12'!E59+COUNTIF(E$9:E$38,$C59) -> 0 | F59: ='07.12'!F59+COUNTIF(F$9:F$38,$C59) -> 0 | G59: ='07.12'!G59+COUNTIF(G$9:G$38,$C59) -> 0 | H59: ='07.12'!H59+COUNTIF(H$9:H$38,$C59) -> 0 | I59: ='07.12'!I59+COUNTIF(I$9:I$38,$C59) -> 0 | J59: ='07.12'!J59+COUNTIF(J$9:J$38,$C59) -> 0
C60: ='01.09'!C60 -> 0 | D60: ='07.12'!D60+COUNTIF(D$9:D$38,$C60) -> 0 | E60: ='07.12'!E60+COUNTIF(E$9:E$38,$C60) -> 0 | F60: ='07.12'!F60+COUNTIF(F$9:F$38,$C60) -> 0 | G60: ='07.12'!G60+COUNTIF(G$9:G$38,$C60) -> 0 | H60: ='07.12'!H60+COUNTIF(H$9:H$38,$C60) -> 0 | I60: ='07.12'!I60+COUNTIF(I$9:I$38,$C60) -> 0 | J60: ='07.12'!J60+COUNTIF(J$9:J$38,$C60) -> 0
C61: ='01.09'!C61 -> 0 | D61: ='07.12'!D61+COUNTIF(D$9:D$38,$C61) -> 0 | E61: ='07.12'!E61+COUNTIF(E$9:E$38,$C61) -> 0 | F61: ='07.12'!F61+COUNTIF(F$9:F$38,$C61) -> 0 | G61: ='07.12'!G61+COUNTIF(G$9:G$38,$C61) -> 0 | H61: ='07.12'!H61+COUNTIF(H$9:H$38,$C61) -> 0 | I61: ='07.12'!I61+COUNTIF(I$9:I$38,$C61) -> 0 | J61: ='07.12'!J61+COUNTIF(J$9:J$38,$C61) -> 0
C62: ='01.09'!C62 -> 0 | D62: ='07.12'!D62+COUNTIF(D$9:D$38,$C62) -> 0 | E62: ='07.12'!E62+COUNTIF(E$9:E$38,$C62) -> 0 | F62: ='07.12'!F62+COUNTIF(F$9:F$38,$C62) -> 0 | G62: ='07.12'!G62+COUNTIF(G$9:G$38,$C62) -> 0 | H62: ='07.12'!H62+COUNTIF(H$9:H$38,$C62) -> 0 | I62: ='07.12'!I62+COUNTIF(I$9:I$38,$C62) -> 0 | J62: ='07.12'!J62+COUNTIF(J$9:J$38,$C62) -> 0
C63: ='01.09'!C63 -> 0 | D63: ='07.12'!D63+COUNTIF(D$9:D$38,$C63) -> 0 | E63: ='07.12'!E63+COUNTIF(E$9:E$38,$C63) -> 0 | F63: ='07.12'!F63+COUNTIF(F$9:F$38,$C63) -> 0 | G63: ='07.12'!G63+COUNTIF(G$9:G$38,$C63) -> 0 | H63: ='07.12'!H63+COUNTIF(H$9:H$38,$C63) -> 0 | I63: ='07.12'!I63+COUNTIF(I$9:I$38,$C63) -> 0 | J63: ='07.12'!J63+COUNTIF(J$9:J$38,$C63) -> 0
