Workbook
Name SIGN: #REF!
Name SIGN: #REF!
Name SIGN: #REF!
Name SIGN: #REF!
Name SIGN_D: #REF!
Name SIGN_D: #REF!
Name SIGN_D: #REF!
Name SIGN_D: #REF!
Name Sign1: #REF!
Name Sign1: #REF!
Name Sign1: #REF!
Name Sign1: #REF!
Name и: #REF!
Name и: #REF!
Name и: #REF!
Name и: #REF!
Name оо: #REF!
Name оо: #REF!
Name оо: #REF!
Name Р1: #REF!
Name Р1: #REF!
Name Р1: #REF!
Name Р1: #REF!
Name ыва: #REF!
Name ыва: #REF!
Name ыва: #REF!
Name ыва: #REF!

Sheet титульный лист

Sheet Титул
I1: УТВЕРЖДАЮ
I2: Начальник учебно-методического управления
I3: Р.С. Халимулина
I4: _________________________________
I5: «____»____________________20___г.
A7: Расписание учебных занятий на первое полугодие 2026-2027 учебного года
A8: ТРЕНЕРСКИЙ ФАКУЛЬТЕТ, направление подготовки (образовательная программа)
A9: 49.03.04 Спорт, Профиль (направленность): Спортивная подготовка по виду спорта «баскетбол». Педагогическая деятельность в области физической культуры и спорта; Спортивная подготовка по виду спорта «волейбол». Педагогическая деятельность в области физической культуры и спорта; Спортивная подготовка по видам спорта «гандбол», «бейсбол», «регби». Педагогическая деятельность в области физической культуры и спорта; Спортивная подготовка по виду спорта «компьютерный спорт». Педагогическая деятельность в области физической культуры и спорта; Спортивная подготовка по виду спорта «теннис». Педагогическая деятельность в области физической культуры и спорта; Спортивная подготовка по виду спорта «хоккей». Педагогическая деятельность в области физической культуры и спорта; Спортивная подготовка по виду спорта «футбол». Педагогическая деятельность в области физической культуры и спорта; Спортивная подготовка по видам спорта "настольный теннис", "бадминтон", "бильярд". Педагогическая деятельность в области физической культуры и спорта; Спортивная подготовка по виду спорта «гонки дронов (беспилотных воздушных судов)». Педагогическая деятельность в области физической культуры и спорта; уровень образования бакалавриат
B10: Курс 2, семестр 3, очная форма обучения
B11: группы С1-01А-25, С1-01Б-25, С1-02А-25, С1-02Б-25, С1-03-25, С1-04А-25, С1-04Б-25, С1-05А-25, С1-05Б-25
A12: № | B12: Наименование дисциплины (модуля), практика, научные исследования | C12: Кол-во часов (Л/П) | D12: Форма отчетности | E12: Учебные группы в соответствии с избранным видом спорта
E14: Баскетбол, гандбол, бейсбол, регби | F14: Волейбол, гонки дронов, компьютерный спорт | G14: Теннис, настольный теннис, бадминтон, бильярд | H14: Футбол | I14: Хоккей
E15: 1 группа | F15: 2 группа | G15: 3 группа | H15: 4 группа | I15: 5 группа
E16: Ф.И.О. преподавателя
A17: 1 | B17: Физиология человека | C17: 24/56 | D17: Экзамен | E17: Л - Ширяева Т.П.
E18: Белицкая Л.А., Колесник О.В. | F18: Белицкая Л.А., Ширяева Т.П. | G18: Колесник О.В. | H18: Белицкая Л.А., Андреева А.М. | I18: Ширяева Т.П., Андреева А.М.
A19: 2 | B19: Педагогика физической культуры и спорта | C19: 10/22 | D19: Экзамен | E19: Л - Цакаев С.Ш.
E20: Цакаев С.Ш. | F20: Цакаев С.Ш. | G20: Цакаев С.Ш. | H20: Цакаев С.Ш., Германов Г.Н. | I20: Цакаев С.Ш.
A21: 3 | B21: Теория и методика физической культуры | C21: 20/18 | D21: Зачет | E21: Л - Мачканова Е.В.
E22: Мачканова Е.В. | F22: Мачканова Е.В. | G22: Мачканова Е.В. | H22: Мачканова Е.В. | I22: Мачканова Е.В.
A23: 4 | B23: Плавание | C23: 4/60 | D23: Зачет | E23: Л - Никитина С.М.
E24: Шакина Е.Е., Чистова Н.А. | F24: Колесов А.Д., Павлова Т.Н. | G24: Шакина Е.Е. | H24: Никитина С.М. , Павлова Т.Н. | I24: Никитина С.М., Шакина Е.Е.
A25: 5 | B25: Подвижные игры в спорте и образовании | C25: 2/30 | D25: Зачет | E25: Л - Дробышевская Н.В.
E26: Дробышевская Н.В., Салахудинова Е.С. | F26: Дробышевская Н.В., Салахудинова Е.С. | G26: Дробышевская Н.В. | H26: Дробышевская Н.В., Кузьмичева Е.В. | I26: Дробышевская Н.В., Салахудинова Е.С.
A27: 6 | B27: Самооборона (самбо) | C27: 2/30 | D27: Зачет | E27: Л - Иванченко М.М.
E28: Махмудов М.М., Марянян С.А. | F28: Махмудов М.М., Иванченко М.М. | G28: Марянян С.А. | H28: Попов Д.В., Иванченко М.М. | I28: Попов Д.В., Иванченко М.М.
A29: 7 | B29: Методика преподавания предмета "физическая культура" в образовательных организациях | C29: 6/22 | D29: Б/о | E29: Л - Мачканова Е.В.
E30: Гасанова-Матвеева З.А. | F30: Гасанова-Матвеева З.А. | G30: Гасанова-Матвеева З.А. | H30: Трунева Т.В. | I30: Трунева Т.В.
A31: 8 | B31: Элективные дисциплины по ФКиС: Фехтование | C31: 2/18 | D31: Зачет | E31: Л - Моисеев А.Б.
E32: Моисеев А.Б., Полишките К. | F32: Моисеев А.Б., Полишките К. | G32: Полишките К. | H32: Моисеев А.Б., Полишките К. | I32: Моисеев А.Б., Полишките К.
A33: 9 | B33: Теория и методика избранного вида спорта | C33: 10/70 | D33: Зачет | E33: Баскетбол | F33: Волейбол | G33: Теннис | H33: Футбол | I33: Хоккей
E34: Л - Каменев А.В. | F34: Л - Ананьин А.С. | G34: Л - Степанова М.Е. | H34: Л - Шалыгин Д.А., Беляков А.К. | I34: Л - Крутских В.В.
E35: П - Каменев А.В., Сорокин С.А., Чернов С.В. | F35: П - Ананьин А.С., Суханова А.В. | G35: П - Степанова М.Е., Абитаев И.О. | H35: П - Лексаков А.В., Шалыгин Д.А., Макеев П.В., Беляков А.К. | I35: П - Крутских В.В., Руссу А.А.
E36: Гандбол, бейсбол, регби | F36: Гонки дронов (беспилотных воздушных судов) | G36: Настольный теннис, бадминтон
E37: Л - Чигарев Н.Н. | F37: Л - Новоселов М.А. | G37: Л - Лаптев А.И.
E38: П - Чигарев Н.Н. | F38: П - Зубов Д.А., Новоселов М.А. | G38: П - Лаптев А.И.
F39: Компьютерный спорт
F40: Л, П - Чигров А.С.
A41: 10 | B41: Методика реализации программ дополнительного образования в области физической культуры и спорта | C41: 6/22 | D41: Б/о | E41: Баскетбол | F41: Волейбол | G41: Теннис | H41: Футбол | I41: Хоккей
E42: Л - Каменев А.В. | F42: Л - Ананьин А.С. | G42: Л - Степанова М.Е. | H42: Л - Шалыгин Д.А. | I42: Л - Крутских В.В.
E43: П - Каменев А.В., Сорокин С.А., Чернов С.В. | F43: П - Ананьин А.С., Суханова А.В. | G43: П - Степанова М.Е., Абитаев И.О. | H43: П - Лексаков А.В., Шалыгин Д.А., Макеев П.В., Беляков А.К. | I43: П - Крутских В.В., Руссу А.А.
E44: Гандбол, бейсбол, регби | F44: Гонки дронов (беспилотных воздушных судов) | G44: Настольный теннис, бадминтон
E45: Л - Фурукина М.С. | F45: Л - Барыбин Д.А. | G45: Л - Ракитина М.А.
E46: П - Фурукина М.С. | F46: П - Барыбин Д.А. | G46: П - Ракитина М.А.
F47: Компьютерный спорт
F48: Л, П - Барыбин Д.А.
A49: 11 | B49: Профессионально-спортивное совершенствование | C49: 0/36 | D49: Б/о | E49: Баскетбол | F49: Волейбол | G49: Теннис | H49: Футбол | I49: Хоккей
E50: П - Лаптев С.О., Лапшин Н.А., Чернов С.В. | F50: П - Ананьин А.С., Пшеничная А.М. | G50: П - Степанова М.Е., Абитаев И.О. | H50: П - Лексаков А.В., Шалыгин Д.А., Макеев П.В., Беляков А.К. | I50: П - Крутских В.В., Руссу А.А.
E51: Гандбол, бейсбол, регби | F51: Гонки дронов (беспилотных воздушных судов) | G51: Настольный теннис, бадминтон
E52: П - Чигарев Н.Н. | F52: П - Зубов Д.А. | G52: П - Шабанова А.В. (18ч), Карпов Г.А. (18ч)
F53: Компьютерный спорт
F54: П - Чигров А.С.
B55: Условные обозначения:
B56: П - занятия семинарского типа | D56: Л - занятия лекционного типа | F56: Б/о - без отчета | G56: Диф.зачет - дифференцированный зачет
B57: Элективные дисциплины по ФКиС- Элективные дисциплины по физической культуре и спорту | G57: УСЗК - универсальный спортивно-зрелищный комплекс
B58: Методика реализации программ дополнительного образования в области ФКиС - Методика реализации программ дополнительного образования в области физической культуры и спорта
B59: Время начала и окончания 1 пара 08:50-10:20; 2 пара 10:40-12:10; 3 пара 13:00-14:30; 4 пара 14:50-16:20 ; 5 пара 16:40-18:10
A60: Составитель расписания ____________________________________ Е.Ю. Дубинкина

Sheet приложение1
A1: Приложение1 к расписанию учебных занятий на первое полугодие 2026-2027 учебного года
A2: ТРЕНЕРСКИЙ ФАКУЛЬТЕТ, направление подготовки (образовательная программа)
A3: 49.03.04 Спорт, Профиль (направленность): Спортивная подготовка по виду спорта «баскетбол». Педагогическая деятельность в области физической культуры и спорта; Спортивная подготовка по виду спорта «волейбол». Педагогическая деятельность в области физической культуры и спорта; Спортивная подготовка по видам спорта «гандбол», «бейсбол», «регби». Педагогическая деятельность в области физической культуры и спорта; Спортивная подготовка по виду спорта «компьютерный спорт». Педагогическая деятельность в области физической культуры и спорта; Спортивная подготовка по виду спорта «теннис». Педагогическая деятельность в области физической культуры и спорта; Спортивная подготовка по виду спорта «хоккей». Педагогическая деятельность в области физической культуры и спорта; Спортивная подготовка по виду спорта «футбол». Педагогическая деятельность в области физической культуры и спорта; Спортивная подготовка по видам спорта "настольный теннис", "бадминтон", "бильярд". Педагогическая деятельность в области физической культуры и спорта; Спортивная подготовка по виду спорта «гонки дронов (беспилотных воздушных судов)». Педагогическая деятельность в области физической культуры и спорта; уровень образования бакалавриат
A4: Курс 2, семестр 3, очная форма обучения
A5: группы С1-01А-25, С1-01Б-25, С1-02А-25, С1-02Б-25, С1-03-25, С1-04А-25, С1-04Б-25, С1-05А-25, С1-05Б-25
A6: № | B6: Наименование дисциплины (модуля): | C6: № аудитории
A7: 1 | B7: Теория и методика баскетбола, профессионально-спортивное совершенствование, методика реализации программ дополнительного образования в области физической культуры и спорта (баскетбол) | C7: 224СК, 238СК, ауд.№ 9-10СК
A8: 2 | B8: Теория и методика настольного тенниса, бадминтона, бильярда, профессионально-спортивное совершенствование, методика реализации программ дополнительного образования в области физической культуры и спорта (настольный теннис, бадминтон, бильярд) | C8: понедельник: 15 МБК, 223СК, Модуль Д; четверг: 15 МБК, 223СК
A9: 3 | B9: Теория и методика волейбола, профессионально-спортивное совершенствование, методика реализации программ дополнительного образования в области физической культуры и спорта (волейбол) | C9: 230СК, 54СК
A10: 4 | B10: Теория и методика гандбол, бейсбол, регби, профессионально-спортивное совершенствование, методика реализации программ дополнительного образования в области физической культуры и спорта (гандбол, бейсбол, регби) | C10: универсальный зал УСЗК, каб. 12 УСЗК
A11: 5 | B11: Теория и методика гонок дронов (беспилотных воздушных судов), профессионально-спортивное совершенствование, методика реализации программ дополнительного образования в области физической культуры и спорта (гонки дронов (беспилотных воздушных судов) | C11: 228 гл.к., л/а манеж, 217мбк
A12: 6 | B12: Теория и методика тенниса, профессионально-спортивное совершенствование,, методика реализации программ дополнительного образования в области физической культуры и спорта (теннис) | C12: Теннисный центр 1 и 2 корт
A13: 7 | B13: Теория и методика футбола, профессионально-спортивное совершенствование, методика реализации программ дополнительного образования в области физической культуры и спорта (футбол) | C13: 252СК, 61СК, 62СК, 65СК, открытый стадион
A14: 8 | B14: Теория и методика хоккея, профессионально-спортивное совершенствование, методика реализации программ дополнительного образования в области физической культуры и спорта (хоккей) | C14: ауд.9 УСЗК, ауд.16-17 УСЗК, Ледовая арена УСЗК
A15: 9 | B15: Теория и методика компьютерного спорта, профессионально-спортивное совершенствование, методика реализации программ дополнительного образования в области физической культуры и спорта (компьютерный спорт) | C15: 228 гл.к.
A16: Условные обозначения:
A17: УСЗК - универсальный спортивно-зрелищный комплекс
A18: МБК - медико-биологический корпус
A19: СК - спортивный корпус

Sheet расписание ПСС
F1: Расписание учебных занятий на первое полугодие 2026-2027 учебного года
F2: ТРЕНЕРСКИЙ ФАКУЛЬТЕТ, направление подготовки (образовательная программа)
A3: 49.03.04 Спорт, Профиль (направленность): Спортивная подготовка по виду спорта «баскетбол». Педагогическая деятельность в области физической культуры и спорта; Спортивная подготовка по виду спорта «волейбол». Педагогическая деятельность в области физической культуры и спорта; Спортивная подготовка по видам спорта «гандбол», «бейсбол», «регби». Педагогическая деятельность в области физической культуры и спорта; Спортивная подготовка по виду спорта «компьютерный спорт». Педагогическая деятельность в области физической культуры и спорта; Спортивная подготовка по виду спорта «теннис». Педагогическая деятельность в области физической культуры и спорта; Спортивная подготовка по виду спорта «хоккей». Педагогическая деятельность в области физической культуры и спорта; Спортивная подготовка по виду спорта «футбол». Педагогическая деятельность в области физической культуры и спорта; Спортивная подготовка по видам спорта "настольный теннис", "бадминтон", "бильярд". Педагогическая деятельность в области физической культуры и спорта; Спортивная подготовка по виду спорта «шахматы». Педагогическая деятельность в области физической культуры и спорта по 19.02; Спортивная подготовка по виду спорта «гонки дронов (беспилотных воздушных судов)». Педагогическая деятельность в области физической культуры и спорта; уровень образования бакалавриат
A4: Курс 2, семестр 3, очная форма обучения
A5: группы С1-01А-25, С1-01Б-25, С1-02А-25, С1-02Б-25, С1-03-25, С1-04А-25, С1-04Б-25, С1-05А-25, С1-05Б-25
A6: 01.09-26.12
A7: День недели | B7: Дата | C7: Время | D7: 1 группа | E7: 2 группа | F7: 3 группа | G7: 4 группа | H7: 5 группа
D8: Баскетбол, гандбол, бейсбол, регби | E8: Волейбол, гонки дронов, компьютерный спорт | F8: Теннис, настольный теннис, бадминтон, бильярд | G8: Футбол | H8: Хоккей
A9: Понедельник | C9: 8.50-10.20
C10: 10.40-12.10
C11: 13.00-14.30
C12: 14.50-16.20
C13: 16.40-18.10
C14: 18.30-20.00 | E14: ПСС Волейбол 18.00-19.30 230СК, 54СК
A15: Вторник | C15: 8.50-10.20
C16: 10.40-12.10
C17: 13.00-14.30 | F17: ПСС теннис 08.09-10.11 корт 1 и 2
C18: 14.50-16.20
C19: 16.40-18.10
C20: 18.30-20.00 | D20: ПСС баскетбол 224СК
C21: 20.20-21.50 | E21: ПСС гонки дронов 20.20-21.00- 228 гл.к., 21.00-21.50 - л/а манеж
A22: Среда | C22: 8.50-10.20
C23: 10.40-12.10
C24: 13.00-14.30
C25: 14.50-16.20
C26: 16.40-18.10 | H26: с 09.09 ПСС хоккей Ледовая площадка в УСЗК
C27: 20.20-21.50
A28: Четверг | C28: 8.50-10.20
C29: 10.40-12.10
C30: 13.00-14.30
C31: 14.50-16.20
C32: 16.40-18.10 | D32: ПСС гандбол 07.09 - 01.10 арена УСЗК / каб. 12 УСЗК
C33: 18.30-20.00
C34: 20.20-21.50
A35: Пятница | C35: 8.50-10.20
C36: 10.40-12.10
C37: 13.00-14.30
C38: 14.50-16.20
C39: 16.40-18.10 | E39: ПСС компьютерный спорт 228 гл.к.
A40: Суббота | C40: 8.50-10.20
C41: 10.40-12.10
C42: 13.00-14.30
C43: 14.50-16.20
C44: 16.40-18.10
C45: ='01.09'!C39 -> *Л. Физиология человека* | D45: ='07.09'!D40+COUNTIF(D$9:D$44,$C45) -> 3 | E45: ='07.09'!E40+COUNTIF(E$9:E$44,$C45) -> 3 | F45: ='07.09'!F40+COUNTIF(F$9:F$44,$C45) -> 3 | G45: ='07.09'!G40+COUNTIF(G$9:G$44,$C45) -> 3 | H45: ='07.09'!H40+COUNTIF(H$9:H$44,$C45) -> 3
C46: ='01.09'!C40 -> *Пр. Физиология человека* | D46: ='07.09'!D41+COUNTIF(D$9:D$44,$C46) -> 2 | E46: ='07.09'!E41+COUNTIF(E$9:E$44,$C46) -> 2 | F46: ='07.09'!F41+COUNTIF(F$9:F$44,$C46) -> 2 | G46: ='07.09'!G41+COUNTIF(G$9:G$44,$C46) -> 2 | H46: ='07.09'!H41+COUNTIF(H$9:H$44,$C46) -> 2
C47: ='01.09'!C41 -> *Л. Элективные дисциплины по ФКиС: Фехтование* | D47: ='07.09'!D42+COUNTIF(D$9:D$44,$C47) -> 0 | E47: ='07.09'!E42+COUNTIF(E$9:E$44,$C47) -> 0 | F47: ='07.09'!F42+COUNTIF(F$9:F$44,$C47) -> 0 | G47: ='07.09'!G42+COUNTIF(G$9:G$44,$C47) -> 0 | H47: ='07.09'!H42+COUNTIF(H$9:H$44,$C47) -> 0
C48: ='01.09'!C42 -> *Пр. Элективные дисциплины по ФКиС: Фехтование* | D48: ='07.09'!D43+COUNTIF(D$9:D$44,$C48) -> 0 | E48: ='07.09'!E43+COUNTIF(E$9:E$44,$C48) -> 0 | F48: ='07.09'!F43+COUNTIF(F$9:F$44,$C48) -> 0 | G48: ='07.09'!G43+COUNTIF(G$9:G$44,$C48) -> 0 | H48: ='07.09'!H43+COUNTIF(H$9:H$44,$C48) -> 0
C49: ='01.09'!C43 -> *Л. Педагогика физической культуры и спорта* | D49: ='07.09'!D44+COUNTIF(D$9:D$44,$C49) -> 2 | E49: ='07.09'!E44+COUNTIF(E$9:E$44,$C49) -> 2 | F49: ='07.09'!F44+COUNTIF(F$9:F$44,$C49) -> 2 | G49: ='07.09'!G44+COUNTIF(G$9:G$44,$C49) -> 2 | H49: ='07.09'!H44+COUNTIF(H$9:H$44,$C49) -> 2
C50: ='01.09'!C44 -> *Пр. Педагогика физической культуры и спорта* | D50: ='07.09'!D45+COUNTIF(D$9:D$44,$C50) -> 0 | E50: ='07.09'!E45+COUNTIF(E$9:E$44,$C50) -> 0 | F50: ='07.09'!F45+COUNTIF(F$9:F$44,$C50) -> 0 | G50: ='07.09'!G45+COUNTIF(G$9:G$44,$C50) -> 0 | H50: ='07.09'!H45+COUNTIF(H$9:H$44,$C50) -> 0
C51: ='01.09'!C45 -> *Л. Теория и методика* | D51: ='07.09'!D46+COUNTIF(D$9:D$44,$C51) -> 1 | E51: ='07.09'!E46+COUNTIF(E$9:E$44,$C51) -> 1 | F51: ='07.09'!F46+COUNTIF(F$9:F$44,$C51) -> 1 | G51: ='07.09'!G46+COUNTIF(G$9:G$44,$C51) -> 1 | H51: ='07.09'!H46+COUNTIF(H$9:H$44,$C51) -> 1
C52: ='01.09'!C46 -> *Пр. Теория и методика* | D52: ='07.09'!D47+COUNTIF(D$9:D$44,$C52) -> 3 | E52: ='07.09'!E47+COUNTIF(E$9:E$44,$C52) -> 3 | F52: ='07.09'!F47+COUNTIF(F$9:F$44,$C52) -> 3 | G52: ='07.09'!G47+COUNTIF(G$9:G$44,$C52) -> 3 | H52: ='07.09'!H47+COUNTIF(H$9:H$44,$C52) -> 3
C53: ='01.09'!C47 -> *Л. Теория и методика физической культуры* | D53: ='07.09'!D48+COUNTIF(D$9:D$44,$C53) -> 1 | E53: ='07.09'!E48+COUNTIF(E$9:E$44,$C53) -> 1 | F53: ='07.09'!F48+COUNTIF(F$9:F$44,$C53) -> 1 | G53: ='07.09'!G48+COUNTIF(G$9:G$44,$C53) -> 1 | H53: ='07.09'!H48+COUNTIF(H$9:H$44,$C53) -> 1
C54: ='01.09'!C48 -> *Пр. Теория и методика физической культуры* | D54: ='07.09'!D49+COUNTIF(D$9:D$44,$C54) -> 0 | E54: ='07.09'!E49+COUNTIF(E$9:E$44,$C54) -> 0 | F54: ='07.09'!F49+COUNTIF(F$9:F$44,$C54) -> 0 | G54: ='07.09'!G49+COUNTIF(G$9:G$44,$C54) -> 0 | H54: ='07.09'!H49+COUNTIF(H$9:H$44,$C54) -> 0
C55: ='01.09'!C49 -> *Л. Плавание* | D55: ='07.09'!D50+COUNTIF(D$9:D$44,$C55) -> 2 | E55: ='07.09'!E50+COUNTIF(E$9:E$44,$C55) -> 2 | F55: ='07.09'!F50+COUNTIF(F$9:F$44,$C55) -> 2 | G55: ='07.09'!G50+COUNTIF(G$9:G$44,$C55) -> 2 | H55: ='07.09'!H50+COUNTIF(H$9:H$44,$C55) -> 2
C56: ='01.09'!C50 -> *Пр. Плавание* | D56: ='07.09'!D51+COUNTIF(D$9:D$44,$C56) -> 2 | E56: ='07.09'!E51+COUNTIF(E$9:E$44,$C56) -> 2 | F56: ='07.09'!F51+COUNTIF(F$9:F$44,$C56) -> 2 | G56: ='07.09'!G51+COUNTIF(G$9:G$44,$C56) -> 2 | H56: ='07.09'!H51+COUNTIF(H$9:H$44,$C56) -> 2
... C66: ='01.09'!C60 -> 0 | D66: ='07.09'!D61+COUNTIF(D$9:D$44,$C66) -> 0 | E66: ='07.09'!E61+COUNTIF(E$9:E$44,$C66) -> 0 | F66: ='07.09'!F61+COUNTIF(F$9:F$44,$C66) -> 0 | G66: ='07.09'!G61+COUNTIF(G$9:G$44,$C66) -> 0 | H66: ='07.09'!H61+COUNTIF(H$9:H$44,$C66) -> 0
D67: ПСС - Профессионально-спортивное совершенствование

Sheet Иностр язык(немец, рус)
F1: Расписание учебных занятий на первое полугодие 2026-2027 учебного года
F2: ТРЕНЕРСКИЙ ФАКУЛЬТЕТ, направление подготовки (образовательная программа)
B3: 49.03.04 Спорт, Профиль (направленность): Спортивная подготовка по виду спорта «баскетбол». Педагогическая деятельность в области физической культуры и спорта; Спортивная подготовка по виду спорта «волейбол». Педагогическая деятельность в области физической культуры и спорта; Спортивная подготовка по видам спорта «гандбол», «бейсбол», «регби». Педагогическая деятельность в области физической культуры и спорта; Спортивная подготовка по виду спорта «компьютерный спорт». Педагогическая деятельность в области физической культуры и спорта; Спортивная подготовка по виду спорта «теннис». Педагогическая деятельность в области физической культуры и спорта; Спортивная подготовка по виду спорта «хоккей». Педагогическая деятельность в области физической культуры и спорта; Спортивная подготовка по виду спорта «футбол». Педагогическая деятельность в области физической культуры и спорта; Спортивная подготовка по видам спорта "настольный теннис", "бадминтон", "бильярд". Педагогическая деятельность в области физической культуры и спорта; Спортивная подготовка по виду спорта «гонки дронов (беспилотных воздушных судов)». Педагогическая деятельность в области физической культуры и спорта; уровень образования бакалавриат
B4: Курс 2, семестр 3, очная форма обучения
B5: группы С1-01А-25, С1-01Б-25, С1-02А-25, С1-02Б-25, С1-03-25, С1-04А-25, С1-04Б-25, С1-05А-25, С1-05Б-25
A6: День недели | B6: Дата | C6: Время | D6: 1 группа | E6: 2 группа | F6: 3 группа | G6: 4 группа | H6: 5 группа
D7: Баскетбол, гандбол, бейсбол, регби | E7: Волейбол, шахматы по 19.02, гонки дронов, компьютерный спорт | F7: Теннис, настольный теннис, бадминтон, бильярд | G7: Футбол | H7: Хоккей
A8: Понедельник | C8: 8.50-10.20
C9: 10.40-12.10
C10: 13.00-14.30
C11: 14.50-16.20
C12: 16.40-18.10
A13: Вторник | C13: 8.50-10.20
C14: 10.40-12.10
C15: 13.00-14.30
C16: 14.50-16.20
C17: 16.40-18.10
A18: Среда | C18: 8.50-10.20
C19: 10.40-12.10
C20: 13.00-14.30
C21: 14.50-16.20
C22: 16.40-18.10
A23: Четверг | C23: 8.50-10.20
C24: 10.40-12.10
C25: 13.00-14.30
C26: 14.50-16.20
C27: 16.40-18.10
A28: Пятница | C28: 8.50-10.20
C29: 10.40-12.10
C30: 13.00-14.30
C31: 14.50-16.20
C32: 16.40-18.10
A33: Суббота | C33: 8.50-10.20
C34: 10.40-12.10
C35: 13.00-14.30
C36: 14.50-16.20
C37: 16.40-18.10

Sheet 01.09
B1: Расписание учебных занятий на первое полугодие 2026-2027 учебного года
B2: ТРЕНЕРСКИЙ ФАКУЛЬТЕТ, направление подготовки (образовательная программа)
A3: 49.03.04 Спорт, Профиль (направленность): Спортивная подготовка по виду спорта «баскетбол». Педагогическая деятельность в области физической культуры и спорта; Спортивная подготовка по виду спорта «волейбол». Педагогическая деятельность в области физической культуры и спорта; Спортивная подготовка по видам спорта «гандбол», «бейсбол», «регби». Педагогическая деятельность в области физической культуры и спорта; Спортивная подготовка по виду спорта «компьютерный спорт». Педагогическая деятельность в области физической культуры и спорта; Спортивная подготовка по виду спорта «теннис». Педагогическая деятельность в области физической культуры и спорта; Спортивная подготовка по виду спорта «хоккей». Педагогическая деятельность в области физической культуры и спорта; Спортивная подготовка по виду спорта «футбол». Педагогическая деятельность в области физической культуры и спорта; Спортивная подготовка по видам спорта "настольный теннис", "бадминтон", "бильярд". Педагогическая деятельность в области физической культуры и спорта; Спортивная подготовка по виду спорта «гонки дронов (беспилотных воздушных судов)». Педагогическая деятельность в области физической культуры и спорта; уровень образования бакалавриат
A4: Курс 2, семестр 3, очная форма обучения
A5: группы С1-01А-25, С1-01Б-25, С1-02А-25, С1-02Б-25, С1-03-25, С1-04А-25, С1-04Б-25, С1-05А-25, С1-05Б-25
A6: День недели | B6: Дата | C6: Время | D6: 1 группа | E6: 2 группа | F6: 3 группа | G6: 4 группа | H6: 5 группа
D7: Баскетбол, гандбол, бейсбол, регби | E7: Волейбол, гонки дронов, компьютерный спорт | F7: Теннис, настольный теннис, бадминтон, бильярд | G7: Футбол | H7: Хоккей
A8: Понедельник | B8: 46265 | C8: 8.50-10.20 | J8: Лекция. Информатика. Яшкина Е.Н. 277МБК
C9: 10.40-12.10 | J9: Пр. Информатика. Яшкина Е.Н. 277МБК
C10: 13.00-14.30 | J10: Лекция. Русский язык и культура речи. Гордиенко В.Е. | K10: 5лекций
C11: 14.50-16.20 | J11: Лекция. Русский язык и культура речи.Волкова М.С. | K11: 2лекции
C12: 16.40-18.10 | J12: Пр. Русский язык и культура речи. Уткина Е.Л. 410ауд.к | L12: 2группы
A13: Вторник | B13: =B8+1 -> 46266 | C13: 8.50-10.20 | J13: Пр. Русский язык и культура речи. Ишина Л.М. 409 ауд.к. | L13: 1группа
C14: 10.40-12.10 | D14: Л. Физиология человека Ширяева Т.П. 161 мбк | E14: Л. Физиология человека Ширяева Т.П. 161 мбк | F14: Л. Физиология человека Ширяева Т.П. 161 мбк | G14: Л. Физиология человека Ширяева Т.П. 161 мбк | H14: Л. Физиология человека Ширяева Т.П. 161 мбк | J14: Пр. Русский язык и культура речи. Гордиенко В.Е. 408 ауд.к. | L14: две гр
C15: 13.00-14.30 | D15: Л. Подвижные игры в спорте и образовании Дробышевская Н.В. 161 мбк | E15: Л. Подвижные игры в спорте и образовании Дробышевская Н.В. 161 мбк | F15: Л. Подвижные игры в спорте и образовании Дробышевская Н.В. 161 мбк | G15: Л. Подвижные игры в спорте и образовании Дробышевская Н.В. 161 мбк | H15: Л. Подвижные игры в спорте и образовании Дробышевская Н.В. 161 мбк | J15: Пр. Русский язык и культура речи. Капустина Ю.А. 409ауд.к. | L15: одна гр.
C16: 14.50-16.20 | D16: Л. Самооборона (самбо) Иванченко М.М. 161 мбк | E16: Л. Самооборона (самбо) Иванченко М.М. 161 мбк | F16: Л. Самооборона (самбо) Иванченко М.М. 161 мбк | G16: Л. Самооборона (самбо) Иванченко М.М. 161 мбк | H16: Л. Самооборона (самбо) Иванченко М.М. 161 мбк | J16: Лекция. Анатомия человека. Павлычева Л.А. 162 МБК | L16: 2,4,6 гр
C17: 16.40-18.10 | J17: Лекция. Анатомия человека. Титова Е.П. 161 МБК | L17: 1,5 гр
A18: Среда | B18: =B13+1 -> 46267 | C18: 8.50-10.20 | D18: Л. Плавание Никитина С.М. 220 ауд.к. | E18: Л. Плавание Никитина С.М. 220 ауд.к. | F18: Л. Плавание Никитина С.М. 220 ауд.к. | G18: Л. Плавание Никитина С.М. 220 ауд.к. | H18: Л. Плавание Никитина С.М. 220 ауд.к. | J18: Пр. Анатомия человека. Титова Е.П. 154МБК | L18: 1,5 гр
C19: 10.40-12.10 | D19: Л. Плавание Никитина С.М. 220 ауд.к. | E19: Л. Плавание Никитина С.М. 220 ауд.к. | F19: Л. Плавание Никитина С.М. 220 ауд.к. | G19: Л. Плавание Никитина С.М. 220 ауд.к. | H19: Л. Плавание Никитина С.М. 220 ауд.к. | J19: Пр. Анатомия человека. Павлычева Л.А. 131 МБК | L19: 2,4,6 гр
C20: 13.00-14.30 | H20: Л. Теория и методика хоккея Прил.1 | J20: Лекция. ТиМ избранного вида спорта. ауд.прил.1.
C21: 14.50-16.20 | H21: Пр. Теория и методика хоккея Прил.1 | J21: Пр. ТиМ избранного вида спорта. ауд.прил.1.
C22: 16.40-18.10 | J22: Лекция. Тяжелоатлетические виды спорта. Баюрин А.П.161МБК
A23: Четверг | B23: =B18+1 -> 46268 | C23: 8.50-10.20 | D23: Л. Теория и методика баскетбола, гандбола, бейсбола, регби Прил.1 | F23: Л. Теория и методика тенниса, настольного тенниса, бадминтона, бильярда Прил.1 | G23: Л. Теория и методика футбола Прил.1 | J23: Пр. Тяжелоатлетические виды спорта. Соловьев В.Б. ауд.прил.1.
C24: 10.40-12.10 | D24: Пр. Теория и методика баскетбола, гандбола, бейсбола, регби Прил.1 | F24: Пр. Теория и методика тенниса, настольного тенниса, бадминтона, бильярда Прил.1 | G24: Пр. Теория и методика футбола Прил.1 | J24: Лекция. Баскетбол. Андрющенко Л.Б.
C25: 13.00-14.30 | D25: Л. Педагогика физической культуры и спорта Цакаев С.Ш. 212 ауд.к. | E25: Л. Педагогика физической культуры и спорта Цакаев С.Ш. 212 ауд.к. | F25: Л. Педагогика физической культуры и спорта Цакаев С.Ш. 212 ауд.к. | G25: Л. Педагогика физической культуры и спорта Цакаев С.Ш. 212 ауд.к. | H25: Л. Педагогика физической культуры и спорта Цакаев С.Ш. 212 ауд.к. | J25: Пр. Баскетбол. Лосева И.В., Мартынова А.В., Никонов Д.Н., Лаптев С.О., Аверясова Ю.О.
C26: 14.50-16.20 | D26: Л. Физиология человека Ширяева Т.П. 212 ауд.к. | E26: Л. Физиология человека Ширяева Т.П. 212 ауд.к. | F26: Л. Физиология человека Ширяева Т.П. 212 ауд.к. | G26: Л. Физиология человека Ширяева Т.П. 212 ауд.к. | H26: Л. Физиология человека Ширяева Т.П. 212 ауд.к. | J26: Лекция . Лыжные гонки. Сенатская В.Г. 212ауд.к.
C27: 16.40-18.10 | J27: Пр. Лыжные гонки.
A28: Пятница | B28: =B23+1 -> 46269 | C28: 8.50-10.20 | J28: Пр. Гимнастика
C29: 10.40-12.10 | J29: Лекция. Физическая культура и спорт. Еремин М.В.
C30: 13.00-14.30 | E30: Л. Теория и методика волейбола, компьютерного спорта, гонок дронов Прил.1 | J30: Пр. Спортивно-педагогическое совершенствование. ауд.прил.1.
C31: 14.50-16.20 | E31: Пр. Теория и методика волейбола, компьютерного спорта, гонок дронов Прил.1 | J31: Пр. Элективные дисциплины по физ.культуре и спорту. Подвижные игры. Томашевич А.М. Модуль Д | K31: 1гр,3гр
C32: 16.40-18.10 | J32: Пр. Элективные дисциплины по физ.культуре и спорту. Подвижные игры.Салахудинова Е.С. Модуль Б | K32: 2гр.,4гр
A33: Суббота | B33: =B28+1 -> 46270 | C33: 8.50-10.20 | J33: Пр. Гимнастика
C34: 10.40-12.10 | J34: Лекция. Физическая культура и спорт. Еремин М.В.
C35: 13.00-14.30 | J35: Пр. Спортивно-педагогическое совершенствование. ауд.прил.1.
C36: 14.50-16.20 | J36: Пр. Элективные дисциплины по физ.культуре и спорту. Подвижные игры. Томашевич А.М. Модуль Д | K36: 1гр,3гр
C37: 16.40-18.10 | J37: Пр. Элективные дисциплины по физ.культуре и спорту. Подвижные игры.Салахудинова Е.С. Модуль Б | K37: 2гр.,4гр
B39: 24 | C39: *Л. Физиология человека* | D39: =COUNTIF(D$8:D$37,$C39) -> 2 | E39: =COUNTIF(E$8:E$37,$C39) -> 2 | F39: =COUNTIF(F$8:F$37,$C39) -> 2 | G39: =COUNTIF(G$8:G$37,$C39) -> 2 | H39: =COUNTIF(H$8:H$37,$C39) -> 2
B40: 56 | C40: *Пр. Физиология человека* | D40: =COUNTIF(D$8:D$37,$C40) -> 0 | E40: =COUNTIF(E$8:E$37,$C40) -> 0 | F40: =COUNTIF(F$8:F$37,$C40) -> 0 | G40: =COUNTIF(G$8:G$37,$C40) -> 0 | H40: =COUNTIF(H$8:H$37,$C40) -> 0
B41: 2 | C41: *Л. Элективные дисциплины по ФКиС: Фехтование* | D41: =COUNTIF(D$8:D$37,$C41) -> 0 | E41: =COUNTIF(E$8:E$37,$C41) -> 0 | F41: =COUNTIF(F$8:F$37,$C41) -> 0 | G41: =COUNTIF(G$8:G$37,$C41) -> 0 | H41: =COUNTIF(H$8:H$37,$C41) -> 0
B42: 18 | C42: *Пр. Элективные дисциплины по ФКиС: Фехтование* | D42: =COUNTIF(D$8:D$37,$C42) -> 0 | E42: =COUNTIF(E$8:E$37,$C42) -> 0 | F42: =COUNTIF(F$8:F$37,$C42) -> 0 | G42: =COUNTIF(G$8:G$37,$C42) -> 0 | H42: =COUNTIF(H$8:H$37,$C42) -> 0
B43: 10 | C43: *Л. Педагогика физической культуры и спорта* | D43: =COUNTIF(D$8:D$37,$C43) -> 1 | E43: =COUNTIF(E$8:E$37,$C43) -> 1 | F43: =COUNTIF(F$8:F$37,$C43) -> 1 | G43: =COUNTIF(G$8:G$37,$C43) -> 1 | H43: =COUNTIF(H$8:H$37,$C43) -> 1
B44: 22 | C44: *Пр. Педагогика физической культуры и спорта* | D44: =COUNTIF(D$8:D$37,$C44) -> 0 | E44: =COUNTIF(E$8:E$37,$C44) -> 0 | F44: =COUNTIF(F$8:F$37,$C44) -> 0 | G44: =COUNTIF(G$8:G$37,$C44) -> 0 | H44: =COUNTIF(H$8:H$37,$C44) -> 0
B45: 10 | C45: *Л. Теория и методика* | D45: =COUNTIF(D$8:D$37,$C45) -> 1 | E45: =COUNTIF(E$8:E$37,$C45) -> 1 | F45: =COUNTIF(F$8:F$37,$C45) -> 1 | G45: =COUNTIF(G$8:G$37,$C45) -> 1 | H45: =COUNTIF(H$8:H$37,$C45) -> 1
B46: 70 | C46: *Пр. Теория и методика* | D46: =COUNTIF(D$8:D$37,$C46) -> 1 | E46: =COUNTIF(E$8:E$37,$C46) -> 1 | F46: =COUNTIF(F$8:F$37,$C46) -> 1 | G46: =COUNTIF(G$8:G$37,$C46) -> 1 | H46: =COUNTIF(H$8:H$37,$C46) -> 1
B47: 20 | C47: *Л. Теория и методика физической культуры* | D47: =COUNTIF(D$8:D$37,$C47) -> 0 | E47: =COUNTIF(E$8:E$37,$C47) -> 0 | F47: =COUNTIF(F$8:F$37,$C47) -> 0 | G47: =COUNTIF(G$8:G$37,$C47) -> 0 | H47: =COUNTIF(H$8:H$37,$C47) -> 0
B48: 18 | C48: *Пр. Теория и методика физической культуры* | D48: =COUNTIF(D$8:D$37,$C48) -> 0 | E48: =COUNTIF(E$8:E$37,$C48) -> 0 | F48: =COUNTIF(F$8:F$37,$C48) -> 0 | G48: =COUNTIF(G$8:G$37,$C48) -> 0 | H48: =COUNTIF(H$8:H$37,$C48) -> 0
B49: 4 | C49: *Л. Плавание* | D49: =COUNTIF(D$8:D$37,$C49) -> 2 | E49: =COUNTIF(E$8:E$37,$C49) -> 2 | F49: =COUNTIF(F$8:F$37,$C49) -> 2 | G49: =COUNTIF(G$8:G$37,$C49) -> 2 | H49: =COUNTIF(H$8:H$37,$C49) -> 2
B50: 60 | C50: *Пр. Плавание* | D50: =COUNTIF(D$8:D$37,$C50) -> 0 | E50: =COUNTIF(E$8:E$37,$C50) -> 0 | F50: =COUNTIF(F$8:F$37,$C50) -> 0 | G50: =COUNTIF(G$8:G$37,$C50) -> 0 | H50: =COUNTIF(H$8:H$37,$C50) -> 0
... B58: 22 | C58: *Пр. Методика преподавания* | D58: =COUNTIF(D$8:D$37,$C58) -> 0 | E58: =COUNTIF(E$8:E$37,$C58) -> 0 | F58: =COUNTIF(F$8:F$37,$C58) -> 0 | G58: =COUNTIF(G$8:G$37,$C58) -> 0 | H58: =COUNTIF(H$8:H$37,$C58) -> 0
D59: =COUNTIF(D$8:D$37,$C59) -> 0 | E59: =COUNTIF(E$8:E$37,$C59) -> 0 | F59: =COUNTIF(F$8:F$37,$C59) -> 0 | G59: =COUNTIF(G$8:G$37,$C59) -> 0 | H59: =COUNTIF(H$8:H$37,$C59) -> 0
D60: =COUNTIF(D$8:D$37,$C60) -> 0 | E60: =COUNTIF(E$8:E$37,$C60) -> 0 | F60: =COUNTIF(F$8:F$37,$C60) -> 0 | G60: =COUNTIF(G$8:G$37,$C60) -> 0 | H60: =COUNTIF(H$8:H$37,$C60) -> 0
D61: =COUNTIF(D$8:D$37,$C61) -> 0 | E61: =COUNTIF(E$8:E$37,$C61) -> 0 | F61: =COUNTIF(F$8:F$37,$C61) -> 0 | G61: =COUNTIF(G$8:G$37,$C61) -> 0 | H61: =COUNTIF(H$8:H$37,$C61) -> 0
D62: =COUNTIF(D$8:D$37,$C62) -> 0 | E62: =COUNTIF(E$8:E$37,$C62) -> 0 | F62: =COUNTIF(F$8:F$37,$C62) -> 0 | G62: =COUNTIF(G$8:G$37,$C62) -> 0 | H62: =COUNTIF(H$8:H$37,$C62) -> 0
D63: =COUNTIF(D$8:D$37,$C63) -> 0 | E63: =COUNTIF(E$8:E$37,$C63) -> 0 | F63: =COUNTIF(F$8:F$37,$C63) -> 0 | G63: =COUNTIF(G$8:G$37,$C63) -> 0 | H63: =COUNTIF(H$8:H$37,$C63) -> 0
D64: =COUNTIF(D$8:D$37,$C64) -> 0 | E64: =COUNTIF(E$8:E$37,$C64) -> 0 | F64: =COUNTIF(F$8:F$37,$C64) -> 0 | G64: =COUNTIF(G$8:G$37,$C64) -> 0 | H64: =COUNTIF(H$8:H$37,$C64) -> 0
D65: =COUNTIF(D$8:D$37,$C65) -> 0 | E65: =COUNTIF(E$8:E$37,$C65) -> 0 | F65: =COUNTIF(F$8:F$37,$C65) -> 0 | G65: =COUNTIF(G$8:G$37,$C65) -> 0 | H65: =COUNTIF(H$8:H$37,$C65) -> 0

Sheet 07.09
B1: Расписание учебных занятий на первое полугодие 2026-2027 учебного года
B2: ТРЕНЕРСКИЙ ФАКУЛЬТЕТ, направление подготовки (образовательная программа)
B3: 49.03.04 Спорт *
B4: Курс 2, семестр 3, очная форма обучения
A5: группы С1-01А-25, С1-01Б-25, С1-02А-25, С1-02Б-25, С1-03-25, С1-04А-25, С1-04Б-25, С1-05А-25, С1-05Б-25
A6: День недели | B6: Дата | C6: Время | D6: 1 группа | E6: 2 группа | F6: 3 группа | G6: 4 группа | H6: 5 группа
D7: Баскетбол, гандбол, бейсбол, регби | E7: Волейбол, гонки дронов, компьютерный спорт | F7: Теннис, настольный теннис, бадминтон, бильярд | G7: Футбол | H7: Хоккей
A8: Понедельник | B8: 46272 | C8: 8.50-10.20 | D8: Пр. Теория и методика гандбола, бейсбола, регби Прил.1 | F8: Пр. Теория и методика тенниса, настольного тенниса, бадминтона, бильярда Прил.1 | G8: Пр. Физиология человека Белицкая Л.А. 240мбк, Андреева А.М. 238мбк | H8: Пр. Подвижные игры в спорте и образовании Дробышевская Н.В., Салахудинова Е.С. Модуль Б
C9: 10.40-12.10 | D9: Пр. Теория и методика гандбола, бейсбола, регби Прил.1 | F9: Пр. Теория и методика тенниса, настольного тенниса, бадминтона, бильярда Прил.1 | G9: Пр. Подвижные игры в спорте и образовании Дробышевская Н.В., Кузьмичева Е.В. Модуль Б | H9: Пр. Физиология человека Ширяева Т.П. 237 мбк, Андреева А.М. 234мбк
C10: 13.00-14.30
C11: 14.50-16.20
C12: 16.40-18.10
A13: Вторник | B13: =B8+1 -> 46273 | C13: 8.50-10.20 | D13: Л. Теория и методика физической культуры Мачканова Е.В. 212 ауд.к. | E13: Л. Теория и методика физической культуры Мачканова Е.В. 212 ауд.к. | F13: Л. Теория и методика физической культуры Мачканова Е.В. 212 ауд.к. | G13: Л. Теория и методика физической культуры Мачканова Е.В. 212 ауд.к. | H13: Л. Теория и методика физической культуры Мачканова Е.В. 212 ауд.к.
C14: 10.40-12.10 | D14: Л. Физиология человека Ширяева Т.П. 212 ауд.к. | E14: Л. Физиология человека Ширяева Т.П. 212 ауд.к. | F14: Л. Физиология человека Ширяева Т.П. 212 ауд.к. | G14: Л. Физиология человека Ширяева Т.П. 212 ауд.к. | H14: Л. Физиология человека Ширяева Т.П. 212 ауд.к.
C15: 13.00-14.30 | D15: Пр. Подвижные игры в спорте и образовании Дробышевская Н.В., Салахудинова Е.С. Модуль Б | E15: Пр. Физиология человека Белицкая Л.А. 234мбк, Ширяева Т.П. 238 мбк | G15: Пр. Теория и методика футбола Прил.1 | H15: Пр. Теория и методика хоккея Прил.1
C16: 14.50-16.20 | E16: Пр. Подвижные игры в спорте и образовании Дробышевская Н.В., Салахудинова Е.С. Модуль Б | G16: Пр. Теория и методика футбола Прил.1 | H16: Пр. Теория и методика хоккея Прил.1
C17: 16.40-18.10
C18: 18.30-20.00
A19: Среда | B19: =B13+1 -> 46274 | C19: 8.50-10.20 | D19: Пр. Плавание Шакина Е.Е., Чистова Н.А. бассейн УСЗК | E19: Пр. Плавание Колесов А.Д., Павлова Т.Н. бассейн УСЗК | F19: Пр. Подвижные игры в спорте и образовании Дробышевская Н.В. Модуль Б
C20: 10.40-12.10 | D20: Пр. Плавание Шакина Е.Е., Чистова Н.А. бассейн УСЗК | E20: Пр. Плавание Колесов А.Д., Павлова Т.Н.. бассейн УСЗК | F20: Пр. Физиология человека Колесник О.В. 254мбк
C21: 13.00-14.30 | D21: Пр. Физиология человека Белицкая Л.А. 234мбк, Колесник О.В. 254мбк | F21: Пр. Самооборона (самбо) Марянян С.А. 14СК
C22: 14.50-16.20
C23: 16.40-18.10
A24: Четверг | B24: =B19+1 -> 46275 | C24: 8.50-10.20 | D24: Пр. Теория и методика баскетбола Прил.1 | E24: Пр. Физиология человека Белицкая Л.А. 234мбк, Ширяева Т.П. 254мбк | H24: Пр. Плавание Никитина С.М., Шакина Е.Е. бассейн УСЗК
C25: 10.40-12.10 | D25: Пр. Теория и методика баскетбола Прил.1 | E25: Пр. Самооборона (самбо) Махмудов М.М., Иванченко М.М. 14СК | H25: Пр. Плавание Никитина С.М., Шакина Е.Е. бассейн УСЗК
C26: 13.00-14.30 | D26: Л. Педагогика физической культуры и спорта Цакаев С.Ш. 212 ауд.к. | E26: Л. Педагогика физической культуры и спорта Цакаев С.Ш. 212 ауд.к. | F26: Л. Педагогика физической культуры и спорта Цакаев С.Ш. 212 ауд.к. | G26: Л. Педагогика физической культуры и спорта Цакаев С.Ш. 212 ауд.к. | H26: Л. Педагогика физической культуры и спорта Цакаев С.Ш. 212 ауд.к.
C27: 14.50-16.20 | D27: Л. Методика преподавания предмета "физическая культура" в образовательных организациях Мачканова Е.В. 212 ауд.к. | E27: Л. Методика преподавания предмета "физическая культура" в образовательных организациях Мачканова Е.В. 212 ауд.к. | F27: Л. Методика преподавания предмета "физическая культура" в образовательных организациях Мачканова Е.В. 212 ауд.к. | G27: Л. Методика преподавания предмета "физическая культура" в образовательных организациях Мачканова Е.В. 212 ауд.к. | H27: Л. Методика преподавания предмета "физическая культура" в образовательных организациях Мачканова Е.В. 212 ауд.к.
C28: 16.40-18.10
A29: Пятница | B29: =B24+1 -> 46276 | C29: 8.50-10.20 | D29: Пр. Самооборона (самбо) Махмудов М.М., Марянян С.А. 14СК | F29: Пр. Плавание Шакина Е.Е. бассейн УСЗК | G29: Пр. Плавание Никитина С.М. , Павлова Т.Н. бассейн УСЗК
C30: 10.40-12.10 | D30: Пр. Физиология человека Белицкая Л.А. 234мбк, Колесник О.В. 238мбк | F30: Пр. Плавание Шакина Е.Е. бассейн УСЗК | G30: Пр. Плавание Никитина С.М. , Павлова Т.Н. бассейн УСЗК
C31: 13.00-14.30 | E31: Пр. Теория и методика волейбола, компьютерного спорта, гонок дронов Прил.1 | F31: Пр. Физиология человека Колесник О.В. 254мбк | G31: Пр. Физиология человека Белицкая Л.А. 237мбк, Андреева А.М. 238мбк | H31: Пр. Самооборона (самбо) Попов Д.В., Иванченко М.М. 27СК
C32: 14.50-16.20 | E32: Пр. Теория и методика волейбола, компьютерного спорта, гонок дронов Прил.1 | G32: Пр. Самооборона (самбо) Попов Д.В., Иванченко М.М. 27СК | H32: Пр. Физиология человека Ширяева Т.П. 254мбк, Андреева А.М. 234мбк
C33: 16.40-18.10
A34: Суббота | B34: =B29+1 -> 46277 | C34: 8.50-10.20
C35: 10.40-12.10
C36: 13.00-14.30
C37: 14.50-16.20
C38: 16.40-18.10
D39: * Профили (направленность) указанны на титульном листе
C40: ='01.09'!C39 -> *Л. Физиология человека* | D40: ='01.09'!D39+COUNTIF(D$8:D$38,$C40) -> 3 | E40: ='01.09'!E39+COUNTIF(E$8:E$38,$C40) -> 3 | F40: ='01.09'!F39+COUNTIF(F$8:F$38,$C40) -> 3 | G40: ='01.09'!G39+COUNTIF(G$8:G$38,$C40) -> 3 | H40: ='01.09'!H39+COUNTIF(H$8:H$38,$C40) -> 3
C41: ='01.09'!C40 -> *Пр. Физиология человека* | D41: ='01.09'!D40+COUNTIF(D$8:D$38,$C41) -> 2 | E41: ='01.09'!E40+COUNTIF(E$8:E$38,$C41) -> 2 | F41: ='01.09'!F40+COUNTIF(F$8:F$38,$C41) -> 2 | G41: ='01.09'!G40+COUNTIF(G$8:G$38,$C41) -> 2 | H41: ='01.09'!H40+COUNTIF(H$8:H$38,$C41) -> 2
C42: ='01.09'!C41 -> *Л. Элективные дисциплины по ФКиС: Фехтование* | D42: ='01.09'!D41+COUNTIF(D$8:D$38,$C42) -> 0 | E42: ='01.09'!E41+COUNTIF(E$8:E$38,$C42) -> 0 | F42: ='01.09'!F41+COUNTIF(F$8:F$38,$C42) -> 0 | G42: ='01.09'!G41+COUNTIF(G$8:G$38,$C42) -> 0 | H42: ='01.09'!H41+COUNTIF(H$8:H$38,$C42) -> 0
C43: ='01.09'!C42 -> *Пр. Элективные дисциплины по ФКиС: Фехтование* | D43: ='01.09'!D42+COUNTIF(D$8:D$38,$C43) -> 0 | E43: ='01.09'!E42+COUNTIF(E$8:E$38,$C43) -> 0 | F43: ='01.09'!F42+COUNTIF(F$8:F$38,$C43) -> 0 | G43: ='01.09'!G42+COUNTIF(G$8:G$38,$C43) -> 0 | H43: ='01.09'!H42+COUNTIF(H$8:H$38,$C43) -> 0
C44: ='01.09'!C43 -> *Л. Педагогика физической культуры и спорта* | D44: ='01.09'!D43+COUNTIF(D$8:D$38,$C44) -> 2 | E44: ='01.09'!E43+COUNTIF(E$8:E$38,$C44) -> 2 | F44: ='01.09'!F43+COUNTIF(F$8:F$38,$C44) -> 2 | G44: ='01.09'!G43+COUNTIF(G$8:G$38,$C44) -> 2 | H44: ='01.09'!H43+COUNTIF(H$8:H$38,$C44) -> 2
C45: ='01.09'!C44 -> *Пр. Педагогика физической культуры и спорта* | D45: ='01.09'!D44+COUNTIF(D$8:D$38,$C45) -> 0 | E45: ='01.09'!E44+COUNTIF(E$8:E$38,$C45) -> 0 | F45: ='01.09'!F44+COUNTIF(F$8:F$38,$C45) -> 0 | G45: ='01.09'!G44+COUNTIF(G$8:G$38,$C45) -> 0 | H45: ='01.09'!H44+COUNTIF(H$8:H$38,$C45) -> 0
C46: ='01.09'!C45 -> *Л. Теория и методика* | D46: ='01.09'!D45+COUNTIF(D$8:D$38,$C46) -> 1 | E46: ='01.09'!E45+COUNTIF(E$8:E$38,$C46) -> 1 | F46: ='01.09'!F45+COUNTIF(F$8:F$38,$C46) -> 1 | G46: ='01.09'!G45+COUNTIF(G$8:G$38,$C46) -> 1 | H46: ='01.09'!H45+COUNTIF(H$8:H$38,$C46) -> 1
C47: ='01.09'!C46 -> *Пр. Теория и методика* | D47: ='01.09'!D46+COUNTIF(D$8:D$38,$C47) -> 3 | E47: ='01.09'!E46+COUNTIF(E$8:E$38,$C47) -> 3 | F47: ='01.09'!F46+COUNTIF(F$8:F$38,$C47) -> 3 | G47: ='01.09'!G46+COUNTIF(G$8:G$38,$C47) -> 3 | H47: ='01.09'!H46+COUNTIF(H$8:H$38,$C47) -> 3
C48: ='01.09'!C47 -> *Л. Теория и методика физической культуры* | D48: ='01.09'!D47+COUNTIF(D$8:D$38,$C48) -> 1 | E48: ='01.09'!E47+COUNTIF(E$8:E$38,$C48) -> 1 | F48: ='01.09'!F47+COUNTIF(F$8:F$38,$C48) -> 1 | G48: ='01.09'!G47+COUNTIF(G$8:G$38,$C48) -> 1 | H48: ='01.09'!H47+COUNTIF(H$8:H$38,$C48) -> 1
C49: ='01.09'!C48 -> *Пр. Теория и методика физической культуры* | D49: ='01.09'!D48+COUNTIF(D$8:D$38,$C49) -> 0 | E49: ='01.09'!E48+COUNTIF(E$8:E$38,$C49) -> 0 | F49: ='01.09'!F48+COUNTIF(F$8:F$38,$C49) -> 0 | G49: ='01.09'!G48+COUNTIF(G$8:G$38,$C49) -> 0 | H49: ='01.09'!H48+COUNTIF(H$8:H$38,$C49) -> 0
C50: ='01.09'!C49 -> *Л. Плавание* | D50: ='01.09'!D49+COUNTIF(D$8:D$38,$C50) -> 2 | E50: ='01.09'!E49+COUNTIF(E$8:E$38,$C50) -> 2 | F50: ='01.09'!F49+COUNTIF(F$8:F$38,$C50) -> 2 | G50: ='01.09'!G49+COUNTIF(G$8:G$38,$C50) -> 2 | H50: ='01.09'!H49+COUNTIF(H$8:H$38,$C50) -> 2
C51: ='01.09'!C50 -> *Пр. Плавание* | D51: ='01.09'!D50+COUNTIF(D$8:D$38,$C51) -> 2 | E51: ='01.09'!E50+COUNTIF(E$8:E$38,$C51) -> 2 | F51: ='01.09'!F50+COUNTIF(F$8:F$38,$C51) -> 2 | G51: ='01.09'!G50+COUNTIF(G$8:G$38,$C51) -> 2 | H51: ='01.09'!H50+COUNTIF(H$8:H$38,$C51) -> 2
... C66: ='01.09'!C65 -> 0 | D66: ='01.09'!D65+COUNTIF(D$8:D$38,$C66) -> 0 | E66: ='01.09'!E65+COUNTIF(E$8:E$38,$C66) -> 0 | F66: ='01.09'!F65+COUNTIF(F$8:F$38,$C66) -> 0 | G66: ='01.09'!G65+COUNTIF(G$8:G$38,$C66) -> 0 | H66: ='01.09'!H65+COUNTIF(H$8:H$38,$C66) -> 0

Sheet 14.09
B1: Расписание учебных занятий на первое полугодие 2026-2027 учебного года
B2: ТРЕНЕРСКИЙ ФАКУЛЬТЕТ, направление подготовки (образовательная программа)
B3: 49.03.04 Спорт *
B4: Курс 2, семестр 3, очная форма обучения
A5: группы С1-01А-25, С1-01Б-25, С1-02А-25, С1-02Б-25, С1-03-25, С1-04А-25, С1-04Б-25, С1-05А-25, С1-05Б-25
A6: День недели | B6: Дата | C6: Время | D6: 1 группа | E6: 2 группа | F6: 3 группа | G6: 4 группа | H6: 5 группа
D7: Баскетбол, гандбол, бейсбол, регби | E7: Волейбол, гонки дронов, компьютерный спорт | F7: Теннис, настольный теннис, бадминтон, бильярд | G7: Футбол | H7: Хоккей
A8: Понедельник | B8: 46279 | C8: 8.50-10.20 | D8: Пр. Теория и методика гандбола, бейсбола, регби Прил.1 | E8: Пр. Теория и методика волейбола, гонок дронов Прил.1; Л. Методика реализации программ дополнительного образования в области ФКиС: компьютерный спорт Прил.1 | F8: Пр. Теория и методика тенниса, настольного тенниса, бадминтона, бильярда Прил.1 | G8: Пр. Физиология человека Белицкая Л.А. 240мбк, Андреева А.М. 238мбк | H8: Пр. Подвижные игры в спорте и образовании Дробышевская Н.В., Салахудинова Е.С. Модуль Б
C9: 10.40-12.10 | D9: Пр. Теория и методика гандбола, бейсбола, регби Прил.1 | E9: Пр. Теория и методика компьютерного спорта Прил.1; Л. Методика реализации программ дополнительного образования в области ФКиС: волейбол, гонки дронов Прил.1 | F9: Пр. Теория и методика тенниса, настольного тенниса, бадминтона, бильярда Прил.1 | G9: Пр. Подвижные игры в спорте и образовании Дробышевская Н.В., Кузьмичева Е.В. Модуль Б | H9: Пр. Физиология человека Ширяева Т.П. 254мбк, Андреева А.М. 234мбк
C10: 13.00-14.30 | D10: Пр. Теория и методика баскетбола Прил.1
C11: 14.50-16.20 | D11: Пр. Теория и методика баскетбола Прил.1
C12: 16.40-18.10
A13: Вторник | B13: =B8+1 -> 46280 | C13: 8.50-10.20 | D13: Л. Теория и методика физической культуры Мачканова Е.В. 212 ауд.к. | E13: Л. Теория и методика физической культуры Мачканова Е.В. 212 ауд.к. | F13: Л. Теория и методика физической культуры Мачканова Е.В. 212 ауд.к. | G13: Л. Теория и методика физической культуры Мачканова Е.В. 212 ауд.к. | H13: Л. Теория и методика физической культуры Мачканова Е.В. 212 ауд.к.
C14: 10.40-12.10 | D14: Л. Физиология человека Ширяева Т.П. 212 ауд.к. | E14: Л. Физиология человека Ширяева Т.П. 212 ауд.к. | F14: Л. Физиология человека Ширяева Т.П. 212 ауд.к. | G14: Л. Физиология человека Ширяева Т.П. 212 ауд.к. | H14: Л. Физиология человека Ширяева Т.П. 212 ауд.к.
C15: 13.00-14.30 | D15: Пр. Подвижные игры в спорте и образовании Дробышевская Н.В., Салахудинова Е.С. Модуль Б | E15: Пр. Физиология человека Белицкая Л.А. 234мбк, Ширяева Т.П. 254мбк | G15: Пр. Теория и методика футбола Прил.1 | H15: Пр. Теория и методика хоккея Прил.1
C16: 14.50-16.20 | E16: Пр. Подвижные игры в спорте и образовании Дробышевская Н.В., Салахудинова Е.С. Модуль Б | G16: Пр. Теория и методика футбола Прил.1 | H16: Л. Методика реализации программ дополнительного образования в области ФКиС Прил.1
C17: 16.40-18.10
C18: 18.30-20.00
A19: Среда | B19: =B13+1 -> 46281 | C19: 8.50-10.20 | D19: Пр. Плавание Шакина Е.Е., Чистова Н.А. бассейн УСЗК | E19: Пр. Плавание Колесов А.Д., Павлова Т.Н. бассейн УСЗК | F19: Пр. Подвижные игры в спорте и образовании Дробышевская Н.В. Модуль Б
C20: 10.40-12.10 | D20: Пр. Плавание Шакина Е.Е., Чистова Н.А. бассейн УСЗК | E20: Пр. Плавание Колесов А.Д., Павлова Т.Н.. бассейн УСЗК | F20: Пр. Физиология человека Колесник О.В. 254мбк
C21: 13.00-14.30 | D21: Пр. Физиология человека Белицкая Л.А. 234мбк, Колесник О.В. 254мбк | F21: Пр. Самооборона (самбо) Марянян С.А. 14СК | H21: Пр. Теория и методика хоккея Прил.1
C22: 14.50-16.20 | D22: Л. Теория и методика гандбола, бейсбола, регби Прил.1 | H22: Л. Теория и методика хоккея Прил.1
C23: 16.40-18.10
A24: Четверг | B24: =B19+1 -> 46282 | C24: 8.50-10.20 | D24: Л. Теория и методика баскетбола Прил.1 | E24: Пр. Физиология человека Белицкая Л.А. 234мбк, Ширяева Т.П. 254мбк | F24: Л. Теория и методика тенниса, настольного тенниса, бадминтона, бильярда Прил.1 | G24: Л. Методика реализации программ дополнительного образования в области ФКиС Прил.1 | H24: Пр. Плавание Никитина С.М., Шакина Е.Е. бассейн УСЗК
C25: 10.40-12.10 | D25: Л. Методика реализации программ дополнительного образования в области ФКиС Прил.1 | E25: Пр. Самооборона (самбо) Махмудов М.М., Иванченко М.М. 14СК | F25: Л. Методика реализации программ дополнительного образования в области ФКиС Прил.1 | G25: Л. Теория и методика футбола Прил.1 | H25: Пр. Плавание Никитина С.М., Шакина Е.Е. бассейн УСЗК
C26: 13.00-14.30 | D26: Л. Педагогика физической культуры и спорта Цакаев С.Ш. 212 ауд.к. | E26: Л. Педагогика физической культуры и спорта Цакаев С.Ш. 212 ауд.к. | F26: Л. Педагогика физической культуры и спорта Цакаев С.Ш. 212 ауд.к. | G26: Л. Педагогика физической культуры и спорта Цакаев С.Ш. 212 ауд.к. | H26: Л. Педагогика физической культуры и спорта Цакаев С.Ш. 212 ауд.к.
C27: 14.50-16.20 | D27: Л. Методика преподавания предмета "физическая культура" в образовательных организациях Мачканова Е.В. 212 ауд.к. | E27: Л. Методика преподавания предмета "физическая культура" в образовательных организациях Мачканова Е.В. 212 ауд.к. | F27: Л. Методика преподавания предмета "физическая культура" в образовательных организациях Мачканова Е.В. 212 ауд.к. | G27: Л. Методика преподавания предмета "физическая культура" в образовательных организациях Мачканова Е.В. 212 ауд.к. | H27: Л. Методика преподавания предмета "физическая культура" в образовательных организациях Мачканова Е.В. 212 ауд.к.
C28: 16.40-18.10
A29: Пятница | B29: =B24+1 -> 46283 | C29: 8.50-10.20 | D29: Пр. Самооборона (самбо) Махмудов М.М., Марянян С.А. 14СК | F29: Пр. Плавание Шакина Е.Е. бассейн УСЗК | G29: Пр. Плавание Никитина С.М. , Павлова Т.Н. бассейн УСЗК
C30: 10.40-12.10 | D30: Пр. Физиология человека Белицкая Л.А. 234мбк, Колесник О.В. 238мбк | F30: Пр. Плавание Шакина Е.Е. бассейн УСЗК | G30: Пр. Плавание Никитина С.М. , Павлова Т.Н. бассейн УСЗК
C31: 13.00-14.30 | E31: Пр. Теория и методика волейбола, компьютерного спорта, гонок дронов Прил.1 | F31: Пр. Физиология человека Колесник О.В. 254мбк | G31: Пр. Физиология человека Белицкая Л.А. 237мбк, Андреева А.М. 238мбк | H31: Пр. Самооборона (самбо) Попов Д.В., Иванченко М.М. 27СК
C32: 14.50-16.20 | E32: Л. Теория и методика волейбола, компьютерного спорта, гонок дронов Прил.1 | G32: Пр. Самооборона (самбо) Попов Д.В., Иванченко М.М. 27СК | H32: Пр. Физиология человека Ширяева Т.П. 254мбк, Андреева А.М. 234мбк
C33: 16.40-18.10
A34: Суббота | B34: =B29+1 -> 46284 | C34: 8.50-10.20
C35: 10.40-12.10
C36: 13.00-14.30
C37: 14.50-16.20
C38: 16.40-18.10
D39: * Профили (направленность) указанны на титульном листе
C40: ='01.09'!C39 -> *Л. Физиология человека* | D40: ='07.09'!D40+COUNTIF(D$8:D$38,$C40) -> 4 | E40: ='07.09'!E40+COUNTIF(E$8:E$38,$C40) -> 4 | F40: ='07.09'!F40+COUNTIF(F$8:F$38,$C40) -> 4 | G40: ='07.09'!G40+COUNTIF(G$8:G$38,$C40) -> 4 | H40: ='07.09'!H40+COUNTIF(H$8:H$38,$C40) -> 4
C41: ='01.09'!C40 -> *Пр. Физиология человека* | D41: ='07.09'!D41+COUNTIF(D$8:D$38,$C41) -> 4 | E41: ='07.09'!E41+COUNTIF(E$8:E$38,$C41) -> 4 | F41: ='07.09'!F41+COUNTIF(F$8:F$38,$C41) -> 4 | G41: ='07.09'!G41+COUNTIF(G$8:G$38,$C41) -> 4 | H41: ='07.09'!H41+COUNTIF(H$8:H$38,$C41) -> 4
C42: ='01.09'!C41 -> *Л. Элективные дисциплины по ФКиС: Фехтование* | D42: ='07.09'!D42+COUNTIF(D$8:D$38,$C42) -> 0 | E42: ='07.09'!E42+COUNTIF(E$8:E$38,$C42) -> 0 | F42: ='07.09'!F42+COUNTIF(F$8:F$38,$C42) -> 0 | G42: ='07.09'!G42+COUNTIF(G$8:G$38,$C42) -> 0 | H42: ='07.09'!H42+COUNTIF(H$8:H$38,$C42) -> 0
C43: ='01.09'!C42 -> *Пр. Элективные дисциплины по ФКиС: Фехтование* | D43: ='07.09'!D43+COUNTIF(D$8:D$38,$C43) -> 0 | E43: ='07.09'!E43+COUNTIF(E$8:E$38,$C43) -> 0 | F43: ='07.09'!F43+COUNTIF(F$8:F$38,$C43) -> 0 | G43: ='07.09'!G43+COUNTIF(G$8:G$38,$C43) -> 0 | H43: ='07.09'!H43+COUNTIF(H$8:H$38,$C43) -> 0
C44: ='01.09'!C43 -> *Л. Педагогика физической культуры и спорта* | D44: ='07.09'!D44+COUNTIF(D$8:D$38,$C44) -> 3 | E44: ='07.09'!E44+COUNTIF(E$8:E$38,$C44) -> 3 | F44: ='07.09'!F44+COUNTIF(F$8:F$38,$C44) -> 3 | G44: ='07.09'!G44+COUNTIF(G$8:G$38,$C44) -> 3 | H44: ='07.09'!H44+COUNTIF(H$8:H$38,$C44) -> 3
C45: ='01.09'!C44 -> *Пр. Педагогика физической культуры и спорта* | D45: ='07.09'!D45+COUNTIF(D$8:D$38,$C45) -> 0 | E45: ='07.09'!E45+COUNTIF(E$8:E$38,$C45) -> 0 | F45: ='07.09'!F45+COUNTIF(F$8:F$38,$C45) -> 0 | G45: ='07.09'!G45+COUNTIF(G$8:G$38,$C45) -> 0 | H45: ='07.09'!H45+COUNTIF(H$8:H$38,$C45) -> 0
C46: ='01.09'!C45 -> *Л. Теория и методика* | D46: ='07.09'!D46+COUNTIF(D$8:D$38,$C46) -> 2 | E46: ='07.09'!E46+COUNTIF(E$8:E$38,$C46) -> 2 | F46: ='07.09'!F46+COUNTIF(F$8:F$38,$C46) -> 2 | G46: ='07.09'!G46+COUNTIF(G$8:G$38,$C46) -> 2 | H46: ='07.09'!H46+COUNTIF(H$8:H$38,$C46) -> 2
C47: ='01.09'!C46 -> *Пр. Теория и методика* | D47: ='07.09'!D47+COUNTIF(D$8:D$38,$C47) -> 5 | E47: ='07.09'!E47+COUNTIF(E$8:E$38,$C47) -> 5 | F47: ='07.09'!F47+COUNTIF(F$8:F$38,$C47) -> 5 | G47: ='07.09'!G47+COUNTIF(G$8:G$38,$C47) -> 5 | H47: ='07.09'!H47+COUNTIF(H$8:H$38,$C47) -> 5
C48: ='01.09'!C47 -> *Л. Теория и методика физической культуры* | D48: ='07.09'!D48+COUNTIF(D$8:D$38,$C48) -> 2 | E48: ='07.09'!E48+COUNTIF(E$8:E$38,$C48) -> 2 | F48: ='07.09'!F48+COUNTIF(F$8:F$38,$C48) -> 2 | G48: ='07.09'!G48+COUNTIF(G$8:G$38,$C48) -> 2 | H48: ='07.09'!H48+COUNTIF(H$8:H$38,$C48) -> 2
C49: ='01.09'!C48 -> *Пр. Теория и методика физической культуры* | D49: ='07.09'!D49+COUNTIF(D$8:D$38,$C49) -> 0 | E49: ='07.09'!E49+COUNTIF(E$8:E$38,$C49) -> 0 | F49: ='07.09'!F49+COUNTIF(F$8:F$38,$C49) -> 0 | G49: ='07.09'!G49+COUNTIF(G$8:G$38,$C49) -> 0 | H49: ='07.09'!H49+COUNTIF(H$8:H$38,$C49) -> 0
C50: ='01.09'!C49 -> *Л. Плавание* | D50: ='07.09'!D50+COUNTIF(D$8:D$38,$C50) -> 2 | E50: ='07.09'!E50+COUNTIF(E$8:E$38,$C50) -> 2 | F50: ='07.09'!F50+COUNTIF(F$8:F$38,$C50) -> 2 | G50: ='07.09'!G50+COUNTIF(G$8:G$38,$C50) -> 2 | H50: ='07.09'!H50+COUNTIF(H$8:H$38,$C50) -> 2
C51: ='01.09'!C50 -> *Пр. Плавание* | D51: ='07.09'!D51+COUNTIF(D$8:D$38,$C51) -> 4 | E51: ='07.09'!E51+COUNTIF(E$8:E$38,$C51) -> 4 | F51: ='07.09'!F51+COUNTIF(F$8:F$38,$C51) -> 4 | G51: ='07.09'!G51+COUNTIF(G$8:G$38,$C51) -> 4 | H51: ='07.09'!H51+COUNTIF(H$8:H$38,$C51) -> 4
... C66: ='01.09'!C65 -> 0 | D66: ='07.09'!D66+COUNTIF(D$8:D$38,$C66) -> 0 | E66: ='07.09'!E66+COUNTIF(E$8:E$38,$C66) -> 0 | F66: ='07.09'!F66+COUNTIF(F$8:F$38,$C66) -> 0 | G66: ='07.09'!G66+COUNTIF(G$8:G$38,$C66) -> 0 | H66: ='07.09'!H66+COUNTIF(H$8:H$38,$C66) -> 0

Sheet 21.09
B1: Расписание учебных занятий на первое полугодие 2026-2027 учебного года
B2: ТРЕНЕРСКИЙ ФАКУЛЬТЕТ, направление подготовки (образовательная программа)
B3: 49.03.04 Спорт *
B4: Курс 2, семестр 3, очная форма обучения
A5: группы С1-01А-25, С1-01Б-25, С1-02А-25, С1-02Б-25, С1-03-25, С1-04А-25, С1-04Б-25, С1-05А-25, С1-05Б-25
A6: День недели | B6: Дата | C6: Время | D6: 1 группа | E6: 2 группа | F6: 3 группа | G6: 4 группа | H6: 5 группа
D7: Баскетбол, гандбол, бейсбол, регби | E7: Волейбол, гонки дронов, компьютерный спорт | F7: Теннис, настольный теннис, бадминтон, бильярд | G7: Футбол | H7: Хоккей
A8: Понедельник | B8: 46286 | C8: 8.50-10.20 | D8: Л. Теория и методика гандбола, бейсбола, регби Прил.1 | E8: Л. Теория и методика волейбола, гонок дронов Прил.1; Л. Методика реализации программ дополнительного образования в области ФКиС: компьютерный спорт Прил.1 | F8: Л. Теория и методика тенниса, настольного тенниса, бадминтона, бильярда Прил.1 | G8: Пр. Физиология человека Белицкая Л.А. 240мбк, Андреева А.М. 238мбк | H8: Пр. Подвижные игры в спорте и образовании Дробышевская Н.В., Салахудинова Е.С. Модуль Б
C9: 10.40-12.10 | D9: Пр. Теория и методика гандбола, бейсбола, регби Прил.1 | E9: Л. Теория и методика компьютерного спорта Прил.1; Л. Методика реализации программ дополнительного образования в области ФКиС: волейбол, гонки дронов Прил.1 | F9: Пр. Теория и методика тенниса, настольного тенниса, бадминтона, бильярда Прил.1 | G9: Пр. Подвижные игры в спорте и образовании Дробышевская Н.В., Кузьмичева Е.В. Модуль Б | H9: Пр. Физиология человека Ширяева Т.П. 254мбк, Андреева А.М. 234мбк
C10: 13.00-14.30 | D10: Л. Теория и методика баскетбола Прил.1
C11: 14.50-16.20 | D11: Пр. Теория и методика баскетбола Прил.1
C12: 16.40-18.10
A13: Вторник | B13: =B8+1 -> 46287 | C13: 8.50-10.20 | D13: Л. Теория и методика физической культуры Мачканова Е.В. 212 ауд.к. | E13: Л. Теория и методика физической культуры Мачканова Е.В. 212 ауд.к. | F13: Л. Теория и методика физической культуры Мачканова Е.В. 212 ауд.к. | G13: Л. Теория и методика физической культуры Мачканова Е.В. 212 ауд.к. | H13: Л. Теория и методика физической культуры Мачканова Е.В. 212 ауд.к.
C14: 10.40-12.10 | D14: Л. Физиология человека Ширяева Т.П. 212 ауд.к. | E14: Л. Физиология человека Ширяева Т.П. 212 ауд.к. | F14: Л. Физиология человека Ширяева Т.П. 212 ауд.к. | G14: Л. Физиология человека Ширяева Т.П. 212 ауд.к. | H14: Л. Физиология человека Ширяева Т.П. 212 ауд.к.
C15: 13.00-14.30 | D15: Пр. Подвижные игры в спорте и образовании Дробышевская Н.В., Салахудинова Е.С. Модуль Б | E15: Пр. Физиология человека Белицкая Л.А. 234мбк, Ширяева Т.П. 254мбк | G15: Л. Теория и методика футбола Прил.1 | H15: Л. Теория и методика хоккея Прил.1
C16: 14.50-16.20 | E16: Пр. Подвижные игры в спорте и образовании Дробышевская Н.В., Салахудинова Е.С. Модуль Б | G16: Пр. Теория и методика футбола Прил.1 | H16: Л. Методика реализации программ дополнительного образования в области ФКиС Прил.1
C17: 16.40-18.10
C18: 18.30-20.00
A19: Среда | B19: =B13+1 -> 46288 | C19: 8.50-10.20 | D19: Пр. Плавание Шакина Е.Е., Чистова Н.А. бассейн УСЗК | E19: Пр. Плавание Колесов А.Д., Павлова Т.Н. бассейн УСЗК | F19: Пр. Подвижные игры в спорте и образовании Дробышевская Н.В. Модуль Б
C20: 10.40-12.10 | D20: Пр. Плавание Шакина Е.Е., Чистова Н.А. бассейн УСЗК | E20: Пр. Плавание Колесов А.Д., Павлова Т.Н.. бассейн УСЗК | F20: Пр. Физиология человека Колесник О.В. 254мбк
C21: 13.00-14.30 | D21: Пр. Физиология человека Белицкая Л.А. 234мбк, Колесник О.В. 254мбк | F21: Пр. Самооборона (самбо) Марянян С.А. 14СК | H21: Пр. Теория и методика хоккея Прил.1
C22: 14.50-16.20 | D22: Пр. Теория и методика гандбола, бейсбола, регби Прил.1 | H22: Пр. Теория и методика хоккея Прил.1
C23: 16.40-18.10
A24: Четверг | B24: =B19+1 -> 46289 | C24: 8.50-10.20 | D24: Пр. Теория и методика баскетбола Прил.1 | E24: Пр. Физиология человека Белицкая Л.А. 234мбк, Ширяева Т.П. 254мбк | F24: Л. Методика реализации программ дополнительного образования в области ФКиС Прил.1 | G24: Л. Методика реализации программ дополнительного образования в области ФКиС Прил.1 | H24: Пр. Плавание Никитина С.М., Шакина Е.Е. бассейн УСЗК
C25: 10.40-12.10 | D25: Л. Методика реализации программ дополнительного образования в области ФКиС Прил.1 | E25: Пр. Самооборона (самбо) Махмудов М.М., Иванченко М.М. 14СК | F25: Пр. Теория и методика тенниса, настольного тенниса, бадминтона, бильярда Прил.1 | G25: Пр. Теория и методика футбола Прил.1 | H25: Пр. Плавание Никитина С.М., Шакина Е.Е. бассейн УСЗК
C26: 13.00-14.30 | D26: Л. Педагогика физической культуры и спорта Цакаев С.Ш. 212 ауд.к. | E26: Л. Педагогика физической культуры и спорта Цакаев С.Ш. 212 ауд.к. | F26: Л. Педагогика физической культуры и спорта Цакаев С.Ш. 212 ауд.к. | G26: Л. Педагогика физической культуры и спорта Цакаев С.Ш. 212 ауд.к. | H26: Л. Педагогика физической культуры и спорта Цакаев С.Ш. 212 ауд.к.
C27: 14.50-16.20 | D27: Л. Методика преподавания предмета "физическая культура" в образовательных организациях Мачканова Е.В. 212 ауд.к. | E27: Л. Методика преподавания предмета "физическая культура" в образовательных организациях Мачканова Е.В. 212 ауд.к. | F27: Л. Методика преподавания предмета "физическая культура" в образовательных организациях Мачканова Е.В. 212 ауд.к. | G27: Л. Методика преподавания предмета "физическая культура" в образовательных организациях Мачканова Е.В. 212 ауд.к. | H27: Л. Методика преподавания предмета "физическая культура" в образовательных организациях Мачканова Е.В. 212 ауд.к.
C28: 16.40-18.10
A29: Пятница | B29: =B24+1 -> 46290 | C29: 8.50-10.20 | D29: Пр. Самооборона (самбо) Махмудов М.М., Марянян С.А. 14СК | F29: Пр. Плавание Шакина Е.Е. бассейн УСЗК | G29: Пр. Плавание Никитина С.М. , Павлова Т.Н. бассейн УСЗК
C30: 10.40-12.10 | D30: Пр. Физиология человека Белицкая Л.А. 234мбк, Колесник О.В. 238мбк | F30: Пр. Плавание Шакина Е.Е. бассейн УСЗК | G30: Пр. Плавание Никитина С.М. , Павлова Т.Н. бассейн УСЗК
C31: 13.00-14.30 | E31: Пр. Теория и методика волейбола, компьютерного спорта, гонок дронов Прил.1 | F31: Пр. Физиология человека Колесник О.В. 254мбк | G31: Пр. Физиология человека Белицкая Л.А. 237мбк, Андреева А.М. 238мбк | H31: Пр. Самооборона (самбо) Попов Д.В., Иванченко М.М. 27СК
C32: 14.50-16.20 | E32: Пр. Теория и методика волейбола, компьютерного спорта, гонок дронов Прил.1 | G32: Пр. Самооборона (самбо) Попов Д.В., Иванченко М.М. 27СК | H32: Пр. Физиология человека Ширяева Т.П. 254мбк, Андреева А.М. 234мбк
C33: 16.40-18.10
A34: Суббота | B34: =B29+1 -> 46291 | C34: 8.50-10.20
C35: 10.40-12.10
C36: 13.00-14.30
C37: 14.50-16.20
C38: 16.40-18.10
D39: * Профили (направленность) указанны на титульном листе
C40: ='01.09'!C39 -> *Л. Физиология человека* | D40: ='14.09'!D40+COUNTIF(D$8:D$38,$C40) -> 5 | E40: ='14.09'!E40+COUNTIF(E$8:E$38,$C40) -> 5 | F40: ='14.09'!F40+COUNTIF(F$8:F$38,$C40) -> 5 | G40: ='14.09'!G40+COUNTIF(G$8:G$38,$C40) -> 5 | H40: ='14.09'!H40+COUNTIF(H$8:H$38,$C40) -> 5
C41: ='01.09'!C40 -> *Пр. Физиология человека* | D41: ='14.09'!D41+COUNTIF(D$8:D$38,$C41) -> 6 | E41: ='14.09'!E41+COUNTIF(E$8:E$38,$C41) -> 6 | F41: ='14.09'!F41+COUNTIF(F$8:F$38,$C41) -> 6 | G41: ='14.09'!G41+COUNTIF(G$8:G$38,$C41) -> 6 | H41: ='14.09'!H41+COUNTIF(H$8:H$38,$C41) -> 6
C42: ='01.09'!C41 -> *Л. Элективные дисциплины по ФКиС: Фехтование* | D42: ='14.09'!D42+COUNTIF(D$8:D$38,$C42) -> 0 | E42: ='14.09'!E42+COUNTIF(E$8:E$38,$C42) -> 0 | F42: ='14.09'!F42+COUNTIF(F$8:F$38,$C42) -> 0 | G42: ='14.09'!G42+COUNTIF(G$8:G$38,$C42) -> 0 | H42: ='14.09'!H42+COUNTIF(H$8:H$38,$C42) -> 0
C43: ='01.09'!C42 -> *Пр. Элективные дисциплины по ФКиС: Фехтование* | D43: ='14.09'!D43+COUNTIF(D$8:D$38,$C43) -> 0 | E43: ='14.09'!E43+COUNTIF(E$8:E$38,$C43) -> 0 | F43: ='14.09'!F43+COUNTIF(F$8:F$38,$C43) -> 0 | G43: ='14.09'!G43+COUNTIF(G$8:G$38,$C43) -> 0 | H43: ='14.09'!H43+COUNTIF(H$8:H$38,$C43) -> 0
C44: ='01.09'!C43 -> *Л. Педагогика физической культуры и спорта* | D44: ='14.09'!D44+COUNTIF(D$8:D$38,$C44) -> 4 | E44: ='14.09'!E44+COUNTIF(E$8:E$38,$C44) -> 4 | F44: ='14.09'!F44+COUNTIF(F$8:F$38,$C44) -> 4 | G44: ='14.09'!G44+COUNTIF(G$8:G$38,$C44) -> 4 | H44: ='14.09'!H44+COUNTIF(H$8:H$38,$C44) -> 4
C45: ='01.09'!C44 -> *Пр. Педагогика физической культуры и спорта* | D45: ='14.09'!D45+COUNTIF(D$8:D$38,$C45) -> 0 | E45: ='14.09'!E45+COUNTIF(E$8:E$38,$C45) -> 0 | F45: ='14.09'!F45+COUNTIF(F$8:F$38,$C45) -> 0 | G45: ='14.09'!G45+COUNTIF(G$8:G$38,$C45) -> 0 | H45: ='14.09'!H45+COUNTIF(H$8:H$38,$C45) -> 0
C46: ='01.09'!C45 -> *Л. Теория и методика* | D46: ='14.09'!D46+COUNTIF(D$8:D$38,$C46) -> 3 | E46: ='14.09'!E46+COUNTIF(E$8:E$38,$C46) -> 3 | F46: ='14.09'!F46+COUNTIF(F$8:F$38,$C46) -> 3 | G46: ='14.09'!G46+COUNTIF(G$8:G$38,$C46) -> 3 | H46: ='14.09'!H46+COUNTIF(H$8:H$38,$C46) -> 3
C47: ='01.09'!C46 -> *Пр. Теория и методика* | D47: ='14.09'!D47+COUNTIF(D$8:D$38,$C47) -> 7 | E47: ='14.09'!E47+COUNTIF(E$8:E$38,$C47) -> 7 | F47: ='14.09'!F47+COUNTIF(F$8:F$38,$C47) -> 7 | G47: ='14.09'!G47+COUNTIF(G$8:G$38,$C47) -> 7 | H47: ='14.09'!H47+COUNTIF(H$8:H$38,$C47) -> 7
C48: ='01.09'!C47 -> *Л. Теория и методика физической культуры* | D48: ='14.09'!D48+COUNTIF(D$8:D$38,$C48) -> 3 | E48: ='14.09'!E48+COUNTIF(E$8:E$38,$C48) -> 3 | F48: ='14.09'!F48+COUNTIF(F$8:F$38,$C48) -> 3 | G48: ='14.09'!G48+COUNTIF(G$8:G$38,$C48) -> 3 | H48: ='14.09'!H48+COUNTIF(H$8:H$38,$C48) -> 3
C49: ='01.09'!C48 -> *Пр. Теория и методика физической культуры* | D49: ='14.09'!D49+COUNTIF(D$8:D$38,$C49) -> 0 | E49: ='14.09'!E49+COUNTIF(E$8:E$38,$C49) -> 0 | F49: ='14.09'!F49+COUNTIF(F$8:F$38,$C49) -> 0 | G49: ='14.09'!G49+COUNTIF(G$8:G$38,$C49) -> 0 | H49: ='14.09'!H49+COUNTIF(H$8:H$38,$C49) -> 0
C50: ='01.09'!C49 -> *Л. Плавание* | D50: ='14.09'!D50+COUNTIF(D$8:D$38,$C50) -> 2 | E50: ='14.09'!E50+COUNTIF(E$8:E$38,$C50) -> 2 | F50: ='14.09'!F50+COUNTIF(F$8:F$38,$C50) -> 2 | G50: ='14.09'!G50+COUNTIF(G$8:G$38,$C50) -> 2 | H50: ='14.09'!H50+COUNTIF(H$8:H$38,$C50) -> 2
C51: ='01.09'!C50 -> *Пр. Плавание* | D51: ='14.09'!D51+COUNTIF(D$8:D$38,$C51) -> 6 | E51: ='14.09'!E51+COUNTIF(E$8:E$38,$C51) -> 6 | F51: ='14.09'!F51+COUNTIF(F$8:F$38,$C51) -> 6 | G51: ='14.09'!G51+COUNTIF(G$8:G$38,$C51) -> 6 | H51: ='14.09'!H51+COUNTIF(H$8:H$38,$C51) -> 6
... C66: ='01.09'!C65 -> 0 | D66: ='14.09'!D66+COUNTIF(D$8:D$38,$C66) -> 0 | E66: ='14.09'!E66+COUNTIF(E$8:E$38,$C66) -> 0 | F66: ='14.09'!F66+COUNTIF(F$8:F$38,$C66) -> 0 | G66: ='14.09'!G66+COUNTIF(G$8:G$38,$C66) -> 0 | H66: ='14.09'!H66+COUNTIF(H$8:H$38,$C66) -> 0

Sheet 28.09
B1: Расписание учебных занятий на первое полугодие 2026-2027 учебного года
B2: ТРЕНЕРСКИЙ ФАКУЛЬТЕТ, направление подготовки (образовательная программа)
B3: 49.03.04 Спорт *
B4: Курс 2, семестр 3, очная форма обучения
A5: группы С1-01А-25, С1-01Б-25, С1-02А-25, С1-02Б-25, С1-03-25, С1-04А-25, С1-04Б-25, С1-05А-25, С1-05Б-25
A6: День недели | B6: Дата | C6: Время | D6: 1 группа | E6: 2 группа | F6: 3 группа | G6: 4 группа | H6: 5 группа
D7: Баскетбол, гандбол, бейсбол, регби | E7: Волейбол, гонки дронов, компьютерный спорт | F7: Теннис, настольный теннис, бадминтон, бильярд | G7: Футбол | H7: Хоккей
A8: Понедельник | B8: 46293 | C8: 8.50-10.20 | D8: Пр. Теория и методика гандбола, бейсбола, регби Прил.1 | E8: Пр. Теория и методика волейбола, гонок дронов Прил.1; Л. Методика реализации программ дополнительного образования в области ФКиС: компьютерный спорт Прил.1 | F8: Пр. Теория и методика тенниса, настольного тенниса, бадминтона, бильярда Прил.1 | G8: Пр. Физиология человека Белицкая Л.А. 240мбк, Андреева А.М. 238мбк | H8: Пр. Подвижные игры в спорте и образовании Дробышевская Н.В., Салахудинова Е.С. Модуль Б
C9: 10.40-12.10 | D9: Пр. Теория и методика гандбола, бейсбола, регби Прил.1 | E9: Пр. Теория и методика компьютерного спорта Прил.1; Л. Методика реализации программ дополнительного образования в области ФКиС: волейбол, гонки дронов Прил.1 | F9: Пр. Теория и методика тенниса, настольного тенниса, бадминтона, бильярда Прил.1 | G9: Пр. Подвижные игры в спорте и образовании Дробышевская Н.В., Кузьмичева Е.В. Модуль Б | H9: Пр. Физиология человека Ширяева Т.П. 254мбк, Андреева А.М. 234мбк
C10: 13.00-14.30 | D10: Пр. Теория и методика баскетбола Прил.1
C11: 14.50-16.20 | D11: Пр. Теория и методика баскетбола Прил.1
C12: 16.40-18.10
A13: Вторник | B13: =B8+1 -> 46294 | C13: 8.50-10.20 | D13: Л. Теория и методика физической культуры Мачканова Е.В. 212 ауд.к. | E13: Л. Теория и методика физической культуры Мачканова Е.В. 212 ауд.к. | F13: Л. Теория и методика физической культуры Мачканова Е.В. 212 ауд.к. | G13: Л. Теория и методика физической культуры Мачканова Е.В. 212 ауд.к. | H13: Л. Теория и методика физической культуры Мачканова Е.В. 212 ауд.к.
C14: 10.40-12.10 | D14: Л. Физиология человека Ширяева Т.П. 212 ауд.к. | E14: Л. Физиология человека Ширяева Т.П. 212 ауд.к. | F14: Л. Физиология человека Ширяева Т.П. 212 ауд.к. | G14: Л. Физиология человека Ширяева Т.П. 212 ауд.к. | H14: Л. Физиология человека Ширяева Т.П. 212 ауд.к.
C15: 13.00-14.30 | D15: Пр. Подвижные игры в спорте и образовании Дробышевская Н.В., Салахудинова Е.С. Модуль Б | E15: Пр. Физиология человека Белицкая Л.А. 234мбк, Ширяева Т.П. 254мбк | G15: Пр. Теория и методика футбола Прил.1 | H15: Пр. Теория и методика хоккея Прил.1
C16: 14.50-16.20 | E16: Пр. Подвижные игры в спорте и образовании Дробышевская Н.В., Салахудинова Е.С. Модуль Б | G16: Пр. Теория и методика футбола Прил.1 | H16: Л. Методика реализации программ дополнительного образования в области ФКиС Прил.1
C17: 16.40-18.10
C18: 18.30-20.00
A19: Среда | B19: =B13+1 -> 46295 | C19: 8.50-10.20 | D19: Пр. Плавание Шакина Е.Е., Чистова Н.А. бассейн УСЗК | E19: Пр. Плавание Колесов А.Д., Павлова Т.Н. бассейн УСЗК | F19: Пр. Подвижные игры в спорте и образовании Дробышевская Н.В. Модуль Б
C20: 10.40-12.10 | D20: Пр. Плавание Шакина Е.Е., Чистова Н.А. бассейн УСЗК | E20: Пр. Плавание Колесов А.Д., Павлова Т.Н.. бассейн УСЗК | F20: Пр. Физиология человека Колесник О.В. 254мбк
C21: 13.00-14.30 | D21: Пр. Физиология человека Белицкая Л.А. 234мбк, Колесник О.В. 254мбк | F21: Пр. Самооборона (самбо) Марянян С.А. 14СК | H21: Пр. Теория и методика хоккея Прил.1
C22: 14.50-16.20 | D22: Пр. Теория и методика гандбола, бейсбола, регби Прил.1 | H22: Пр. Теория и методика хоккея Прил.1
C23: 16.40-18.10
A24: Четверг | B24: =B19+1 -> 46296 | C24: 8.50-10.20 | D24: Пр. Теория и методика баскетбола Прил.1 | E24: Пр. Физиология человека Белицкая Л.А. 234мбк, Ширяева Т.П. 254мбк | F24: Л. Методика реализации программ дополнительного образования в области ФКиС Прил.1 | G24: Л. Методика реализации программ дополнительного образования в области ФКиС Прил.1 | H24: Пр. Плавание Никитина С.М., Шакина Е.Е. бассейн УСЗК
C25: 10.40-12.10 | D25: Л. Методика реализации программ дополнительного образования в области ФКиС Прил.1 | E25: Пр. Самооборона (самбо) Махмудов М.М., Иванченко М.М. 14СК | F25: Пр. Теория и методика тенниса, настольного тенниса, бадминтона, бильярда Прил.1 | G25: Пр. Теория и методика футбола Прил.1 | H25: Пр. Плавание Никитина С.М., Шакина Е.Е. бассейн УСЗК
C26: 13.00-14.30 | D26: Л. Педагогика физической культуры и спорта Цакаев С.Ш. 216 ауд.к. | E26: Л. Педагогика физической культуры и спорта Цакаев С.Ш. 216 ауд.к. | F26: Л. Педагогика физической культуры и спорта Цакаев С.Ш. 216 ауд.к. | G26: Л. Педагогика физической культуры и спорта Цакаев С.Ш. 216 ауд.к. | H26: Л. Педагогика физической культуры и спорта Цакаев С.Ш. 216 ауд.к.
C27: 14.50-16.20 | D27: Л. Элективные дисциплины по ФКиС: Фехтование Моисеев А.Б. 216 ауд.к. | E27: Л. Элективные дисциплины по ФКиС: Фехтование Моисеев А.Б. 216 ауд.к. | F27: Л. Элективные дисциплины по ФКиС: Фехтование Моисеев А.Б. 216 ауд.к. | G27: Л. Элективные дисциплины по ФКиС: Фехтование Моисеев А.Б. 216 ауд.к. | H27: Л. Элективные дисциплины по ФКиС: Фехтование Моисеев А.Б. 216 ауд.к.
C28: 16.40-18.10
A29: Пятница | B29: =B24+1 -> 46297 | C29: 8.50-10.20 | D29: Пр. Самооборона (самбо) Махмудов М.М., Марянян С.А. 14СК | F29: Пр. Плавание Шакина Е.Е. бассейн УСЗК | G29: Пр. Плавание Никитина С.М. , Павлова Т.Н. бассейн УСЗК
C30: 10.40-12.10 | D30: Пр. Физиология человека Белицкая Л.А. 234мбк, Колесник О.В. 238мбк | F30: Пр. Плавание Шакина Е.Е. бассейн УСЗК | G30: Пр. Плавание Никитина С.М. , Павлова Т.Н. бассейн УСЗК
C31: 13.00-14.30 | E31: Пр. Теория и методика волейбола, компьютерного спорта, гонок дронов Прил.1 | F31: Пр. Физиология человека Колесник О.В. 254мбк | G31: Пр. Физиология человека Белицкая Л.А. 237мбк, Андреева А.М. 238мбк | H31: Пр. Самооборона (самбо) Попов Д.В., Иванченко М.М. 27СК
C32: 14.50-16.20 | E32: Пр. Теория и методика волейбола, компьютерного спорта, гонок дронов Прил.1 | G32: Пр. Самооборона (самбо) Попов Д.В., Иванченко М.М. 27СК | H32: Пр. Физиология человека Ширяева Т.П. 254мбк, Андреева А.М. 234мбк
C33: 16.40-18.10
A34: Суббота | B34: =B29+1 -> 46298 | C34: 8.50-10.20
C35: 10.40-12.10
C36: 13.00-14.30
C37: 14.50-16.20
C38: 16.40-18.10
D39: * Профили (направленность) указанны на титульном листе
C40: ='01.09'!C39 -> *Л. Физиология человека* | D40: ='21.09'!D40+COUNTIF(D$8:D$38,$C40) -> 6 | E40: ='21.09'!E40+COUNTIF(E$8:E$38,$C40) -> 6 | F40: ='21.09'!F40+COUNTIF(F$8:F$38,$C40) -> 6 | G40: ='21.09'!G40+COUNTIF(G$8:G$38,$C40) -> 6 | H40: ='21.09'!H40+COUNTIF(H$8:H$38,$C40) -> 6
C41: ='01.09'!C40 -> *Пр. Физиология человека* | D41: ='21.09'!D41+COUNTIF(D$8:D$38,$C41) -> 8 | E41: ='21.09'!E41+COUNTIF(E$8:E$38,$C41) -> 8 | F41: ='21.09'!F41+COUNTIF(F$8:F$38,$C41) -> 8 | G41: ='21.09'!G41+COUNTIF(G$8:G$38,$C41) -> 8 | H41: ='21.09'!H41+COUNTIF(H$8:H$38,$C41) -> 8
C42: ='01.09'!C41 -> *Л. Элективные дисциплины по ФКиС: Фехтование* | D42: ='21.09'!D42+COUNTIF(D$8:D$38,$C42) -> 1 | E42: ='21.09'!E42+COUNTIF(E$8:E$38,$C42) -> 1 | F42: ='21.09'!F42+COUNTIF(F$8:F$38,$C42) -> 1 | G42: ='21.09'!G42+COUNTIF(G$8:G$38,$C42) -> 1 | H42: ='21.09'!H42+COUNTIF(H$8:H$38,$C42) -> 1
C43: ='01.09'!C42 -> *Пр. Элективные дисциплины по ФКиС: Фехтование* | D43: ='21.09'!D43+COUNTIF(D$8:D$38,$C43) -> 0 | E43: ='21.09'!E43+COUNTIF(E$8:E$38,$C43) -> 0 | F43: ='21.09'!F43+COUNTIF(F$8:F$38,$C43) -> 0 | G43: ='21.09'!G43+COUNTIF(G$8:G$38,$C43) -> 0 | H43: ='21.09'!H43+COUNTIF(H$8:H$38,$C43) -> 0
C44: ='01.09'!C43 -> *Л. Педагогика физической культуры и спорта* | D44: ='21.09'!D44+COUNTIF(D$8:D$38,$C44) -> 5 | E44: ='21.09'!E44+COUNTIF(E$8:E$38,$C44) -> 5 | F44: ='21.09'!F44+COUNTIF(F$8:F$38,$C44) -> 5 | G44: ='21.09'!G44+COUNTIF(G$8:G$38,$C44) -> 5 | H44: ='21.09'!H44+COUNTIF(H$8:H$38,$C44) -> 5
C45: ='01.09'!C44 -> *Пр. Педагогика физической культуры и спорта* | D45: ='21.09'!D45+COUNTIF(D$8:D$38,$C45) -> 0 | E45: ='21.09'!E45+COUNTIF(E$8:E$38,$C45) -> 0 | F45: ='21.09'!F45+COUNTIF(F$8:F$38,$C45) -> 0 | G45: ='21.09'!G45+COUNTIF(G$8:G$38,$C45) -> 0 | H45: ='21.09'!H45+COUNTIF(H$8:H$38,$C45) -> 0
C46: ='01.09'!C45 -> *Л. Теория и методика* | D46: ='21.09'!D46+COUNTIF(D$8:D$38,$C46) -> 3 | E46: ='21.09'!E46+COUNTIF(E$8:E$38,$C46) -> 3 | F46: ='21.09'!F46+COUNTIF(F$8:F$38,$C46) -> 3 | G46: ='21.09'!G46+COUNTIF(G$8:G$38,$C46) -> 3 | H46: ='21.09'!H46+COUNTIF(H$8:H$38,$C46) -> 3
C47: ='01.09'!C46 -> *Пр. Теория и методика* | D47: ='21.09'!D47+COUNTIF(D$8:D$38,$C47) -> 10 | E47: ='21.09'!E47+COUNTIF(E$8:E$38,$C47) -> 10 | F47: ='21.09'!F47+COUNTIF(F$8:F$38,$C47) -> 10 | G47: ='21.09'!G47+COUNTIF(G$8:G$38,$C47) -> 10 | H47: ='21.09'!H47+COUNTIF(H$8:H$38,$C47) -> 10
C48: ='01.09'!C47 -> *Л. Теория и методика физической культуры* | D48: ='21.09'!D48+COUNTIF(D$8:D$38,$C48) -> 4 | E48: ='21.09'!E48+COUNTIF(E$8:E$38,$C48) -> 4 | F48: ='21.09'!F48+COUNTIF(F$8:F$38,$C48) -> 4 | G48: ='21.09'!G48+COUNTIF(G$8:G$38,$C48) -> 4 | H48: ='21.09'!H48+COUNTIF(H$8:H$38,$C48) -> 4
C49: ='01.09'!C48 -> *Пр. Теория и методика физической культуры* | D49: ='21.09'!D49+COUNTIF(D$8:D$38,$C49) -> 0 | E49: ='21.09'!E49+COUNTIF(E$8:E$38,$C49) -> 0 | F49: ='21.09'!F49+COUNTIF(F$8:F$38,$C49) -> 0 | G49: ='21.09'!G49+COUNTIF(G$8:G$38,$C49) -> 0 | H49: ='21.09'!H49+COUNTIF(H$8:H$38,$C49) -> 0
C50: ='01.09'!C49 -> *Л. Плавание* | D50: ='21.09'!D50+COUNTIF(D$8:D$38,$C50) -> 2 | E50: ='21.09'!E50+COUNTIF(E$8:E$38,$C50) -> 2 | F50: ='21.09'!F50+COUNTIF(F$8:F$38,$C50) -> 2 | G50: ='21.09'!G50+COUNTIF(G$8:G$38,$C50) -> 2 | H50: ='21.09'!H50+COUNTIF(H$8:H$38,$C50) -> 2
C51: ='01.09'!C50 -> *Пр. Плавание* | D51: ='21.09'!D51+COUNTIF(D$8:D$38,$C51) -> 8 | E51: ='21.09'!E51+COUNTIF(E$8:E$38,$C51) -> 8 | F51: ='21.09'!F51+COUNTIF(F$8:F$38,$C51) -> 8 | G51: ='21.09'!G51+COUNTIF(G$8:G$38,$C51) -> 8 | H51: ='21.09'!H51+COUNTIF(H$8:H$38,$C51) -> 8
... C66: ='01.09'!C65 -> 0 | D66: ='21.09'!D66+COUNTIF(D$8:D$38,$C66) -> 0 | E66: ='21.09'!E66+COUNTIF(E$8:E$38,$C66) -> 0 | F66: ='21.09'!F66+COUNTIF(F$8:F$38,$C66) -> 0 | G66: ='21.09'!G66+COUNTIF(G$8:G$38,$C66) -> 0 | H66: ='21.09'!H66+COUNTIF(H$8:H$38,$C66) -> 0

Sheet 05.10
B1: Расписание учебных занятий на первое полугодие 2026-2027 учебного года
B2: ТРЕНЕРСКИЙ ФАКУЛЬТЕТ, направление подготовки (образовательная программа)
B3: 49.03.04 Спорт *
B4: Курс 2, семестр 3, очная форма обучения
A5: группы С1-01А-25, С1-01Б-25, С1-02А-25, С1-02Б-25, С1-03-25, С1-04А-25, С1-04Б-25, С1-05А-25, С1-05Б-25
A6: День недели | B6: Дата | C6: Время | D6: 1 группа | E6: 2 группа | F6: 3 группа | G6: 4 группа | H6: 5 группа
D7: Баскетбол, гандбол, бейсбол, регби | E7: Волейбол, гонки дронов, компьютерный спорт | F7: Теннис, настольный теннис, бадминтон, бильярд | G7: Футбол | H7: Хоккей
A8: Понедельник | B8: 46300 | C8: 8.50-10.20 | D8: Пр. Теория и методика гандбола, бейсбола, регби Прил.1 | E8: Пр. Теория и методика волейбола, гонок дронов Прил.1; Пр. Методика реализации программ дополнительного образования в области ФКиС: компьютерный спорт Прил.1 | F8: Пр. Теория и методика тенниса, настольного тенниса, бадминтона, бильярда Прил.1 | G8: Пр. Физиология человека Белицкая Л.А. 240мбк, Андреева А.М. 238мбк | H8: Пр. Подвижные игры в спорте и образовании Дробышевская Н.В., Салахудинова Е.С. Модуль Б
C9: 10.40-12.10 | D9: Пр. Теория и методика гандбола, бейсбола, регби Прил.1 | E9: Пр. Теория и методика компьютерного спорта Прил.1; Пр. Методика реализации программ дополнительного образования в области ФКиС: волейбол, гонки дронов Прил.1 | F9: Пр. Теория и методика тенниса, настольного тенниса, бадминтона, бильярда Прил.1 | G9: Пр. Подвижные игры в спорте и образовании Дробышевская Н.В., Кузьмичева Е.В. Модуль Б | H9: Пр. Физиология человека Ширяева Т.П. 254мбк, Андреева А.М. 234мбк
C10: 13.00-14.30 | D10: Пр. Теория и методика баскетбола Прил.1 | E10: Пр. Теория и методика физической культуры Мачканова Е.В. 306 гл.к.
C11: 14.50-16.20 | D11: Пр. Теория и методика баскетбола Прил.1
C12: 16.40-18.10
A13: Вторник | B13: =B8+1 -> 46301 | C13: 8.50-10.20 | D13: Л. Теория и методика физической культуры Мачканова Е.В. 212 ауд.к. | E13: Л. Теория и методика физической культуры Мачканова Е.В. 212 ауд.к. | F13: Л. Теория и методика физической культуры Мачканова Е.В. 212 ауд.к. | G13: Л. Теория и методика физической культуры Мачканова Е.В. 212 ауд.к. | H13: Л. Теория и методика физической культуры Мачканова Е.В. 212 ауд.к.
C14: 10.40-12.10 | D14: Л. Физиология человека Ширяева Т.П. 212 ауд.к. | E14: Л. Физиология человека Ширяева Т.П. 212 ауд.к. | F14: Л. Физиология человека Ширяева Т.П. 212 ауд.к. | G14: Л. Физиология человека Ширяева Т.П. 212 ауд.к. | H14: Л. Физиология человека Ширяева Т.П. 212 ауд.к.
C15: 13.00-14.30 | D15: Пр. Подвижные игры в спорте и образовании Дробышевская Н.В., Салахудинова Е.С. Модуль Б | E15: Пр. Физиология человека Белицкая Л.А. 234мбк, Ширяева Т.П. 254мбк | G15: Пр. Теория и методика футбола Прил.1 | H15: Пр. Теория и методика хоккея Прил.1
C16: 14.50-16.20 | D16: Пр. Педагогика физической культуры и спорта Цакаев С.Ш. 439мбк | E16: Пр. Подвижные игры в спорте и образовании Дробышевская Н.В., Салахудинова Е.С. Модуль Б | G16: Пр. Теория и методика футбола Прил.1 | H16: Пр. Методика реализации программ дополнительного образования в области ФКиС Прил.1
C17: 16.40-18.10
C18: 18.30-20.00
A19: Среда | B19: =B13+1 -> 46302 | C19: 8.50-10.20 | D19: Пр. Плавание Шакина Е.Е., Чистова Н.А. бассейн УСЗК | E19: Пр. Плавание Колесов А.Д., Павлова Т.Н. бассейн УСЗК | F19: Пр. Подвижные игры в спорте и образовании Дробышевская Н.В. Модуль Б | G19: Пр. Теория и методика физической культуры Мачканова Е.В. 406ауд.к.
C20: 10.40-12.10 | D20: Пр. Плавание Шакина Е.Е., Чистова Н.А. бассейн УСЗК | E20: Пр. Плавание Колесов А.Д., Павлова Т.Н.. бассейн УСЗК | F20: Пр. Физиология человека Колесник О.В. 254мбк | G20: Пр. Педагогика физической культуры и спорта Цакаев С.Ш. 417мбк, Германов Г.Н. 445мбк | H20: Пр. Теория и методика физической культуры Мачканова Е.В. 406ауд.к.
C21: 13.00-14.30 | D21: Пр. Физиология человека Белицкая Л.А. 234мбк, Колесник О.В. 254мбк | E21: Пр. Педагогика физической культуры и спорта Цакаев С.Ш. 516мбк | F21: Пр. Самооборона (самбо) Марянян С.А. 14СК | H21: Пр. Теория и методика хоккея Прил.1
C22: 14.50-16.20 | D22: Пр. Теория и методика гандбола, бейсбола, регби Прил.1 | F22: Пр. Педагогика физической культуры и спорта Цакаев С.Ш. 419мбк | H22: Пр. Теория и методика хоккея Прил.1
C23: 16.40-18.10
A24: Четверг | B24: =B19+1 -> 46303 | C24: 8.50-10.20 | D24: Пр. Теория и методика баскетбола Прил.1 | E24: Пр. Физиология человека Белицкая Л.А. 234мбк, Ширяева Т.П. 254мбк | F24: Пр. Методика реализации программ дополнительного образования в области ФКиС Прил.1 | G24: Пр. Методика реализации программ дополнительного образования в области ФКиС Прил.1 | H24: Пр. Плавание Никитина С.М., Шакина Е.Е. бассейн УСЗК
C25: 10.40-12.10 | D25: Пр. Методика реализации программ дополнительного образования в области ФКиС Прил.1 | E25: Пр. Самооборона (самбо) Махмудов М.М., Иванченко М.М. 14СК | F25: Пр. Теория и методика тенниса, настольного тенниса, бадминтона, бильярда Прил.1 | G25: Пр. Теория и методика футбола Прил.1 | H25: Пр. Плавание Никитина С.М., Шакина Е.Е. бассейн УСЗК
C26: 13.00-14.30 | D26: Пр. Теория и методика физической культуры Мачканова Е.В. 306 гл.к. | F26: Пр. Методика преподавания предмета "физическая культура" в образовательных организациях Гасанова-Матвеева З.А. 309 гл.к. | G26: Пр. Элективные дисциплины по ФКиС: Фехтование Моисеев А.Б., Полишките К. 231СК, 246СК | H26: Пр. Методика преподавания предмета "физическая культура" в образовательных организациях Трунева Т.В. 308 гл.к.
C27: 14.50-16.20 | F27: Пр. Теория и методика физической культуры Мачканова Е.В. 308 гл.к. | G27: Пр. Методика преподавания предмета "физическая культура" в образовательных организациях Трунева Т.В. 306 гл.к. | H27: Пр. Элективные дисциплины по ФКиС: Фехтование Моисеев А.Б., Полишките К. 231СК, 246СК
C28: 16.40-18.10
A29: Пятница | B29: =B24+1 -> 46304 | C29: 8.50-10.20 | D29: Пр. Самооборона (самбо) Махмудов М.М., Марянян С.А. 14СК | E29: Пр. Элективные дисциплины по ФКиС: Фехтование Моисеев А.Б., Полишките К. 231СК, 246СК | F29: Пр. Плавание Шакина Е.Е. бассейн УСЗК | G29: Пр. Плавание Никитина С.М. , Павлова Т.Н. бассейн УСЗК
C30: 10.40-12.10 | D30: Пр. Физиология человека Белицкая Л.А. 234мбк, Колесник О.В. 238мбк | E30: Пр. Методика преподавания предмета "физическая культура" в образовательных организациях Гасанова-Матвеева З.А. 309 гл.к. | F30: Пр. Плавание Шакина Е.Е. бассейн УСЗК | G30: Пр. Плавание Никитина С.М. , Павлова Т.Н. бассейн УСЗК
C31: 13.00-14.30 | D31: Пр. Элективные дисциплины по ФКиС: Фехтование Моисеев А.Б., Полишките К. 231СК, 246СК | E31: Пр. Теория и методика волейбола, компьютерного спорта, гонок дронов Прил.1 | F31: Пр. Физиология человека Колесник О.В. 254мбк | G31: Пр. Физиология человека Белицкая Л.А. 237мбк, Андреева А.М. 238мбк | H31: Пр. Самооборона (самбо) Попов Д.В., Иванченко М.М. 27СК
C32: 14.50-16.20 | D32: Пр. Методика преподавания предмета "физическая культура" в образовательных организациях Гасанова-Матвеева З.А. 306 гл.к. | E32: Пр. Теория и методика волейбола, компьютерного спорта, гонок дронов Прил.1 | F32: Пр. Элективные дисциплины по ФКиС: Фехтование Полишките К. 231СК, 246СК | G32: Пр. Самооборона (самбо) Попов Д.В., Иванченко М.М. 27СК | H32: Пр. Физиология человека Ширяева Т.П. 254мбк, Андреева А.М. 234мбк
C33: 16.40-18.10
A34: Суббота | B34: =B29+1 -> 46305 | C34: 8.50-10.20
C35: 10.40-12.10
C36: 13.00-14.30
C37: 14.50-16.20
C38: 16.40-18.10
D39: * Профили (направленность) указанны на титульном листе
C40: ='01.09'!C39 -> *Л. Физиология человека* | D40: ='28.09'!D40+COUNTIF(D$8:D$38,$C40) -> 7 | E40: ='28.09'!E40+COUNTIF(E$8:E$38,$C40) -> 7 | F40: ='28.09'!F40+COUNTIF(F$8:F$38,$C40) -> 7 | G40: ='28.09'!G40+COUNTIF(G$8:G$38,$C40) -> 7 | H40: ='28.09'!H40+COUNTIF(H$8:H$38,$C40) -> 7
C41: ='01.09'!C40 -> *Пр. Физиология человека* | D41: ='28.09'!D41+COUNTIF(D$8:D$38,$C41) -> 10 | E41: ='28.09'!E41+COUNTIF(E$8:E$38,$C41) -> 10 | F41: ='28.09'!F41+COUNTIF(F$8:F$38,$C41) -> 10 | G41: ='28.09'!G41+COUNTIF(G$8:G$38,$C41) -> 10 | H41: ='28.09'!H41+COUNTIF(H$8:H$38,$C41) -> 10
C42: ='01.09'!C41 -> *Л. Элективные дисциплины по ФКиС: Фехтование* | D42: ='28.09'!D42+COUNTIF(D$8:D$38,$C42) -> 1 | E42: ='28.09'!E42+COUNTIF(E$8:E$38,$C42) -> 1 | F42: ='28.09'!F42+COUNTIF(F$8:F$38,$C42) -> 1 | G42: ='28.09'!G42+COUNTIF(G$8:G$38,$C42) -> 1 | H42: ='28.09'!H42+COUNTIF(H$8:H$38,$C42) -> 1
C43: ='01.09'!C42 -> *Пр. Элективные дисциплины по ФКиС: Фехтование* | D43: ='28.09'!D43+COUNTIF(D$8:D$38,$C43) -> 1 | E43: ='28.09'!E43+COUNTIF(E$8:E$38,$C43) -> 1 | F43: ='28.09'!F43+COUNTIF(F$8:F$38,$C43) -> 1 | G43: ='28.09'!G43+COUNTIF(G$8:G$38,$C43) -> 1 | H43: ='28.09'!H43+COUNTIF(H$8:H$38,$C43) -> 1
C44: ='01.09'!C43 -> *Л. Педагогика физической культуры и спорта* | D44: ='28.09'!D44+COUNTIF(D$8:D$38,$C44) -> 5 | E44: ='28.09'!E44+COUNTIF(E$8:E$38,$C44) -> 5 | F44: ='28.09'!F44+COUNTIF(F$8:F$38,$C44) -> 5 | G44: ='28.09'!G44+COUNTIF(G$8:G$38,$C44) -> 5 | H44: ='28.09'!H44+COUNTIF(H$8:H$38,$C44) -> 5
C45: ='01.09'!C44 -> *Пр. Педагогика физической культуры и спорта* | D45: ='28.09'!D45+COUNTIF(D$8:D$38,$C45) -> 1 | E45: ='28.09'!E45+COUNTIF(E$8:E$38,$C45) -> 1 | F45: ='28.09'!F45+COUNTIF(F$8:F$38,$C45) -> 1 | G45: ='28.09'!G45+COUNTIF(G$8:G$38,$C45) -> 1 | H45: ='28.09'!H45+COUNTIF(H$8:H$38,$C45) -> 0
C46: ='01.09'!C45 -> *Л. Теория и методика* | D46: ='28.09'!D46+COUNTIF(D$8:D$38,$C46) -> 3 | E46: ='28.09'!E46+COUNTIF(E$8:E$38,$C46) -> 3 | F46: ='28.09'!F46+COUNTIF(F$8:F$38,$C46) -> 3 | G46: ='28.09'!G46+COUNTIF(G$8:G$38,$C46) -> 3 | H46: ='28.09'!H46+COUNTIF(H$8:H$38,$C46) -> 3
C47: ='01.09'!C46 -> *Пр. Теория и методика* | D47: ='28.09'!D47+COUNTIF(D$8:D$38,$C47) -> 13 | E47: ='28.09'!E47+COUNTIF(E$8:E$38,$C47) -> 13 | F47: ='28.09'!F47+COUNTIF(F$8:F$38,$C47) -> 13 | G47: ='28.09'!G47+COUNTIF(G$8:G$38,$C47) -> 13 | H47: ='28.09'!H47+COUNTIF(H$8:H$38,$C47) -> 13
C48: ='01.09'!C47 -> *Л. Теория и методика физической культуры* | D48: ='28.09'!D48+COUNTIF(D$8:D$38,$C48) -> 5 | E48: ='28.09'!E48+COUNTIF(E$8:E$38,$C48) -> 5 | F48: ='28.09'!F48+COUNTIF(F$8:F$38,$C48) -> 5 | G48: ='28.09'!G48+COUNTIF(G$8:G$38,$C48) -> 5 | H48: ='28.09'!H48+COUNTIF(H$8:H$38,$C48) -> 5
C49: ='01.09'!C48 -> *Пр. Теория и методика физической культуры* | D49: ='28.09'!D49+COUNTIF(D$8:D$38,$C49) -> 1 | E49: ='28.09'!E49+COUNTIF(E$8:E$38,$C49) -> 1 | F49: ='28.09'!F49+COUNTIF(F$8:F$38,$C49) -> 1 | G49: ='28.09'!G49+COUNTIF(G$8:G$38,$C49) -> 1 | H49: ='28.09'!H49+COUNTIF(H$8:H$38,$C49) -> 1
C50: ='01.09'!C49 -> *Л. Плавание* | D50: ='28.09'!D50+COUNTIF(D$8:D$38,$C50) -> 2 | E50: ='28.09'!E50+COUNTIF(E$8:E$38,$C50) -> 2 | F50: ='28.09'!F50+COUNTIF(F$8:F$38,$C50) -> 2 | G50: ='28.09'!G50+COUNTIF(G$8:G$38,$C50) -> 2 | H50: ='28.09'!H50+COUNTIF(H$8:H$38,$C50) -> 2
C51: ='01.09'!C50 -> *Пр. Плавание* | D51: ='28.09'!D51+COUNTIF(D$8:D$38,$C51) -> 10 | E51: ='28.09'!E51+COUNTIF(E$8:E$38,$C51) -> 10 | F51: ='28.09'!F51+COUNTIF(F$8:F$38,$C51) -> 10 | G51: ='28.09'!G51+COUNTIF(G$8:G$38,$C51) -> 10 | H51: ='28.09'!H51+COUNTIF(H$8:H$38,$C51) -> 10
... C70: ='01.09'!C69 -> 0 | D70: ='28.09'!D70+COUNTIF(D$8:D$38,$C70) -> 0 | E70: ='28.09'!E70+COUNTIF(E$8:E$38,$C70) -> 0 | F70: ='28.09'!F70+COUNTIF(F$8:F$38,$C70) -> 0 | G70: ='28.09'!G70+COUNTIF(G$8:G$38,$C70) -> 0 | H70: ='28.09'!H70+COUNTIF(H$8:H$38,$C70) -> 0

Sheet 12.10
B1: Расписание учебных занятий на первое полугодие 2026-2027 учебного года
B2: ТРЕНЕРСКИЙ ФАКУЛЬТЕТ, направление подготовки (образовательная программа)
B3: 49.03.04 Спорт *
B4: Курс 2, семестр 3, очная форма обучения
A5: группы С1-01А-25, С1-01Б-25, С1-02А-25, С1-02Б-25, С1-03-25, С1-04А-25, С1-04Б-25, С1-05А-25, С1-05Б-25
A6: День недели | B6: Дата | C6: Время | D6: 1 группа | E6: 2 группа | F6: 3 группа | G6: 4 группа | H6: 5 группа
D7: Баскетбол, гандбол, бейсбол, регби | E7: Волейбол, гонки дронов, компьютерный спорт | F7: Теннис, настольный теннис, бадминтон, бильярд | G7: Футбол | H7: Хоккей
A8: Понедельник | B8: 46307 | C8: 8.50-10.20 | D8: Пр. Теория и методика гандбола, бейсбола, регби Прил.1 | E8: Пр. Теория и методика волейбола, гонок дронов Прил.1; Пр. Методика реализации программ дополнительного образования в области ФКиС: компьютерный спорт Прил.1 | F8: Пр. Теория и методика тенниса, настольного тенниса, бадминтона, бильярда Прил.1 | G8: Пр. Физиология человека Белицкая Л.А. 240мбк, Андреева А.М. 238мбк | H8: Пр. Подвижные игры в спорте и образовании Дробышевская Н.В., Салахудинова Е.С. Модуль Б
C9: 10.40-12.10 | D9: Пр. Теория и методика гандбола, бейсбола, регби Прил.1 | E9: Пр. Теория и методика компьютерного спорта Прил.1; Пр. Методика реализации программ дополнительного образования в области ФКиС: волейбол, гонки дронов Прил.1 | F9: Пр. Теория и методика тенниса, настольного тенниса, бадминтона, бильярда Прил.1 | G9: Пр. Подвижные игры в спорте и образовании Дробышевская Н.В., Кузьмичева Е.В. Модуль Б | H9: Пр. Физиология человека Ширяева Т.П. 254мбк, Андреева А.М. 234мбк
C10: 13.00-14.30 | D10: Пр. Теория и методика баскетбола Прил.1 | E10: Пр. Теория и методика физической культуры Мачканова Е.В. 306 гл.к.
C11: 14.50-16.20 | D11: Пр. Теория и методика баскетбола Прил.1
C12: 16.40-18.10
A13: Вторник | B13: =B8+1 -> 46308 | C13: 8.50-10.20 | D13: Л. Теория и методика физической культуры Мачканова Е.В. 212 ауд.к. | E13: Л. Теория и методика физической культуры Мачканова Е.В. 212 ауд.к. | F13: Л. Теория и методика физической культуры Мачканова Е.В. 212 ауд.к. | G13: Л. Теория и методика физической культуры Мачканова Е.В. 212 ауд.к. | H13: Л. Теория и методика физической культуры Мачканова Е.В. 212 ауд.к.
C14: 10.40-12.10 | D14: Л. Физиология человека Ширяева Т.П. 212 ауд.к. | E14: Л. Физиология человека Ширяева Т.П. 212 ауд.к. | F14: Л. Физиология человека Ширяева Т.П. 212 ауд.к. | G14: Л. Физиология человека Ширяева Т.П. 212 ауд.к. | H14: Л. Физиология человека Ширяева Т.П. 212 ауд.к.
C15: 13.00-14.30 | D15: Пр. Подвижные игры в спорте и образовании Дробышевская Н.В., Салахудинова Е.С. Модуль Б | E15: Пр. Физиология человека Белицкая Л.А. 234мбк, Ширяева Т.П. 254мбк | G15: Пр. Теория и методика футбола Прил.1 | H15: Пр. Теория и методика хоккея Прил.1
C16: 14.50-16.20 | D16: Пр. Педагогика физической культуры и спорта Цакаев С.Ш. 439мбк | E16: Пр. Подвижные игры в спорте и образовании Дробышевская Н.В., Салахудинова Е.С. Модуль Б | G16: Пр. Теория и методика футбола Прил.1 | H16: Пр. Методика реализации программ дополнительного образования в области ФКиС Прил.1
C17: 16.40-18.10
C18: 18.30-20.00
A19: Среда | B19: =B13+1 -> 46309 | C19: 8.50-10.20 | D19: Пр. Плавание Шакина Е.Е., Чистова Н.А. бассейн УСЗК | E19: Пр. Плавание Колесов А.Д., Павлова Т.Н. бассейн УСЗК | F19: Пр. Подвижные игры в спорте и образовании Дробышевская Н.В. Модуль Б | G19: Пр. Теория и методика физической культуры Мачканова Е.В. 406ауд.к. | H19: Пр. Педагогика физической культуры и спорта Цакаев С.Ш. 419мбк
C20: 10.40-12.10 | D20: Пр. Плавание Шакина Е.Е., Чистова Н.А. бассейн УСЗК | E20: Пр. Плавание Колесов А.Д., Павлова Т.Н.. бассейн УСЗК | F20: Пр. Физиология человека Колесник О.В. 254мбк | G20: Пр. Педагогика физической культуры и спорта Цакаев С.Ш. 417мбк, Германов Г.Н. 445мбк | H20: Пр. Теория и методика физической культуры Мачканова Е.В. 406ауд.к.
C21: 13.00-14.30 | D21: Пр. Физиология человека Белицкая Л.А. 234мбк, Колесник О.В. 254мбк | E21: Пр. Педагогика физической культуры и спорта Цакаев С.Ш. 516мбк | F21: Пр. Самооборона (самбо) Марянян С.А. 14СК | H21: Пр. Теория и методика хоккея Прил.1
C22: 14.50-16.20 | D22: Пр. Теория и методика гандбола, бейсбола, регби Прил.1 | F22: Пр. Педагогика физической культуры и спорта Цакаев С.Ш. 419мбк | H22: Пр. Теория и методика хоккея Прил.1
C23: 16.40-18.10
A24: Четверг | B24: =B19+1 -> 46310 | C24: 8.50-10.20 | D24: Пр. Теория и методика баскетбола Прил.1 | E24: Пр. Физиология человека Белицкая Л.А. 234мбк, Ширяева Т.П. 254мбк | F24: Пр. Методика реализации программ дополнительного образования в области ФКиС Прил.1 | G24: Пр. Методика реализации программ дополнительного образования в области ФКиС Прил.1 | H24: Пр. Плавание Никитина С.М., Шакина Е.Е. бассейн УСЗК
C25: 10.40-12.10 | D25: Пр. Методика реализации программ дополнительного образования в области ФКиС Прил.1 | E25: Пр. Самооборона (самбо) Махмудов М.М., Иванченко М.М. 14СК | F25: Пр. Теория и методика тенниса, настольного тенниса, бадминтона, бильярда Прил.1 | G25: Пр. Теория и методика футбола Прил.1 | H25: Пр. Плавание Никитина С.М., Шакина Е.Е. бассейн УСЗК
C26: 13.00-14.30 | D26: Пр. Теория и методика физической культуры Мачканова Е.В. 306 гл.к. | F26: Пр. Методика преподавания предмета "физическая культура" в образовательных организациях Гасанова-Матвеева З.А. 309 гл.к. | G26: Пр. Элективные дисциплины по ФКиС: Фехтование Моисеев А.Б., Полишките К. 231СК, 246СК | H26: Пр. Методика преподавания предмета "физическая культура" в образовательных организациях Трунева Т.В. 308 гл.к.
C27: 14.50-16.20 | F27: Пр. Теория и методика физической культуры Мачканова Е.В. 308 гл.к. | G27: Пр. Методика преподавания предмета "физическая культура" в образовательных организациях Трунева Т.В. 306 гл.к. | H27: Пр. Элективные дисциплины по ФКиС: Фехтование Моисеев А.Б., Полишките К. 231СК, 246СК
C28: 16.40-18.10
A29: Пятница | B29: =B24+1 -> 46311 | C29: 8.50-10.20 | D29: Пр. Самооборона (самбо) Махмудов М.М., Марянян С.А. 14СК | E29: Пр. Элективные дисциплины по ФКиС: Фехтование Моисеев А.Б., Полишките К. 231СК, 246СК | F29: Пр. Плавание Шакина Е.Е. бассейн УСЗК | G29: Пр. Плавание Никитина С.М. , Павлова Т.Н. бассейн УСЗК
C30: 10.40-12.10 | D30: Пр. Физиология человека Белицкая Л.А. 234мбк, Колесник О.В. 238мбк | E30: Пр. Методика преподавания предмета "физическая культура" в образовательных организациях Гасанова-Матвеева З.А. 309 гл.к. | F30: Пр. Плавание Шакина Е.Е. бассейн УСЗК | G30: Пр. Плавание Никитина С.М. , Павлова Т.Н. бассейн УСЗК
C31: 13.00-14.30 | D31: Пр. Элективные дисциплины по ФКиС: Фехтование Моисеев А.Б., Полишките К. 231СК, 246СК | E31: Пр. Теория и методика волейбола, компьютерного спорта, гонок дронов Прил.1 | F31: Пр. Физиология человека Колесник О.В. 254мбк | G31: Пр. Физиология человека Белицкая Л.А. 237мбк, Андреева А.М. 238мбк | H31: Пр. Самооборона (самбо) Попов Д.В., Иванченко М.М. 27СК
C32: 14.50-16.20 | D32: Пр. Методика преподавания предмета "физическая культура" в образовательных организациях Гасанова-Матвеева З.А. 306 гл.к. | E32: Пр. Теория и методика волейбола, компьютерного спорта, гонок дронов Прил.1 | F32: Пр. Элективные дисциплины по ФКиС: Фехтование Полишките К. 231СК, 246СК | G32: Пр. Самооборона (самбо) Попов Д.В., Иванченко М.М. 27СК | H32: Пр. Физиология человека Ширяева Т.П. 254мбк, Андреева А.М. 234мбк
C33: 16.40-18.10
A34: Суббота | B34: =B29+1 -> 46312 | C34: 8.50-10.20
C35: 10.40-12.10
C36: 13.00-14.30
C37: 14.50-16.20
C38: 16.40-18.10
D39: * Профили (направленность) указанны на титульном листе
C40: ='01.09'!C39 -> *Л. Физиология человека* | D40: ='05.10'!D40+COUNTIF(D$8:D$38,$C40) -> 8 | E40: ='05.10'!E40+COUNTIF(E$8:E$38,$C40) -> 8 | F40: ='05.10'!F40+COUNTIF(F$8:F$38,$C40) -> 8 | G40: ='05.10'!G40+COUNTIF(G$8:G$38,$C40) -> 8 | H40: ='05.10'!H40+COUNTIF(H$8:H$38,$C40) -> 8
C41: ='01.09'!C40 -> *Пр. Физиология человека* | D41: ='05.10'!D41+COUNTIF(D$8:D$38,$C41) -> 12 | E41: ='05.10'!E41+COUNTIF(E$8:E$38,$C41) -> 12 | F41: ='05.10'!F41+COUNTIF(F$8:F$38,$C41) -> 12 | G41: ='05.10'!G41+COUNTIF(G$8:G$38,$C41) -> 12 | H41: ='05.10'!H41+COUNTIF(H$8:H$38,$C41) -> 12
C42: ='01.09'!C41 -> *Л. Элективные дисциплины по ФКиС: Фехтование* | D42: ='05.10'!D42+COUNTIF(D$8:D$38,$C42) -> 1 | E42: ='05.10'!E42+COUNTIF(E$8:E$38,$C42) -> 1 | F42: ='05.10'!F42+COUNTIF(F$8:F$38,$C42) -> 1 | G42: ='05.10'!G42+COUNTIF(G$8:G$38,$C42) -> 1 | H42: ='05.10'!H42+COUNTIF(H$8:H$38,$C42) -> 1
C43: ='01.09'!C42 -> *Пр. Элективные дисциплины по ФКиС: Фехтование* | D43: ='05.10'!D43+COUNTIF(D$8:D$38,$C43) -> 2 | E43: ='05.10'!E43+COUNTIF(E$8:E$38,$C43) -> 2 | F43: ='05.10'!F43+COUNTIF(F$8:F$38,$C43) -> 2 | G43: ='05.10'!G43+COUNTIF(G$8:G$38,$C43) -> 2 | H43: ='05.10'!H43+COUNTIF(H$8:H$38,$C43) -> 2
C44: ='01.09'!C43 -> *Л. Педагогика физической культуры и спорта* | D44: ='05.10'!D44+COUNTIF(D$8:D$38,$C44) -> 5 | E44: ='05.10'!E44+COUNTIF(E$8:E$38,$C44) -> 5 | F44: ='05.10'!F44+COUNTIF(F$8:F$38,$C44) -> 5 | G44: ='05.10'!G44+COUNTIF(G$8:G$38,$C44) -> 5 | H44: ='05.10'!H44+COUNTIF(H$8:H$38,$C44) -> 5
C45: ='01.09'!C44 -> *Пр. Педагогика физической культуры и спорта* | D45: ='05.10'!D45+COUNTIF(D$8:D$38,$C45) -> 2 | E45: ='05.10'!E45+COUNTIF(E$8:E$38,$C45) -> 2 | F45: ='05.10'!F45+COUNTIF(F$8:F$38,$C45) -> 2 | G45: ='05.10'!G45+COUNTIF(G$8:G$38,$C45) -> 2 | H45: ='05.10'!H45+COUNTIF(H$8:H$38,$C45) -> 1
C46: ='01.09'!C45 -> *Л. Теория и методика* | D46: ='05.10'!D46+COUNTIF(D$8:D$38,$C46) -> 3 | E46: ='05.10'!E46+COUNTIF(E$8:E$38,$C46) -> 3 | F46: ='05.10'!F46+COUNTIF(F$8:F$38,$C46) -> 3 | G46: ='05.10'!G46+COUNTIF(G$8:G$38,$C46) -> 3 | H46: ='05.10'!H46+COUNTIF(H$8:H$38,$C46) -> 3
C47: ='01.09'!C46 -> *Пр. Теория и методика* | D47: ='05.10'!D47+COUNTIF(D$8:D$38,$C47) -> 16 | E47: ='05.10'!E47+COUNTIF(E$8:E$38,$C47) -> 16 | F47: ='05.10'!F47+COUNTIF(F$8:F$38,$C47) -> 16 | G47: ='05.10'!G47+COUNTIF(G$8:G$38,$C47) -> 16 | H47: ='05.10'!H47+COUNTIF(H$8:H$38,$C47) -> 16
C48: ='01.09'!C47 -> *Л. Теория и методика физической культуры* | D48: ='05.10'!D48+COUNTIF(D$8:D$38,$C48) -> 6 | E48: ='05.10'!E48+COUNTIF(E$8:E$38,$C48) -> 6 | F48: ='05.10'!F48+COUNTIF(F$8:F$38,$C48) -> 6 | G48: ='05.10'!G48+COUNTIF(G$8:G$38,$C48) -> 6 | H48: ='05.10'!H48+COUNTIF(H$8:H$38,$C48) -> 6
C49: ='01.09'!C48 -> *Пр. Теория и методика физической культуры* | D49: ='05.10'!D49+COUNTIF(D$8:D$38,$C49) -> 2 | E49: ='05.10'!E49+COUNTIF(E$8:E$38,$C49) -> 2 | F49: ='05.10'!F49+COUNTIF(F$8:F$38,$C49) -> 2 | G49: ='05.10'!G49+COUNTIF(G$8:G$38,$C49) -> 2 | H49: ='05.10'!H49+COUNTIF(H$8:H$38,$C49) -> 2
C50: ='01.09'!C49 -> *Л. Плавание* | D50: ='05.10'!D50+COUNTIF(D$8:D$38,$C50) -> 2 | E50: ='05.10'!E50+COUNTIF(E$8:E$38,$C50) -> 2 | F50: ='05.10'!F50+COUNTIF(F$8:F$38,$C50) -> 2 | G50: ='05.10'!G50+COUNTIF(G$8:G$38,$C50) -> 2 | H50: ='05.10'!H50+COUNTIF(H$8:H$38,$C50) -> 2
C51: ='01.09'!C50 -> *Пр. Плавание* | D51: ='05.10'!D51+COUNTIF(D$8:D$38,$C51) -> 12 | E51: ='05.10'!E51+COUNTIF(E$8:E$38,$C51) -> 12 | F51: ='05.10'!F51+COUNTIF(F$8:F$38,$C51) -> 12 | G51: ='05.10'!G51+COUNTIF(G$8:G$38,$C51) -> 12 | H51: ='05.10'!H51+COUNTIF(H$8:H$38,$C51) -> 12
... C67: ='01.09'!C66 -> 0 | D67: ='05.10'!D67+COUNTIF(D$8:D$38,$C67) -> 0 | E67: ='05.10'!E67+COUNTIF(E$8:E$38,$C67) -> 0 | F67: ='05.10'!F67+COUNTIF(F$8:F$38,$C67) -> 0 | G67: ='05.10'!G67+COUNTIF(G$8:G$38,$C67) -> 0 | H67: ='05.10'!H67+COUNTIF(H$8:H$38,$C67) -> 0

Sheet 19.10
B1: Расписание учебных занятий на первое полугодие 2026-2027 учебного года
B2: ТРЕНЕРСКИЙ ФАКУЛЬТЕТ, направление подготовки (образовательная программа)
B3: 49.03.04 Спорт *
B4: Курс 2, семестр 3, очная форма обучения
A5: группы С1-01А-25, С1-01Б-25, С1-02А-25, С1-02Б-25, С1-03-25, С1-04А-25, С1-04Б-25, С1-05А-25, С1-05Б-25
A6: День недели | B6: Дата | C6: Время | D6: 1 группа | E6: 2 группа | F6: 3 группа | G6: 4 группа | H6: 5 группа
D7: Баскетбол, гандбол, бейсбол, регби | E7: Волейбол, гонки дронов, компьютерный спорт | F7: Теннис, настольный теннис, бадминтон, бильярд | G7: Футбол | H7: Хоккей
A8: Понедельник | B8: 46314 | C8: 8.50-10.20 | D8: Пр. Теория и методика гандбола, бейсбола, регби Прил.1 | E8: Пр. Теория и методика волейбола, гонок дронов Прил.1; Пр. Методика реализации программ дополнительного образования в области ФКиС: компьютерный спорт Прил.1 | F8: Пр. Теория и методика тенниса, настольного тенниса, бадминтона, бильярда Прил.1 | G8: Пр. Физиология человека Белицкая Л.А. 240мбк, Андреева А.М. 238мбк | H8: Пр. Подвижные игры в спорте и образовании Дробышевская Н.В., Салахудинова Е.С. Модуль Б
C9: 10.40-12.10 | D9: Л. Теория и методика гандбола, бейсбола, регби Прил.1 | E9: Пр. Теория и методика компьютерного спорта Прил.1; Пр. Методика реализации программ дополнительного образования в области ФКиС: волейбол, гонки дронов Прил.1 | F9: Л. Теория и методика тенниса, настольного тенниса, бадминтона, бильярда Прил.1 | G9: Пр. Подвижные игры в спорте и образовании Дробышевская Н.В., Кузьмичева Е.В. Модуль Б | H9: Пр. Физиология человека Ширяева Т.П. 254мбк, Андреева А.М. 234мбк
C10: 13.00-14.30 | D10: Пр. Теория и методика баскетбола Прил.1 | E10: Пр. Теория и методика физической культуры Мачканова Е.В. 306 гл.к.
C11: 14.50-16.20 | D11: Л. Теория и методика баскетбола Прил.1
C12: 16.40-18.10
A13: Вторник | B13: =B8+1 -> 46315 | C13: 8.50-10.20 | D13: Л. Теория и методика физической культуры Мачканова Е.В. 212 ауд.к. | E13: Л. Теория и методика физической культуры Мачканова Е.В. 212 ауд.к. | F13: Л. Теория и методика физической культуры Мачканова Е.В. 212 ауд.к. | G13: Л. Теория и методика физической культуры Мачканова Е.В. 212 ауд.к. | H13: Л. Теория и методика физической культуры Мачканова Е.В. 212 ауд.к.
C14: 10.40-12.10 | D14: Л. Физиология человека Ширяева Т.П. 212 ауд.к. | E14: Л. Физиология человека Ширяева Т.П. 212 ауд.к. | F14: Л. Физиология человека Ширяева Т.П. 212 ауд.к. | G14: Л. Физиология человека Ширяева Т.П. 212 ауд.к. | H14: Л. Физиология человека Ширяева Т.П. 212 ауд.к.
C15: 13.00-14.30 | D15: Пр. Подвижные игры в спорте и образовании Дробышевская Н.В., Салахудинова Е.С. Модуль Б | E15: Пр. Физиология человека Белицкая Л.А. 234мбк, Ширяева Т.П. 254мбк | G15: Пр. Теория и методика футбола Прил.1 | H15: Пр. Теория и методика хоккея Прил.1
C16: 14.50-16.20 | D16: Пр. Педагогика физической культуры и спорта Цакаев С.Ш. 439мбк | E16: Пр. Подвижные игры в спорте и образовании Дробышевская Н.В., Салахудинова Е.С. Модуль Б | G16: Л. Теория и методика футбола Прил.1 | H16: Пр. Методика реализации программ дополнительного образования в области ФКиС Прил.1
C17: 16.40-18.10
C18: 18.30-20.00
A19: Среда | B19: =B13+1 -> 46316 | C19: 8.50-10.20 | D19: Пр. Плавание Шакина Е.Е., Чистова Н.А. бассейн УСЗК | E19: Пр. Плавание Колесов А.Д., Павлова Т.Н. бассейн УСЗК | F19: Пр. Подвижные игры в спорте и образовании Дробышевская Н.В. Модуль Б | G19: Пр. Теория и методика физической культуры Мачканова Е.В. 406ауд.к. | H19: Пр. Педагогика физической культуры и спорта Цакаев С.Ш. 419мбк
C20: 10.40-12.10 | D20: Пр. Плавание Шакина Е.Е., Чистова Н.А. бассейн УСЗК | E20: Пр. Плавание Колесов А.Д., Павлова Т.Н.. бассейн УСЗК | F20: Пр. Физиология человека Колесник О.В. 254мбк | G20: Пр. Педагогика физической культуры и спорта Цакаев С.Ш. 417мбк, Германов Г.Н. 445мбк | H20: Пр. Теория и методика физической культуры Мачканова Е.В. 406ауд.к.
C21: 13.00-14.30 | D21: Пр. Физиология человека Белицкая Л.А. 234мбк, Колесник О.В. 254мбк | E21: Пр. Педагогика физической культуры и спорта Цакаев С.Ш. 516мбк | F21: Пр. Самооборона (самбо) Марянян С.А. 14СК | H21: Л. Теория и методика хоккея Прил.1
C22: 14.50-16.20 | F22: Пр. Педагогика физической культуры и спорта Цакаев С.Ш. 419мбк | H22: Пр. Теория и методика хоккея Прил.1
C23: 16.40-18.10
A24: Четверг | B24: =B19+1 -> 46317 | C24: 8.50-10.20 | D24: Пр. Теория и методика баскетбола Прил.1 | E24: Пр. Физиология человека Белицкая Л.А. 234мбк, Ширяева Т.П. 254мбк | F24: Пр. Методика реализации программ дополнительного образования в области ФКиС Прил.1 | G24: Пр. Методика реализации программ дополнительного образования в области ФКиС Прил.1 | H24: Пр. Плавание Никитина С.М., Шакина Е.Е. бассейн УСЗК
C25: 10.40-12.10 | D25: Пр. Методика реализации программ дополнительного образования в области ФКиС Прил.1 | E25: Пр. Самооборона (самбо) Махмудов М.М., Иванченко М.М. 14СК | F25: Пр. Теория и методика тенниса, настольного тенниса, бадминтона, бильярда Прил.1 | G25: Пр. Теория и методика футбола Прил.1 | H25: Пр. Плавание Никитина С.М., Шакина Е.Е. бассейн УСЗК
C26: 13.00-14.30 | D26: Пр. Теория и методика физической культуры Мачканова Е.В. 306 гл.к. | F26: Пр. Методика преподавания предмета "физическая культура" в образовательных организациях Гасанова-Матвеева З.А. 309 гл.к. | G26: Пр. Элективные дисциплины по ФКиС: Фехтование Моисеев А.Б., Полишките К. 231СК, 246СК | H26: Пр. Методика преподавания предмета "физическая культура" в образовательных организациях Трунева Т.В. 308 гл.к.
C27: 14.50-16.20 | D27: Пр. Теория и методика гандбола, бейсбола, регби Прил.1 | F27: Пр. Теория и методика физической культуры Мачканова Е.В. 308 гл.к. | G27: Пр. Методика преподавания предмета "физическая культура" в образовательных организациях Трунева Т.В. 306 гл.к. | H27: Пр. Элективные дисциплины по ФКиС: Фехтование Моисеев А.Б., Полишките К. 231СК, 246СК
C28: 16.40-18.10
A29: Пятница | B29: =B24+1 -> 46318 | C29: 8.50-10.20 | D29: Пр. Самооборона (самбо) Махмудов М.М., Марянян С.А. 14СК | E29: Пр. Элективные дисциплины по ФКиС: Фехтование Моисеев А.Б., Полишките К. 231СК, 246СК | F29: Пр. Плавание Шакина Е.Е. бассейн УСЗК | G29: Пр. Плавание Никитина С.М. , Павлова Т.Н. бассейн УСЗК
C30: 10.40-12.10 | D30: Пр. Физиология человека Белицкая Л.А. 234мбк, Колесник О.В. 238мбк | E30: Пр. Методика преподавания предмета "физическая культура" в образовательных организациях Гасанова-Матвеева З.А. 309 гл.к. | F30: Пр. Плавание Шакина Е.Е. бассейн УСЗК | G30: Пр. Плавание Никитина С.М. , Павлова Т.Н. бассейн УСЗК
C31: 13.00-14.30 | D31: Пр. Элективные дисциплины по ФКиС: Фехтование Моисеев А.Б., Полишките К. 231СК, 246СК | E31: Л. Теория и методика волейбола, компьютерного спорта, гонок дронов Прил.1 | F31: Пр. Физиология человека Колесник О.В. 254мбк | G31: Пр. Физиология человека Белицкая Л.А. 237мбк, Андреева А.М. 238мбк | H31: Пр. Самооборона (самбо) Попов Д.В., Иванченко М.М. 27СК
C32: 14.50-16.20 | D32: Пр. Методика преподавания предмета "физическая культура" в образовательных организациях Гасанова-Матвеева З.А. 306 гл.к. | E32: Пр. Теория и методика волейбола, компьютерного спорта, гонок дронов Прил.1 | F32: Пр. Элективные дисциплины по ФКиС: Фехтование Полишките К. 231СК, 246СК | G32: Пр. Самооборона (самбо) Попов Д.В., Иванченко М.М. 27СК | H32: Пр. Физиология человека Ширяева Т.П. 254мбк, Андреева А.М. 234мбк
C33: 16.40-18.10
A34: Суббота | B34: =B29+1 -> 46319 | C34: 8.50-10.20
C35: 10.40-12.10
C36: 13.00-14.30
C37: 14.50-16.20
C38: 16.40-18.10
D39: * Профили (направленность) указанны на титульном листе
C40: ='01.09'!C39 -> *Л. Физиология человека* | D40: ='12.10'!D40+COUNTIF(D$8:D$38,$C40) -> 9 | E40: ='12.10'!E40+COUNTIF(E$8:E$38,$C40) -> 9 | F40: ='12.10'!F40+COUNTIF(F$8:F$38,$C40) -> 9 | G40: ='12.10'!G40+COUNTIF(G$8:G$38,$C40) -> 9 | H40: ='12.10'!H40+COUNTIF(H$8:H$38,$C40) -> 9
C41: ='01.09'!C40 -> *Пр. Физиология человека* | D41: ='12.10'!D41+COUNTIF(D$8:D$38,$C41) -> 14 | E41: ='12.10'!E41+COUNTIF(E$8:E$38,$C41) -> 14 | F41: ='12.10'!F41+COUNTIF(F$8:F$38,$C41) -> 14 | G41: ='12.10'!G41+COUNTIF(G$8:G$38,$C41) -> 14 | H41: ='12.10'!H41+COUNTIF(H$8:H$38,$C41) -> 14
C42: ='01.09'!C41 -> *Л. Элективные дисциплины по ФКиС: Фехтование* | D42: ='12.10'!D42+COUNTIF(D$8:D$38,$C42) -> 1 | E42: ='12.10'!E42+COUNTIF(E$8:E$38,$C42) -> 1 | F42: ='12.10'!F42+COUNTIF(F$8:F$38,$C42) -> 1 | G42: ='12.10'!G42+COUNTIF(G$8:G$38,$C42) -> 1 | H42: ='12.10'!H42+COUNTIF(H$8:H$38,$C42) -> 1
C43: ='01.09'!C42 -> *Пр. Элективные дисциплины по ФКиС: Фехтование* | D43: ='12.10'!D43+COUNTIF(D$8:D$38,$C43) -> 3 | E43: ='12.10'!E43+COUNTIF(E$8:E$38,$C43) -> 3 | F43: ='12.10'!F43+COUNTIF(F$8:F$38,$C43) -> 3 | G43: ='12.10'!G43+COUNTIF(G$8:G$38,$C43) -> 3 | H43: ='12.10'!H43+COUNTIF(H$8:H$38,$C43) -> 3
C44: ='01.09'!C43 -> *Л. Педагогика физической культуры и спорта* | D44: ='12.10'!D44+COUNTIF(D$8:D$38,$C44) -> 5 | E44: ='12.10'!E44+COUNTIF(E$8:E$38,$C44) -> 5 | F44: ='12.10'!F44+COUNTIF(F$8:F$38,$C44) -> 5 | G44: ='12.10'!G44+COUNTIF(G$8:G$38,$C44) -> 5 | H44: ='12.10'!H44+COUNTIF(H$8:H$38,$C44) -> 5
C45: ='01.09'!C44 -> *Пр. Педагогика физической культуры и спорта* | D45: ='12.10'!D45+COUNTIF(D$8:D$38,$C45) -> 3 | E45: ='12.10'!E45+COUNTIF(E$8:E$38,$C45) -> 3 | F45: ='12.10'!F45+COUNTIF(F$8:F$38,$C45) -> 3 | G45: ='12.10'!G45+COUNTIF(G$8:G$38,$C45) -> 3 | H45: ='12.10'!H45+COUNTIF(H$8:H$38,$C45) -> 2
C46: ='01.09'!C45 -> *Л. Теория и методика* | D46: ='12.10'!D46+COUNTIF(D$8:D$38,$C46) -> 4 | E46: ='12.10'!E46+COUNTIF(E$8:E$38,$C46) -> 4 | F46: ='12.10'!F46+COUNTIF(F$8:F$38,$C46) -> 4 | G46: ='12.10'!G46+COUNTIF(G$8:G$38,$C46) -> 4 | H46: ='12.10'!H46+COUNTIF(H$8:H$38,$C46) -> 4
C47: ='01.09'!C46 -> *Пр. Теория и методика* | D47: ='12.10'!D47+COUNTIF(D$8:D$38,$C47) -> 18 | E47: ='12.10'!E47+COUNTIF(E$8:E$38,$C47) -> 18 | F47: ='12.10'!F47+COUNTIF(F$8:F$38,$C47) -> 18 | G47: ='12.10'!G47+COUNTIF(G$8:G$38,$C47) -> 18 | H47: ='12.10'!H47+COUNTIF(H$8:H$38,$C47) -> 18
C48: ='01.09'!C47 -> *Л. Теория и методика физической культуры* | D48: ='12.10'!D48+COUNTIF(D$8:D$38,$C48) -> 7 | E48: ='12.10'!E48+COUNTIF(E$8:E$38,$C48) -> 7 | F48: ='12.10'!F48+COUNTIF(F$8:F$38,$C48) -> 7 | G48: ='12.10'!G48+COUNTIF(G$8:G$38,$C48) -> 7 | H48: ='12.10'!H48+COUNTIF(H$8:H$38,$C48) -> 7
C49: ='01.09'!C48 -> *Пр. Теория и методика физической культуры* | D49: ='12.10'!D49+COUNTIF(D$8:D$38,$C49) -> 3 | E49: ='12.10'!E49+COUNTIF(E$8:E$38,$C49) -> 3 | F49: ='12.10'!F49+COUNTIF(F$8:F$38,$C49) -> 3 | G49: ='12.10'!G49+COUNTIF(G$8:G$38,$C49) -> 3 | H49: ='12.10'!H49+COUNTIF(H$8:H$38,$C49) -> 3
C50: ='01.09'!C49 -> *Л. Плавание* | D50: ='12.10'!D50+COUNTIF(D$8:D$38,$C50) -> 2 | E50: ='12.10'!E50+COUNTIF(E$8:E$38,$C50) -> 2 | F50: ='12.10'!F50+COUNTIF(F$8:F$38,$C50) -> 2 | G50: ='12.10'!G50+COUNTIF(G$8:G$38,$C50) -> 2 | H50: ='12.10'!H50+COUNTIF(H$8:H$38,$C50) -> 2
C51: ='01.09'!C50 -> *Пр. Плавание* | D51: ='12.10'!D51+COUNTIF(D$8:D$38,$C51) -> 14 | E51: ='12.10'!E51+COUNTIF(E$8:E$38,$C51) -> 14 | F51: ='12.10'!F51+COUNTIF(F$8:F$38,$C51) -> 14 | G51: ='12.10'!G51+COUNTIF(G$8:G$38,$C51) -> 14 | H51: ='12.10'!H51+COUNTIF(H$8:H$38,$C51) -> 14
... C67: ='01.09'!C66 -> 0 | D67: ='12.10'!D67+COUNTIF(D$8:D$38,$C67) -> 0 | E67: ='12.10'!E67+COUNTIF(E$8:E$38,$C67) -> 0 | F67: ='12.10'!F67+COUNTIF(F$8:F$38,$C67) -> 0 | G67: ='12.10'!G67+COUNTIF(G$8:G$38,$C67) -> 0 | H67: ='12.10'!H67+COUNTIF(H$8:H$38,$C67) -> 0

Sheet 26.10
B1: Расписание учебных занятий на первое полугодие 2026-2027 учебного года
B2: ТРЕНЕРСКИЙ ФАКУЛЬТЕТ, направление подготовки (образовательная программа)
B3: 49.03.04 Спорт *
B4: Курс 2, семестр 3, очная форма обучения
A5: группы С1-01А-25, С1-01Б-25, С1-02А-25, С1-02Б-25, С1-03-25, С1-04А-25, С1-04Б-25, С1-05А-25, С1-05Б-25
A6: День недели | B6: Дата | C6: Время | D6: 1 группа | E6: 2 группа | F6: 3 группа | G6: 4 группа | H6: 5 группа
D7: Баскетбол, гандбол, бейсбол, регби | E7: Волейбол, гонки дронов, компьютерный спорт | F7: Теннис, настольный теннис, бадминтон, бильярд | G7: Футбол | H7: Хоккей
A8: Понедельник | B8: 46321 | C8: 8.50-10.20 | D8: Пр. Теория и методика гандбола, бейсбола, регби Прил.1 | E8: Пр. Теория и методика волейбола, гонок дронов Прил.1; Пр. Методика реализации программ дополнительного образования в области ФКиС: компьютерный спорт Прил.1 | F8: Пр. Теория и методика тенниса, настольного тенниса, бадминтона, бильярда Прил.1 | G8: Пр. Физиология человека Белицкая Л.А. 240мбк, Андреева А.М. 238мбк | H8: Пр. Подвижные игры в спорте и образовании Дробышевская Н.В., Салахудинова Е.С. Модуль Б
C9: 10.40-12.10 | D9: Пр. Теория и методика гандбола, бейсбола, регби Прил.1 | E9: Пр. Теория и методика компьютерного спорта Прил.1; Пр. Методика реализации программ дополнительного образования в области ФКиС: волейбол, гонки дронов Прил.1 | F9: Пр. Теория и методика тенниса, настольного тенниса, бадминтона, бильярда Прил.1 | G9: Пр. Подвижные игры в спорте и образовании Дробышевская Н.В., Кузьмичева Е.В. Модуль Б | H9: Пр. Физиология человека Ширяева Т.П. 254мбк, Андреева А.М. 234мбк
C10: 13.00-14.30 | D10: Пр. Теория и методика баскетбола Прил.1 | E10: Пр. Теория и методика физической культуры Мачканова Е.В. 306 гл.к.
C11: 14.50-16.20 | D11: Пр. Теория и методика баскетбола Прил.1
C12: 16.40-18.10
A13: Вторник | B13: =B8+1 -> 46322 | C13: 8.50-10.20 | D13: Л. Теория и методика физической культуры Мачканова Е.В. 212 ауд.к. | E13: Л. Теория и методика физической культуры Мачканова Е.В. 212 ауд.к. | F13: Л. Теория и методика физической культуры Мачканова Е.В. 212 ауд.к. | G13: Л. Теория и методика физической культуры Мачканова Е.В. 212 ауд.к. | H13: Л. Теория и методика физической культуры Мачканова Е.В. 212 ауд.к.
C14: 10.40-12.10 | D14: Л. Физиология человека Ширяева Т.П. 212 ауд.к. | E14: Л. Физиология человека Ширяева Т.П. 212 ауд.к. | F14: Л. Физиология человека Ширяева Т.П. 212 ауд.к. | G14: Л. Физиология человека Ширяева Т.П. 212 ауд.к. | H14: Л. Физиология человека Ширяева Т.П. 212 ауд.к.
C15: 13.00-14.30 | D15: Пр. Подвижные игры в спорте и образовании Дробышевская Н.В., Салахудинова Е.С. Модуль Б | E15: Пр. Физиология человека Белицкая Л.А. 234мбк, Ширяева Т.П. 254мбк | G15: Пр. Теория и методика футбола Прил.1 | H15: Пр. Теория и методика хоккея Прил.1
C16: 14.50-16.20 | D16: Пр. Педагогика физической культуры и спорта Цакаев С.Ш. 439мбк | E16: Пр. Подвижные игры в спорте и образовании Дробышевская Н.В., Салахудинова Е.С. Модуль Б | G16: Пр. Теория и методика футбола Прил.1 | H16: Пр. Методика реализации программ дополнительного образования в области ФКиС Прил.1
C17: 16.40-18.10
C18: 18.30-20.00
A19: Среда | B19: =B13+1 -> 46323 | C19: 8.50-10.20 | D19: Пр. Плавание Шакина Е.Е., Чистова Н.А. бассейн УСЗК | E19: Пр. Плавание Колесов А.Д., Павлова Т.Н. бассейн УСЗК | F19: Пр. Подвижные игры в спорте и образовании Дробышевская Н.В. Модуль Б | G19: Пр. Теория и методика физической культуры Мачканова Е.В. 406ауд.к. | H19: Пр. Педагогика физической культуры и спорта Цакаев С.Ш. 419мбк
C20: 10.40-12.10 | D20: Пр. Плавание Шакина Е.Е., Чистова Н.А. бассейн УСЗК | E20: Пр. Плавание Колесов А.Д., Павлова Т.Н.. бассейн УСЗК | F20: Пр. Физиология человека Колесник О.В. 254мбк | G20: Пр. Педагогика физической культуры и спорта Цакаев С.Ш. 417мбк, Германов Г.Н. 445мбк | H20: Пр. Теория и методика физической культуры Мачканова Е.В. 406ауд.к.
C21: 13.00-14.30 | D21: Пр. Физиология человека Белицкая Л.А. 234мбк, Колесник О.В. 254мбк | E21: Пр. Педагогика физической культуры и спорта Цакаев С.Ш. 516мбк | F21: Пр. Самооборона (самбо) Марянян С.А. 14СК | H21: Пр. Теория и методика хоккея Прил.1
C22: 14.50-16.20 | F22: Пр. Педагогика физической культуры и спорта Цакаев С.Ш. 419мбк | H22: Пр. Теория и методика хоккея Прил.1
C23: 16.40-18.10
A24: Четверг | B24: =B19+1 -> 46324 | C24: 8.50-10.20 | D24: Пр. Теория и методика баскетбола Прил.1 | E24: Пр. Физиология человека Белицкая Л.А. 234мбк, Ширяева Т.П. 254мбк | F24: Пр. Методика реализации программ дополнительного образования в области ФКиС Прил.1 | G24: Пр. Методика реализации программ дополнительного образования в области ФКиС Прил.1 | H24: Пр. Плавание Никитина С.М., Шакина Е.Е. бассейн УСЗК
C25: 10.40-12.10 | D25: Пр. Методика реализации программ дополнительного образования в области ФКиС Прил.1 | E25: Пр. Самооборона (самбо) Махмудов М.М., Иванченко М.М. 14СК | F25: Пр. Теория и методика тенниса, настольного тенниса, бадминтона, бильярда Прил.1 | G25: Пр. Теория и методика футбола Прил.1 | H25: Пр. Плавание Никитина С.М., Шакина Е.Е. бассейн УСЗК
C26: 13.00-14.30 | D26: Пр. Теория и методика физической культуры Мачканова Е.В. 306 гл.к. | F26: Пр. Методика преподавания предмета "физическая культура" в образовательных организациях Гасанова-Матвеева З.А. 309 гл.к. | G26: Пр. Элективные дисциплины по ФКиС: Фехтование Моисеев А.Б., Полишките К. 231СК, 246СК | H26: Пр. Методика преподавания предмета "физическая культура" в образовательных организациях Трунева Т.В. 308 гл.к.
C27: 14.50-16.20 | D27: Пр. Теория и методика гандбола, бейсбола, регби Прил.1 | F27: Пр. Теория и методика физической культуры Мачканова Е.В. 308 гл.к. | G27: Пр. Методика преподавания предмета "физическая культура" в образовательных организациях Трунева Т.В. 306 гл.к. | H27: Пр. Элективные дисциплины по ФКиС: Фехтование Моисеев А.Б., Полишките К. 231СК, 246СК
C28: 16.40-18.10
A29: Пятница | B29: =B24+1 -> 46325 | C29: 8.50-10.20 | D29: Пр. Самооборона (самбо) Махмудов М.М., Марянян С.А. 14СК | E29: Пр. Элективные дисциплины по ФКиС: Фехтование Моисеев А.Б., Полишките К. 231СК, 246СК | F29: Пр. Плавание Шакина Е.Е. бассейн УСЗК | G29: Пр. Плавание Никитина С.М. , Павлова Т.Н. бассейн УСЗК
C30: 10.40-12.10 | D30: Пр. Физиология человека Белицкая Л.А. 234мбк, Колесник О.В. 238мбк | E30: Пр. Методика преподавания предмета "физическая культура" в образовательных организациях Гасанова-Матвеева З.А. 309 гл.к. | F30: Пр. Плавание Шакина Е.Е. бассейн УСЗК | G30: Пр. Плавание Никитина С.М. , Павлова Т.Н. бассейн УСЗК
C31: 13.00-14.30 | D31: Пр. Элективные дисциплины по ФКиС: Фехтование Моисеев А.Б., Полишките К. 231СК, 246СК | E31: Пр. Теория и методика волейбола, компьютерного спорта, гонок дронов Прил.1 | F31: Пр. Физиология человека Колесник О.В. 254мбк | G31: Пр. Физиология человека Белицкая Л.А. 237мбк, Андреева А.М. 238мбк | H31: Пр. Самооборона (самбо) Попов Д.В., Иванченко М.М. 27СК
C32: 14.50-16.20 | D32: Пр. Методика преподавания предмета "физическая культура" в образовательных организациях Гасанова-Матвеева З.А. 306 гл.к. | E32: Пр. Теория и методика волейбола, компьютерного спорта, гонок дронов Прил.1 | F32: Пр. Элективные дисциплины по ФКиС: Фехтование Полишките К. 231СК, 246СК | G32: Пр. Самооборона (самбо) Попов Д.В., Иванченко М.М. 27СК | H32: Пр. Физиология человека Ширяева Т.П. 254мбк, Андреева А.М. 234мбк
C33: 16.40-18.10
A34: Суббота | B34: =B29+1 -> 46326 | C34: 8.50-10.20
C35: 10.40-12.10
C36: 13.00-14.30
C37: 14.50-16.20
C38: 16.40-18.10
D39: * Профили (направленность) указанны на титульном листе
C40: ='01.09'!C39 -> *Л. Физиология человека* | D40: ='19.10'!D40+COUNTIF(D$8:D$38,$C40) -> 10 | E40: ='19.10'!E40+COUNTIF(E$8:E$38,$C40) -> 10 | F40: ='19.10'!F40+COUNTIF(F$8:F$38,$C40) -> 10 | G40: ='19.10'!G40+COUNTIF(G$8:G$38,$C40) -> 10 | H40: ='19.10'!H40+COUNTIF(H$8:H$38,$C40) -> 10
C41: ='01.09'!C40 -> *Пр. Физиология человека* | D41: ='19.10'!D41+COUNTIF(D$8:D$38,$C41) -> 16 | E41: ='19.10'!E41+COUNTIF(E$8:E$38,$C41) -> 16 | F41: ='19.10'!F41+COUNTIF(F$8:F$38,$C41) -> 16 | G41: ='19.10'!G41+COUNTIF(G$8:G$38,$C41) -> 16 | H41: ='19.10'!H41+COUNTIF(H$8:H$38,$C41) -> 16
C42: ='01.09'!C41 -> *Л. Элективные дисциплины по ФКиС: Фехтование* | D42: ='19.10'!D42+COUNTIF(D$8:D$38,$C42) -> 1 | E42: ='19.10'!E42+COUNTIF(E$8:E$38,$C42) -> 1 | F42: ='19.10'!F42+COUNTIF(F$8:F$38,$C42) -> 1 | G42: ='19.10'!G42+COUNTIF(G$8:G$38,$C42) -> 1 | H42: ='19.10'!H42+COUNTIF(H$8:H$38,$C42) -> 1
C43: ='01.09'!C42 -> *Пр. Элективные дисциплины по ФКиС: Фехтование* | D43: ='19.10'!D43+COUNTIF(D$8:D$38,$C43) -> 4 | E43: ='19.10'!E43+COUNTIF(E$8:E$38,$C43) -> 4 | F43: ='19.10'!F43+COUNTIF(F$8:F$38,$C43) -> 4 | G43: ='19.10'!G43+COUNTIF(G$8:G$38,$C43) -> 4 | H43: ='19.10'!H43+COUNTIF(H$8:H$38,$C43) -> 4
C44: ='01.09'!C43 -> *Л. Педагогика физической культуры и спорта* | D44: ='19.10'!D44+COUNTIF(D$8:D$38,$C44) -> 5 | E44: ='19.10'!E44+COUNTIF(E$8:E$38,$C44) -> 5 | F44: ='19.10'!F44+COUNTIF(F$8:F$38,$C44) -> 5 | G44: ='19.10'!G44+COUNTIF(G$8:G$38,$C44) -> 5 | H44: ='19.10'!H44+COUNTIF(H$8:H$38,$C44) -> 5
C45: ='01.09'!C44 -> *Пр. Педагогика физической культуры и спорта* | D45: ='19.10'!D45+COUNTIF(D$8:D$38,$C45) -> 4 | E45: ='19.10'!E45+COUNTIF(E$8:E$38,$C45) -> 4 | F45: ='19.10'!F45+COUNTIF(F$8:F$38,$C45) -> 4 | G45: ='19.10'!G45+COUNTIF(G$8:G$38,$C45) -> 4 | H45: ='19.10'!H45+COUNTIF(H$8:H$38,$C45) -> 3
C46: ='01.09'!C45 -> *Л. Теория и методика* | D46: ='19.10'!D46+COUNTIF(D$8:D$38,$C46) -> 4 | E46: ='19.10'!E46+COUNTIF(E$8:E$38,$C46) -> 4 | F46: ='19.10'!F46+COUNTIF(F$8:F$38,$C46) -> 4 | G46: ='19.10'!G46+COUNTIF(G$8:G$38,$C46) -> 4 | H46: ='19.10'!H46+COUNTIF(H$8:H$38,$C46) -> 4
C47: ='01.09'!C46 -> *Пр. Теория и методика* | D47: ='19.10'!D47+COUNTIF(D$8:D$38,$C47) -> 21 | E47: ='19.10'!E47+COUNTIF(E$8:E$38,$C47) -> 21 | F47: ='19.10'!F47+COUNTIF(F$8:F$38,$C47) -> 21 | G47: ='19.10'!G47+COUNTIF(G$8:G$38,$C47) -> 21 | H47: ='19.10'!H47+COUNTIF(H$8:H$38,$C47) -> 21
C48: ='01.09'!C47 -> *Л. Теория и методика физической культуры* | D48: ='19.10'!D48+COUNTIF(D$8:D$38,$C48) -> 8 | E48: ='19.10'!E48+COUNTIF(E$8:E$38,$C48) -> 8 | F48: ='19.10'!F48+COUNTIF(F$8:F$38,$C48) -> 8 | G48: ='19.10'!G48+COUNTIF(G$8:G$38,$C48) -> 8 | H48: ='19.10'!H48+COUNTIF(H$8:H$38,$C48) -> 8
C49: ='01.09'!C48 -> *Пр. Теория и методика физической культуры* | D49: ='19.10'!D49+COUNTIF(D$8:D$38,$C49) -> 4 | E49: ='19.10'!E49+COUNTIF(E$8:E$38,$C49) -> 4 | F49: ='19.10'!F49+COUNTIF(F$8:F$38,$C49) -> 4 | G49: ='19.10'!G49+COUNTIF(G$8:G$38,$C49) -> 4 | H49: ='19.10'!H49+COUNTIF(H$8:H$38,$C49) -> 4
C50: ='01.09'!C49 -> *Л. Плавание* | D50: ='19.10'!D50+COUNTIF(D$8:D$38,$C50) -> 2 | E50: ='19.10'!E50+COUNTIF(E$8:E$38,$C50) -> 2 | F50: ='19.10'!F50+COUNTIF(F$8:F$38,$C50) -> 2 | G50: ='19.10'!G50+COUNTIF(G$8:G$38,$C50) -> 2 | H50: ='19.10'!H50+COUNTIF(H$8:H$38,$C50) -> 2
C51: ='01.09'!C50 -> *Пр. Плавание* | D51: ='19.10'!D51+COUNTIF(D$8:D$38,$C51) -> 16 | E51: ='19.10'!E51+COUNTIF(E$8:E$38,$C51) -> 16 | F51: ='19.10'!F51+COUNTIF(F$8:F$38,$C51) -> 16 | G51: ='19.10'!G51+COUNTIF(G$8:G$38,$C51) -> 16 | H51: ='19.10'!H51+COUNTIF(H$8:H$38,$C51) -> 16
... C68: ='01.09'!C67 -> 0 | D68: ='19.10'!D68+COUNTIF(D$8:D$38,$C68) -> 0 | E68: ='19.10'!E68+COUNTIF(E$8:E$38,$C68) -> 0 | F68: ='19.10'!F68+COUNTIF(F$8:F$38,$C68) -> 0 | G68: ='19.10'!G68+COUNTIF(G$8:G$38,$C68) -> 0 | H68: ='19.10'!H68+COUNTIF(H$8:H$38,$C68) -> 0

Sheet 02.11
B1: Расписание учебных занятий на первое полугодие 2026-2027 учебного года
B2: ТРЕНЕРСКИЙ ФАКУЛЬТЕТ, направление подготовки (образовательная программа)
B3: 49.03.04 Спорт *
B4: Курс 2, семестр 3, очная форма обучения
A5: группы С1-01А-25, С1-01Б-25, С1-02А-25, С1-02Б-25, С1-03-25, С1-04А-25, С1-04Б-25, С1-05А-25, С1-05Б-25
A6: День недели | B6: Дата | C6: Время | D6: 1 группа | E6: 2 группа | F6: 3 группа | G6: 4 группа | H6: 5 группа
D7: Баскетбол, гандбол, бейсбол, регби | E7: Волейбол, гонки дронов, компьютерный спорт | F7: Теннис, настольный теннис, бадминтон, бильярд | G7: Футбол | H7: Хоккей
A8: Понедельник | B8: 46328 | C8: 8.50-10.20 | D8: Пр. Теория и методика гандбола, бейсбола, регби Прил.1 | E8: Пр. Теория и методика волейбола, гонок дронов Прил.1; Пр. Методика реализации программ дополнительного образования в области ФКиС: компьютерный спорт Прил.1 | F8: Пр. Теория и методика тенниса, настольного тенниса, бадминтона, бильярда Прил.1 | G8: Пр. Физиология человека Белицкая Л.А. 240мбк, Андреева А.М. 238мбк | H8: Пр. Подвижные игры в спорте и образовании Дробышевская Н.В., Салахудинова Е.С. Модуль Б
C9: 10.40-12.10 | D9: Пр. Теория и методика гандбола, бейсбола, регби Прил.1 | E9: Пр. Теория и методика компьютерного спорта Прил.1; Пр. Методика реализации программ дополнительного образования в области ФКиС: волейбол, гонки дронов Прил.1 | F9: Пр. Теория и методика тенниса, настольного тенниса, бадминтона, бильярда Прил.1 | G9: Пр. Подвижные игры в спорте и образовании Дробышевская Н.В., Кузьмичева Е.В. Модуль Б | H9: Пр. Физиология человека Ширяева Т.П. 254мбк, Андреева А.М. 234мбк
C10: 13.00-14.30 | D10: Пр. Теория и методика баскетбола Прил.1 | E10: Пр. Теория и методика физической культуры Мачканова Е.В. 306 гл.к.
C11: 14.50-16.20 | D11: Пр. Теория и методика баскетбола Прил.1
C12: 16.40-18.10
A13: Вторник | B13: =B8+1 -> 46329 | C13: 8.50-10.20 | D13: Л. Теория и методика физической культуры Мачканова Е.В. 212 ауд.к. | E13: Л. Теория и методика физической культуры Мачканова Е.В. 212 ауд.к. | F13: Л. Теория и методика физической культуры Мачканова Е.В. 212 ауд.к. | G13: Л. Теория и методика физической культуры Мачканова Е.В. 212 ауд.к. | H13: Л. Теория и методика физической культуры Мачканова Е.В. 212 ауд.к.
C14: 10.40-12.10 | D14: Л. Физиология человека Ширяева Т.П. 212 ауд.к. | E14: Л. Физиология человека Ширяева Т.П. 212 ауд.к. | F14: Л. Физиология человека Ширяева Т.П. 212 ауд.к. | G14: Л. Физиология человека Ширяева Т.П. 212 ауд.к. | H14: Л. Физиология человека Ширяева Т.П. 212 ауд.к.
C15: 13.00-14.30 | D15: Пр. Подвижные игры в спорте и образовании Дробышевская Н.В., Салахудинова Е.С. Модуль Б | E15: Пр. Физиология человека Белицкая Л.А. 234мбк, Ширяева Т.П. 254мбк | G15: Пр. Теория и методика футбола Прил.1 | H15: Пр. Теория и методика хоккея Прил.1
C16: 14.50-16.20 | D16: Пр. Педагогика физической культуры и спорта Цакаев С.Ш. 439мбк | E16: Пр. Подвижные игры в спорте и образовании Дробышевская Н.В., Салахудинова Е.С. Модуль Б | G16: Пр. Теория и методика футбола Прил.1 | H16: Пр. Методика реализации программ дополнительного образования в области ФКиС Прил.1
C17: 16.40-18.10
C18: 18.30-20.00
A19: Среда | B19: =B13+1 -> 46330 | C19: 8.50-10.20
C20: 10.40-12.10
C21: 13.00-14.30
C22: 14.50-16.20
C23: 16.40-18.10
A24: Четверг | B24: =B19+1 -> 46331 | C24: 8.50-10.20 | D24: Пр. Теория и методика баскетбола Прил.1 | E24: Пр. Физиология человека Белицкая Л.А. 234мбк, Ширяева Т.П. 254мбк | F24: Пр. Методика реализации программ дополнительного образования в области ФКиС Прил.1 | G24: Пр. Методика реализации программ дополнительного образования в области ФКиС Прил.1 | H24: Пр. Плавание Никитина С.М., Шакина Е.Е. бассейн УСЗК
C25: 10.40-12.10 | D25: Пр. Методика реализации программ дополнительного образования в области ФКиС Прил.1 | E25: Пр. Самооборона (самбо) Махмудов М.М., Иванченко М.М. 14СК | F25: Пр. Теория и методика тенниса, настольного тенниса, бадминтона, бильярда Прил.1 | G25: Пр. Теория и методика футбола Прил.1 | H25: Пр. Плавание Никитина С.М., Шакина Е.Е. бассейн УСЗК
C26: 13.00-14.30 | D26: Пр. Теория и методика физической культуры Мачканова Е.В. 306 гл.к. | F26: Пр. Методика преподавания предмета "физическая культура" в образовательных организациях Гасанова-Матвеева З.А. 309 гл.к. | G26: Пр. Элективные дисциплины по ФКиС: Фехтование Моисеев А.Б., Полишките К. 231СК, 246СК | H26: Пр. Методика преподавания предмета "физическая культура" в образовательных организациях Трунева Т.В. 308 гл.к.
C27: 14.50-16.20 | D27: Пр. Теория и методика гандбола, бейсбола, регби Прил.1 | F27: Пр. Теория и методика физической культуры Мачканова Е.В. 308 гл.к. | G27: Пр. Методика преподавания предмета "физическая культура" в образовательных организациях Трунева Т.В. 306 гл.к. | H27: Пр. Элективные дисциплины по ФКиС: Фехтование Моисеев А.Б., Полишките К. 231СК, 246СК
C28: 16.40-18.10
A29: Пятница | B29: =B24+1 -> 46332 | C29: 8.50-10.20 | D29: Пр. Самооборона (самбо) Махмудов М.М., Марянян С.А. 14СК | E29: Пр. Элективные дисциплины по ФКиС: Фехтование Моисеев А.Б., Полишките К. 231СК, 246СК | F29: Пр. Плавание Шакина Е.Е. бассейн УСЗК | G29: Пр. Плавание Никитина С.М. , Павлова Т.Н. бассейн УСЗК
C30: 10.40-12.10 | D30: Пр. Физиология человека Белицкая Л.А. 234мбк, Колесник О.В. 238мбк | E30: Пр. Методика преподавания предмета "физическая культура" в образовательных организациях Гасанова-Матвеева З.А. 309 гл.к. | F30: Пр. Плавание Шакина Е.Е. бассейн УСЗК | G30: Пр. Плавание Никитина С.М. , Павлова Т.Н. бассейн УСЗК
C31: 13.00-14.30 | D31: Пр. Элективные дисциплины по ФКиС: Фехтование Моисеев А.Б., Полишките К. 231СК, 246СК | E31: Пр. Теория и методика волейбола, компьютерного спорта, гонок дронов Прил.1 | F31: Пр. Физиология человека Колесник О.В. 254мбк | G31: Пр. Физиология человека Белицкая Л.А. 237мбк, Андреева А.М. 238мбк | H31: Пр. Самооборона (самбо) Попов Д.В., Иванченко М.М. 27СК
C32: 14.50-16.20 | D32: Пр. Методика преподавания предмета "физическая культура" в образовательных организациях Гасанова-Матвеева З.А. 306 гл.к. | E32: Пр. Теория и методика волейбола, компьютерного спорта, гонок дронов Прил.1 | F32: Пр. Элективные дисциплины по ФКиС: Фехтование Полишките К. 231СК, 246СК | G32: Пр. Самооборона (самбо) Попов Д.В., Иванченко М.М. 27СК | H32: Пр. Физиология человека Ширяева Т.П. 254мбк, Андреева А.М. 234мбк
C33: 16.40-18.10
A34: Суббота | B34: =B29+1 -> 46333 | C34: 8.50-10.20
C35: 10.40-12.10
C36: 13.00-14.30
C37: 14.50-16.20
C38: 16.40-18.10
D39: * Профили (направленность) указанны на титульном листе
C40: ='01.09'!C39 -> *Л. Физиология человека* | D40: ='26.10'!D40+COUNTIF(D$8:D$38,$C40) -> 11 | E40: ='26.10'!E40+COUNTIF(E$8:E$38,$C40) -> 11 | F40: ='26.10'!F40+COUNTIF(F$8:F$38,$C40) -> 11 | G40: ='26.10'!G40+COUNTIF(G$8:G$38,$C40) -> 11 | H40: ='26.10'!H40+COUNTIF(H$8:H$38,$C40) -> 11
C41: ='01.09'!C40 -> *Пр. Физиология человека* | D41: ='26.10'!D41+COUNTIF(D$8:D$38,$C41) -> 17 | E41: ='26.10'!E41+COUNTIF(E$8:E$38,$C41) -> 18 | F41: ='26.10'!F41+COUNTIF(F$8:F$38,$C41) -> 17 | G41: ='26.10'!G41+COUNTIF(G$8:G$38,$C41) -> 18 | H41: ='26.10'!H41+COUNTIF(H$8:H$38,$C41) -> 18
C42: ='01.09'!C41 -> *Л. Элективные дисциплины по ФКиС: Фехтование* | D42: ='26.10'!D42+COUNTIF(D$8:D$38,$C42) -> 1 | E42: ='26.10'!E42+COUNTIF(E$8:E$38,$C42) -> 1 | F42: ='26.10'!F42+COUNTIF(F$8:F$38,$C42) -> 1 | G42: ='26.10'!G42+COUNTIF(G$8:G$38,$C42) -> 1 | H42: ='26.10'!H42+COUNTIF(H$8:H$38,$C42) -> 1
C43: ='01.09'!C42 -> *Пр. Элективные дисциплины по ФКиС: Фехтование* | D43: ='26.10'!D43+COUNTIF(D$8:D$38,$C43) -> 5 | E43: ='26.10'!E43+COUNTIF(E$8:E$38,$C43) -> 5 | F43: ='26.10'!F43+COUNTIF(F$8:F$38,$C43) -> 5 | G43: ='26.10'!G43+COUNTIF(G$8:G$38,$C43) -> 5 | H43: ='26.10'!H43+COUNTIF(H$8:H$38,$C43) -> 5
C44: ='01.09'!C43 -> *Л. Педагогика физической культуры и спорта* | D44: ='26.10'!D44+COUNTIF(D$8:D$38,$C44) -> 5 | E44: ='26.10'!E44+COUNTIF(E$8:E$38,$C44) -> 5 | F44: ='26.10'!F44+COUNTIF(F$8:F$38,$C44) -> 5 | G44: ='26.10'!G44+COUNTIF(G$8:G$38,$C44) -> 5 | H44: ='26.10'!H44+COUNTIF(H$8:H$38,$C44) -> 5
C45: ='01.09'!C44 -> *Пр. Педагогика физической культуры и спорта* | D45: ='26.10'!D45+COUNTIF(D$8:D$38,$C45) -> 5 | E45: ='26.10'!E45+COUNTIF(E$8:E$38,$C45) -> 4 | F45: ='26.10'!F45+COUNTIF(F$8:F$38,$C45) -> 4 | G45: ='26.10'!G45+COUNTIF(G$8:G$38,$C45) -> 4 | H45: ='26.10'!H45+COUNTIF(H$8:H$38,$C45) -> 3
C46: ='01.09'!C45 -> *Л. Теория и методика* | D46: ='26.10'!D46+COUNTIF(D$8:D$38,$C46) -> 4 | E46: ='26.10'!E46+COUNTIF(E$8:E$38,$C46) -> 4 | F46: ='26.10'!F46+COUNTIF(F$8:F$38,$C46) -> 4 | G46: ='26.10'!G46+COUNTIF(G$8:G$38,$C46) -> 4 | H46: ='26.10'!H46+COUNTIF(H$8:H$38,$C46) -> 4
C47: ='01.09'!C46 -> *Пр. Теория и методика* | D47: ='26.10'!D47+COUNTIF(D$8:D$38,$C47) -> 24 | E47: ='26.10'!E47+COUNTIF(E$8:E$38,$C47) -> 24 | F47: ='26.10'!F47+COUNTIF(F$8:F$38,$C47) -> 24 | G47: ='26.10'!G47+COUNTIF(G$8:G$38,$C47) -> 24 | H47: ='26.10'!H47+COUNTIF(H$8:H$38,$C47) -> 22
C48: ='01.09'!C47 -> *Л. Теория и методика физической культуры* | D48: ='26.10'!D48+COUNTIF(D$8:D$38,$C48) -> 9 | E48: ='26.10'!E48+COUNTIF(E$8:E$38,$C48) -> 9 | F48: ='26.10'!F48+COUNTIF(F$8:F$38,$C48) -> 9 | G48: ='26.10'!G48+COUNTIF(G$8:G$38,$C48) -> 9 | H48: ='26.10'!H48+COUNTIF(H$8:H$38,$C48) -> 9
C49: ='01.09'!C48 -> *Пр. Теория и методика физической культуры* | D49: ='26.10'!D49+COUNTIF(D$8:D$38,$C49) -> 5 | E49: ='26.10'!E49+COUNTIF(E$8:E$38,$C49) -> 5 | F49: ='26.10'!F49+COUNTIF(F$8:F$38,$C49) -> 5 | G49: ='26.10'!G49+COUNTIF(G$8:G$38,$C49) -> 4 | H49: ='26.10'!H49+COUNTIF(H$8:H$38,$C49) -> 4
C50: ='01.09'!C49 -> *Л. Плавание* | D50: ='26.10'!D50+COUNTIF(D$8:D$38,$C50) -> 2 | E50: ='26.10'!E50+COUNTIF(E$8:E$38,$C50) -> 2 | F50: ='26.10'!F50+COUNTIF(F$8:F$38,$C50) -> 2 | G50: ='26.10'!G50+COUNTIF(G$8:G$38,$C50) -> 2 | H50: ='26.10'!H50+COUNTIF(H$8:H$38,$C50) -> 2
C51: ='01.09'!C50 -> *Пр. Плавание* | D51: ='26.10'!D51+COUNTIF(D$8:D$38,$C51) -> 16 | E51: ='26.10'!E51+COUNTIF(E$8:E$38,$C51) -> 16 | F51: ='26.10'!F51+COUNTIF(F$8:F$38,$C51) -> 18 | G51: ='26.10'!G51+COUNTIF(G$8:G$38,$C51) -> 18 | H51: ='26.10'!H51+COUNTIF(H$8:H$38,$C51) -> 18
... C66: ='01.09'!C65 -> 0 | D66: ='26.10'!D66+COUNTIF(D$8:D$38,$C66) -> 0 | E66: ='26.10'!E66+COUNTIF(E$8:E$38,$C66) -> 0 | F66: ='26.10'!F66+COUNTIF(F$8:F$38,$C66) -> 0 | G66: ='26.10'!G66+COUNTIF(G$8:G$38,$C66) -> 0 | H66: ='26.10'!H66+COUNTIF(H$8:H$38,$C66) -> 0

Sheet 09.11
B1: Расписание учебных занятий на первое полугодие 2026-2027 учебного года
B2: ТРЕНЕРСКИЙ ФАКУЛЬТЕТ, направление подготовки (образовательная программа)
B3: 49.03.04 Спорт *
B4: Курс 2, семестр 3, очная форма обучения
A5: группы С1-01А-25, С1-01Б-25, С1-02А-25, С1-02Б-25, С1-03-25, С1-04А-25, С1-04Б-25, С1-05А-25, С1-05Б-25
A6: День недели | B6: Дата | C6: Время | D6: 1 группа | E6: 2 группа | F6: 3 группа | G6: 4 группа | H6: 5 группа
D7: Баскетбол, гандбол, бейсбол, регби | E7: Волейбол, гонки дронов, компьютерный спорт | F7: Теннис, настольный теннис, бадминтон, бильярд | G7: Футбол | H7: Хоккей
A8: Понедельник | B8: 46335 | C8: 8.50-10.20 | D8: Пр. Теория и методика гандбола, бейсбола, регби Прил.1 | E8: Пр. Теория и методика волейбола, гонок дронов Прил.1; Пр. Методика реализации программ дополнительного образования в области ФКиС: компьютерный спорт Прил.1 | F8: Пр. Теория и методика тенниса, настольного тенниса, бадминтона, бильярда Прил.1 | G8: Пр. Физиология человека Белицкая Л.А. 240мбк, Андреева А.М. 238мбк | H8: Пр. Подвижные игры в спорте и образовании Дробышевская Н.В., Салахудинова Е.С. Модуль Б
C9: 10.40-12.10 | D9: Пр. Теория и методика гандбола, бейсбола, регби Прил.1 | E9: Пр. Теория и методика компьютерного спорта Прил.1; Пр. Методика реализации программ дополнительного образования в области ФКиС: волейбол, гонки дронов Прил.1 | F9: Пр. Теория и методика тенниса, настольного тенниса, бадминтона, бильярда Прил.1 | G9: Пр. Подвижные игры в спорте и образовании Дробышевская Н.В., Кузьмичева Е.В. Модуль Б | H9: Пр. Физиология человека Ширяева Т.П. 254мбк, Андреева А.М. 234мбк
C10: 13.00-14.30 | D10: Пр. Теория и методика баскетбола Прил.1 | E10: Пр. Теория и методика физической культуры Мачканова Е.В. 306 гл.к.
C11: 14.50-16.20 | D11: Пр. Теория и методика баскетбола Прил.1
C12: 16.40-18.10
A13: Вторник | B13: =B8+1 -> 46336 | C13: 8.50-10.20 | D13: Л. Теория и методика физической культуры Мачканова Е.В. 212 ауд.к. | E13: Л. Теория и методика физической культуры Мачканова Е.В. 212 ауд.к. | F13: Л. Теория и методика физической культуры Мачканова Е.В. 212 ауд.к. | G13: Л. Теория и методика физической культуры Мачканова Е.В. 212 ауд.к. | H13: Л. Теория и методика физической культуры Мачканова Е.В. 212 ауд.к.
C14: 10.40-12.10 | D14: Л. Физиология человека Ширяева Т.П. 212 ауд.к. | E14: Л. Физиология человека Ширяева Т.П. 212 ауд.к. | F14: Л. Физиология человека Ширяева Т.П. 212 ауд.к. | G14: Л. Физиология человека Ширяева Т.П. 212 ауд.к. | H14: Л. Физиология человека Ширяева Т.П. 212 ауд.к.
C15: 13.00-14.30 | D15: Пр. Подвижные игры в спорте и образовании Дробышевская Н.В., Салахудинова Е.С. Модуль Б | E15: Пр. Физиология человека Белицкая Л.А. 234мбк, Ширяева Т.П. 254мбк | G15: Пр. Теория и методика футбола Прил.1 | H15: Пр. Теория и методика хоккея Прил.1
C16: 14.50-16.20 | D16: Пр. Педагогика физической культуры и спорта Цакаев С.Ш. 439мбк | E16: Пр. Подвижные игры в спорте и образовании Дробышевская Н.В., Салахудинова Е.С. Модуль Б | G16: Пр. Теория и методика футбола Прил.1 | H16: Пр. Методика реализации программ дополнительного образования в области ФКиС Прил.1
C17: 16.40-18.10
C18: 18.30-20.00
A19: Среда | B19: =B13+1 -> 46337 | C19: 8.50-10.20 | D19: Пр. Плавание Шакина Е.Е., Чистова Н.А. бассейн УСЗК | E19: Пр. Плавание Колесов А.Д., Павлова Т.Н. бассейн УСЗК | F19: Пр. Подвижные игры в спорте и образовании Дробышевская Н.В. Модуль Б | G19: Пр. Теория и методика физической культуры Мачканова Е.В. 406ауд.к. | H19: Пр. Педагогика физической культуры и спорта Цакаев С.Ш. 419мбк
C20: 10.40-12.10 | D20: Пр. Плавание Шакина Е.Е., Чистова Н.А. бассейн УСЗК | E20: Пр. Плавание Колесов А.Д., Павлова Т.Н.. бассейн УСЗК | F20: Пр. Физиология человека Колесник О.В. 254мбк | G20: Пр. Педагогика физической культуры и спорта Цакаев С.Ш. 417мбк, Германов Г.Н. 445мбк | H20: Пр. Теория и методика физической культуры Мачканова Е.В. 406ауд.к.
C21: 13.00-14.30 | D21: Пр. Физиология человека Белицкая Л.А. 234мбк, Колесник О.В. 254мбк | E21: Пр. Педагогика физической культуры и спорта Цакаев С.Ш. 516мбк | F21: Пр. Самооборона (самбо) Марянян С.А. 14СК | H21: Пр. Теория и методика хоккея Прил.1
C22: 14.50-16.20 | F22: Пр. Педагогика физической культуры и спорта Цакаев С.Ш. 419мбк | H22: Пр. Теория и методика хоккея Прил.1
C23: 16.40-18.10
A24: Четверг | B24: =B19+1 -> 46338 | C24: 8.50-10.20 | D24: Пр. Теория и методика баскетбола Прил.1 | E24: Пр. Физиология человека Белицкая Л.А. 234мбк, Ширяева Т.П. 254мбк | F24: Пр. Методика реализации программ дополнительного образования в области ФКиС Прил.1 | G24: Пр. Методика реализации программ дополнительного образования в области ФКиС Прил.1 | H24: Пр. Плавание Никитина С.М., Шакина Е.Е. бассейн УСЗК
C25: 10.40-12.10 | D25: Пр. Методика реализации программ дополнительного образования в области ФКиС Прил.1 | E25: Пр. Самооборона (самбо) Махмудов М.М., Иванченко М.М. 14СК | F25: Пр. Теория и методика тенниса, настольного тенниса, бадминтона, бильярда Прил.1 | G25: Пр. Теория и методика футбола Прил.1 | H25: Пр. Плавание Никитина С.М., Шакина Е.Е. бассейн УСЗК
C26: 13.00-14.30 | D26: Пр. Теория и методика физической культуры Мачканова Е.В. 306 гл.к. | F26: Пр. Методика преподавания предмета "физическая культура" в образовательных организациях Гасанова-Матвеева З.А. 309 гл.к. | G26: Пр. Элективные дисциплины по ФКиС: Фехтование Моисеев А.Б., Полишките К. 231СК, 246СК | H26: Пр. Методика преподавания предмета "физическая культура" в образовательных организациях Трунева Т.В. 308 гл.к.
C27: 14.50-16.20 | D27: Пр. Теория и методика гандбола, бейсбола, регби Прил.1 | F27: Пр. Теория и методика физической культуры Мачканова Е.В. 308 гл.к. | G27: Пр. Методика преподавания предмета "физическая культура" в образовательных организациях Трунева Т.В. 306 гл.к. | H27: Пр. Элективные дисциплины по ФКиС: Фехтование Моисеев А.Б., Полишките К. 231СК, 246СК
C28: 16.40-18.10
A29: Пятница | B29: =B24+1 -> 46339 | C29: 8.50-10.20 | D29: Пр. Самооборона (самбо) Махмудов М.М., Марянян С.А. 14СК | E29: Пр. Элективные дисциплины по ФКиС: Фехтование Моисеев А.Б., Полишките К. 231СК, 246СК | F29: Пр. Плавание Шакина Е.Е. бассейн УСЗК | G29: Пр. Плавание Никитина С.М. , Павлова Т.Н. бассейн УСЗК
C30: 10.40-12.10 | D30: Пр. Физиология человека Белицкая Л.А. 234мбк, Колесник О.В. 238мбк | E30: Пр. Методика преподавания предмета "физическая культура" в образовательных организациях Гасанова-Матвеева З.А. 309 гл.к. | F30: Пр. Плавание Шакина Е.Е. бассейн УСЗК | G30: Пр. Плавание Никитина С.М. , Павлова Т.Н. бассейн УСЗК
C31: 13.00-14.30 | D31: Пр. Элективные дисциплины по ФКиС: Фехтование Моисеев А.Б., Полишките К. 231СК, 246СК | E31: Пр. Теория и методика волейбола, компьютерного спорта, гонок дронов Прил.1 | F31: Пр. Физиология человека Колесник О.В. 254мбк | G31: Пр. Физиология человека Белицкая Л.А. 237мбк, Андреева А.М. 238мбк | H31: Пр. Самооборона (самбо) Попов Д.В., Иванченко М.М. 27СК
C32: 14.50-16.20 | D32: Пр. Методика преподавания предмета "физическая культура" в образовательных организациях Гасанова-Матвеева З.А. 306 гл.к. | E32: Пр. Теория и методика волейбола, компьютерного спорта, гонок дронов Прил.1 | F32: Пр. Элективные дисциплины по ФКиС: Фехтование Полишките К. 231СК, 246СК | G32: Пр. Самооборона (самбо) Попов Д.В., Иванченко М.М. 27СК | H32: Пр. Физиология человека Ширяева Т.П. 254мбк, Андреева А.М. 234мбк
C33: 16.40-18.10
A34: Суббота | B34: =B29+1 -> 46340 | C34: 8.50-10.20
C35: 10.40-12.10
C36: 13.00-14.30
C37: 14.50-16.20
C38: 16.40-18.10
D39: * Профили (направленность) указанны на титульном листе
C40: ='01.09'!C39 -> *Л. Физиология человека* | D40: ='02.11'!D40+COUNTIF(D$8:D$38,$C40) -> 12 | E40: ='02.11'!E40+COUNTIF(E$8:E$38,$C40) -> 12 | F40: ='02.11'!F40+COUNTIF(F$8:F$38,$C40) -> 12 | G40: ='02.11'!G40+COUNTIF(G$8:G$38,$C40) -> 12 | H40: ='02.11'!H40+COUNTIF(H$8:H$38,$C40) -> 12
C41: ='01.09'!C40 -> *Пр. Физиология человека* | D41: ='02.11'!D41+COUNTIF(D$8:D$38,$C41) -> 19 | E41: ='02.11'!E41+COUNTIF(E$8:E$38,$C41) -> 20 | F41: ='02.11'!F41+COUNTIF(F$8:F$38,$C41) -> 19 | G41: ='02.11'!G41+COUNTIF(G$8:G$38,$C41) -> 20 | H41: ='02.11'!H41+COUNTIF(H$8:H$38,$C41) -> 20
C42: ='01.09'!C41 -> *Л. Элективные дисциплины по ФКиС: Фехтование* | D42: ='02.11'!D42+COUNTIF(D$8:D$38,$C42) -> 1 | E42: ='02.11'!E42+COUNTIF(E$8:E$38,$C42) -> 1 | F42: ='02.11'!F42+COUNTIF(F$8:F$38,$C42) -> 1 | G42: ='02.11'!G42+COUNTIF(G$8:G$38,$C42) -> 1 | H42: ='02.11'!H42+COUNTIF(H$8:H$38,$C42) -> 1
C43: ='01.09'!C42 -> *Пр. Элективные дисциплины по ФКиС: Фехтование* | D43: ='02.11'!D43+COUNTIF(D$8:D$38,$C43) -> 6 | E43: ='02.11'!E43+COUNTIF(E$8:E$38,$C43) -> 6 | F43: ='02.11'!F43+COUNTIF(F$8:F$38,$C43) -> 6 | G43: ='02.11'!G43+COUNTIF(G$8:G$38,$C43) -> 6 | H43: ='02.11'!H43+COUNTIF(H$8:H$38,$C43) -> 6
C44: ='01.09'!C43 -> *Л. Педагогика физической культуры и спорта* | D44: ='02.11'!D44+COUNTIF(D$8:D$38,$C44) -> 5 | E44: ='02.11'!E44+COUNTIF(E$8:E$38,$C44) -> 5 | F44: ='02.11'!F44+COUNTIF(F$8:F$38,$C44) -> 5 | G44: ='02.11'!G44+COUNTIF(G$8:G$38,$C44) -> 5 | H44: ='02.11'!H44+COUNTIF(H$8:H$38,$C44) -> 5
C45: ='01.09'!C44 -> *Пр. Педагогика физической культуры и спорта* | D45: ='02.11'!D45+COUNTIF(D$8:D$38,$C45) -> 6 | E45: ='02.11'!E45+COUNTIF(E$8:E$38,$C45) -> 5 | F45: ='02.11'!F45+COUNTIF(F$8:F$38,$C45) -> 5 | G45: ='02.11'!G45+COUNTIF(G$8:G$38,$C45) -> 5 | H45: ='02.11'!H45+COUNTIF(H$8:H$38,$C45) -> 4
C46: ='01.09'!C45 -> *Л. Теория и методика* | D46: ='02.11'!D46+COUNTIF(D$8:D$38,$C46) -> 4 | E46: ='02.11'!E46+COUNTIF(E$8:E$38,$C46) -> 4 | F46: ='02.11'!F46+COUNTIF(F$8:F$38,$C46) -> 4 | G46: ='02.11'!G46+COUNTIF(G$8:G$38,$C46) -> 4 | H46: ='02.11'!H46+COUNTIF(H$8:H$38,$C46) -> 4
C47: ='01.09'!C46 -> *Пр. Теория и методика* | D47: ='02.11'!D47+COUNTIF(D$8:D$38,$C47) -> 27 | E47: ='02.11'!E47+COUNTIF(E$8:E$38,$C47) -> 27 | F47: ='02.11'!F47+COUNTIF(F$8:F$38,$C47) -> 27 | G47: ='02.11'!G47+COUNTIF(G$8:G$38,$C47) -> 27 | H47: ='02.11'!H47+COUNTIF(H$8:H$38,$C47) -> 25
C48: ='01.09'!C47 -> *Л. Теория и методика физической культуры* | D48: ='02.11'!D48+COUNTIF(D$8:D$38,$C48) -> 10 | E48: ='02.11'!E48+COUNTIF(E$8:E$38,$C48) -> 10 | F48: ='02.11'!F48+COUNTIF(F$8:F$38,$C48) -> 10 | G48: ='02.11'!G48+COUNTIF(G$8:G$38,$C48) -> 10 | H48: ='02.11'!H48+COUNTIF(H$8:H$38,$C48) -> 10
C49: ='01.09'!C48 -> *Пр. Теория и методика физической культуры* | D49: ='02.11'!D49+COUNTIF(D$8:D$38,$C49) -> 6 | E49: ='02.11'!E49+COUNTIF(E$8:E$38,$C49) -> 6 | F49: ='02.11'!F49+COUNTIF(F$8:F$38,$C49) -> 6 | G49: ='02.11'!G49+COUNTIF(G$8:G$38,$C49) -> 5 | H49: ='02.11'!H49+COUNTIF(H$8:H$38,$C49) -> 5
C50: ='01.09'!C49 -> *Л. Плавание* | D50: ='02.11'!D50+COUNTIF(D$8:D$38,$C50) -> 2 | E50: ='02.11'!E50+COUNTIF(E$8:E$38,$C50) -> 2 | F50: ='02.11'!F50+COUNTIF(F$8:F$38,$C50) -> 2 | G50: ='02.11'!G50+COUNTIF(G$8:G$38,$C50) -> 2 | H50: ='02.11'!H50+COUNTIF(H$8:H$38,$C50) -> 2
C51: ='01.09'!C50 -> *Пр. Плавание* | D51: ='02.11'!D51+COUNTIF(D$8:D$38,$C51) -> 18 | E51: ='02.11'!E51+COUNTIF(E$8:E$38,$C51) -> 18 | F51: ='02.11'!F51+COUNTIF(F$8:F$38,$C51) -> 20 | G51: ='02.11'!G51+COUNTIF(G$8:G$38,$C51) -> 20 | H51: ='02.11'!H51+COUNTIF(H$8:H$38,$C51) -> 20
... C66: ='01.09'!C65 -> 0 | D66: ='02.11'!D66+COUNTIF(D$8:D$38,$C66) -> 0 | E66: ='02.11'!E66+COUNTIF(E$8:E$38,$C66) -> 0 | F66: ='02.11'!F66+COUNTIF(F$8:F$38,$C66) -> 0 | G66: ='02.11'!G66+COUNTIF(G$8:G$38,$C66) -> 0 | H66: ='02.11'!H66+COUNTIF(H$8:H$38,$C66) -> 0

Sheet 16.11
B1: Расписание учебных занятий на первое полугодие 2026-2027 учебного года
B2: ТРЕНЕРСКИЙ ФАКУЛЬТЕТ, направление подготовки (образовательная программа)
B3: 49.03.04 Спорт *
B4: Курс 2, семестр 3, очная форма обучения
A5: группы С1-01А-25, С1-01Б-25, С1-02А-25, С1-02Б-25, С1-03-25, С1-04А-25, С1-04Б-25, С1-05А-25, С1-05Б-25
A6: День недели | B6: Дата | C6: Время | D6: 1 группа | E6: 2 группа | F6: 3 группа | G6: 4 группа | H6: 5 группа
D7: Баскетбол, гандбол, бейсбол, регби | E7: Волейбол, гонки дронов, компьютерный спорт | F7: Теннис, настольный теннис, бадминтон, бильярд | G7: Футбол | H7: Хоккей
A8: Понедельник | B8: 46342 | C8: 8.50-10.20
C9: 10.40-12.10
C10: 13.00-14.30
C11: 14.50-16.20
C12: 16.40-18.10
A13: Вторник | B13: =B8+1 -> 46343 | C13: 8.50-10.20
C14: 10.40-12.10
C15: 13.00-14.30
C16: 14.50-16.20
C17: 16.40-18.10
C18: 18.30-20.00
A19: Среда | B19: =B13+1 -> 46344 | C19: 8.50-10.20
C20: 10.40-12.10
C21: 13.00-14.30
C22: 14.50-16.20
C23: 16.40-18.10
A24: Четверг | B24: =B19+1 -> 46345 | C24: 8.50-10.20
C25: 10.40-12.10
C26: 13.00-14.30
C27: 14.50-16.20
C28: 16.40-18.10
A29: Пятница | B29: =B24+1 -> 46346 | C29: 8.50-10.20
C30: 10.40-12.10
C31: 13.00-14.30
C32: 14.50-16.20
C33: 16.40-18.10
A34: Суббота | B34: =B29+1 -> 46347 | C34: 8.50-10.20
C35: 10.40-12.10
C36: 13.00-14.30
C37: 14.50-16.20
C38: 16.40-18.10
D39: * Профили (направленность) указанны на титульном листе
C40: ='01.09'!C39 -> *Л. Физиология человека* | D40: ='09.11'!D40+COUNTIF(D$8:D$38,$C40) -> 12 | E40: ='09.11'!E40+COUNTIF(E$8:E$38,$C40) -> 12 | F40: ='09.11'!F40+COUNTIF(F$8:F$38,$C40) -> 12 | G40: ='09.11'!G40+COUNTIF(G$8:G$38,$C40) -> 12 | H40: ='09.11'!H40+COUNTIF(H$8:H$38,$C40) -> 12
C41: ='01.09'!C40 -> *Пр. Физиология человека* | D41: ='09.11'!D41+COUNTIF(D$8:D$38,$C41) -> 19 | E41: ='09.11'!E41+COUNTIF(E$8:E$38,$C41) -> 20 | F41: ='09.11'!F41+COUNTIF(F$8:F$38,$C41) -> 19 | G41: ='09.11'!G41+COUNTIF(G$8:G$38,$C41) -> 20 | H41: ='09.11'!H41+COUNTIF(H$8:H$38,$C41) -> 20
C42: ='01.09'!C41 -> *Л. Элективные дисциплины по ФКиС: Фехтование* | D42: ='09.11'!D42+COUNTIF(D$8:D$38,$C42) -> 1 | E42: ='09.11'!E42+COUNTIF(E$8:E$38,$C42) -> 1 | F42: ='09.11'!F42+COUNTIF(F$8:F$38,$C42) -> 1 | G42: ='09.11'!G42+COUNTIF(G$8:G$38,$C42) -> 1 | H42: ='09.11'!H42+COUNTIF(H$8:H$38,$C42) -> 1
C43: ='01.09'!C42 -> *Пр. Элективные дисциплины по ФКиС: Фехтование* | D43: ='09.11'!D43+COUNTIF(D$8:D$38,$C43) -> 6 | E43: ='09.11'!E43+COUNTIF(E$8:E$38,$C43) -> 6 | F43: ='09.11'!F43+COUNTIF(F$8:F$38,$C43) -> 6 | G43: ='09.11'!G43+COUNTIF(G$8:G$38,$C43) -> 6 | H43: ='09.11'!H43+COUNTIF(H$8:H$38,$C43) -> 6
C44: ='01.09'!C43 -> *Л. Педагогика физической культуры и спорта* | D44: ='09.11'!D44+COUNTIF(D$8:D$38,$C44) -> 5 | E44: ='09.11'!E44+COUNTIF(E$8:E$38,$C44) -> 5 | F44: ='09.11'!F44+COUNTIF(F$8:F$38,$C44) -> 5 | G44: ='09.11'!G44+COUNTIF(G$8:G$38,$C44) -> 5 | H44: ='09.11'!H44+COUNTIF(H$8:H$38,$C44) -> 5
C45: ='01.09'!C44 -> *Пр. Педагогика физической культуры и спорта* | D45: ='09.11'!D45+COUNTIF(D$8:D$38,$C45) -> 6 | E45: ='09.11'!E45+COUNTIF(E$8:E$38,$C45) -> 5 | F45: ='09.11'!F45+COUNTIF(F$8:F$38,$C45) -> 5 | G45: ='09.11'!G45+COUNTIF(G$8:G$38,$C45) -> 5 | H45: ='09.11'!H45+COUNTIF(H$8:H$38,$C45) -> 4
C46: ='01.09'!C45 -> *Л. Теория и методика* | D46: ='09.11'!D46+COUNTIF(D$8:D$38,$C46) -> 4 | E46: ='09.11'!E46+COUNTIF(E$8:E$38,$C46) -> 4 | F46: ='09.11'!F46+COUNTIF(F$8:F$38,$C46) -> 4 | G46: ='09.11'!G46+COUNTIF(G$8:G$38,$C46) -> 4 | H46: ='09.11'!H46+COUNTIF(H$8:H$38,$C46) -> 4
C47: ='01.09'!C46 -> *Пр. Теория и методика* | D47: ='09.11'!D47+COUNTIF(D$8:D$38,$C47) -> 27 | E47: ='09.11'!E47+COUNTIF(E$8:E$38,$C47) -> 27 | F47: ='09.11'!F47+COUNTIF(F$8:F$38,$C47) -> 27 | G47: ='09.11'!G47+COUNTIF(G$8:G$38,$C47) -> 27 | H47: ='09.11'!H47+COUNTIF(H$8:H$38,$C47) -> 25
C48: ='01.09'!C47 -> *Л. Теория и методика физической культуры* | D48: ='09.11'!D48+COUNTIF(D$8:D$38,$C48) -> 10 | E48: ='09.11'!E48+COUNTIF(E$8:E$38,$C48) -> 10 | F48: ='09.11'!F48+COUNTIF(F$8:F$38,$C48) -> 10 | G48: ='09.11'!G48+COUNTIF(G$8:G$38,$C48) -> 10 | H48: ='09.11'!H48+COUNTIF(H$8:H$38,$C48) -> 10
C49: ='01.09'!C48 -> *Пр. Теория и методика физической культуры* | D49: ='09.11'!D49+COUNTIF(D$8:D$38,$C49) -> 6 | E49: ='09.11'!E49+COUNTIF(E$8:E$38,$C49) -> 6 | F49: ='09.11'!F49+COUNTIF(F$8:F$38,$C49) -> 6 | G49: ='09.11'!G49+COUNTIF(G$8:G$38,$C49) -> 5 | H49: ='09.11'!H49+COUNTIF(H$8:H$38,$C49) -> 5
C50: ='01.09'!C49 -> *Л. Плавание* | D50: ='09.11'!D50+COUNTIF(D$8:D$38,$C50) -> 2 | E50: ='09.11'!E50+COUNTIF(E$8:E$38,$C50) -> 2 | F50: ='09.11'!F50+COUNTIF(F$8:F$38,$C50) -> 2 | G50: ='09.11'!G50+COUNTIF(G$8:G$38,$C50) -> 2 | H50: ='09.11'!H50+COUNTIF(H$8:H$38,$C50) -> 2
C51: ='01.09'!C50 -> *Пр. Плавание* | D51: ='09.11'!D51+COUNTIF(D$8:D$38,$C51) -> 18 | E51: ='09.11'!E51+COUNTIF(E$8:E$38,$C51) -> 18 | F51: ='09.11'!F51+COUNTIF(F$8:F$38,$C51) -> 20 | G51: ='09.11'!G51+COUNTIF(G$8:G$38,$C51) -> 20 | H51: ='09.11'!H51+COUNTIF(H$8:H$38,$C51) -> 20
... C68: ='01.09'!C67 -> 0 | D68: ='09.11'!D68+COUNTIF(D$8:D$38,$C68) -> 0 | E68: ='09.11'!E68+COUNTIF(E$8:E$38,$C68) -> 0 | F68: ='09.11'!F68+COUNTIF(F$8:F$38,$C68) -> 0 | G68: ='09.11'!G68+COUNTIF(G$8:G$38,$C68) -> 0 | H68: ='09.11'!H68+COUNTIF(H$8:H$38,$C68) -> 0

Sheet 23.11
B1: Расписание учебных занятий на первое полугодие 2026-2027 учебного года
B2: ТРЕНЕРСКИЙ ФАКУЛЬТЕТ, направление подготовки (образовательная программа)
B3: 49.03.04 Спорт *
B4: Курс 2, семестр 3, очная форма обучения
A5: группы С1-01А-25, С1-01Б-25, С1-02А-25, С1-02Б-25, С1-03-25, С1-04А-25, С1-04Б-25, С1-05А-25, С1-05Б-25
A6: День недели | B6: Дата | C6: Время | D6: 1 группа | E6: 2 группа | F6: 3 группа | G6: 4 группа | H6: 5 группа
D7: Баскетбол, гандбол, бейсбол, регби | E7: Волейбол, гонки дронов, компьютерный спорт | F7: Теннис, настольный теннис, бадминтон, бильярд | G7: Футбол | H7: Хоккей
A8: Понедельник | B8: 46349 | C8: 8.50-10.20
C9: 10.40-12.10
C10: 13.00-14.30
C11: 14.50-16.20
C12: 16.40-18.10
A13: Вторник | B13: =B8+1 -> 46350 | C13: 8.50-10.20
C14: 10.40-12.10
C15: 13.00-14.30
C16: 14.50-16.20
C17: 16.40-18.10
C18: 18.30-20.00
A19: Среда | B19: =B13+1 -> 46351 | C19: 8.50-10.20
C20: 10.40-12.10
C21: 13.00-14.30
C22: 14.50-16.20
C23: 16.40-18.10
A24: Четверг | B24: =B19+1 -> 46352 | C24: 8.50-10.20
C25: 10.40-12.10
C26: 13.00-14.30
C27: 14.50-16.20
C28: 16.40-18.10
A29: Пятница | B29: =B24+1 -> 46353 | C29: 8.50-10.20
C30: 10.40-12.10
C31: 13.00-14.30
C32: 14.50-16.20
C33: 16.40-18.10
A34: Суббота | B34: =B29+1 -> 46354 | C34: 8.50-10.20
C35: 10.40-12.10
C36: 13.00-14.30
C37: 14.50-16.20
C38: 16.40-18.10
D39: * Профили (направленность) указанны на титульном листе
C40: ='01.09'!C39 -> *Л. Физиология человека* | D40: ='16.11'!D40+COUNTIF(D$8:D$38,$C40) -> 12 | E40: ='16.11'!E40+COUNTIF(E$8:E$38,$C40) -> 12 | F40: ='16.11'!F40+COUNTIF(F$8:F$38,$C40) -> 12 | G40: ='16.11'!G40+COUNTIF(G$8:G$38,$C40) -> 12 | H40: ='16.11'!H40+COUNTIF(H$8:H$38,$C40) -> 12
C41: ='01.09'!C40 -> *Пр. Физиология человека* | D41: ='16.11'!D41+COUNTIF(D$8:D$38,$C41) -> 19 | E41: ='16.11'!E41+COUNTIF(E$8:E$38,$C41) -> 20 | F41: ='16.11'!F41+COUNTIF(F$8:F$38,$C41) -> 19 | G41: ='16.11'!G41+COUNTIF(G$8:G$38,$C41) -> 20 | H41: ='16.11'!H41+COUNTIF(H$8:H$38,$C41) -> 20
C42: ='01.09'!C41 -> *Л. Элективные дисциплины по ФКиС: Фехтование* | D42: ='16.11'!D42+COUNTIF(D$8:D$38,$C42) -> 1 | E42: ='16.11'!E42+COUNTIF(E$8:E$38,$C42) -> 1 | F42: ='16.11'!F42+COUNTIF(F$8:F$38,$C42) -> 1 | G42: ='16.11'!G42+COUNTIF(G$8:G$38,$C42) -> 1 | H42: ='16.11'!H42+COUNTIF(H$8:H$38,$C42) -> 1
C43: ='01.09'!C42 -> *Пр. Элективные дисциплины по ФКиС: Фехтование* | D43: ='16.11'!D43+COUNTIF(D$8:D$38,$C43) -> 6 | E43: ='16.11'!E43+COUNTIF(E$8:E$38,$C43) -> 6 | F43: ='16.11'!F43+COUNTIF(F$8:F$38,$C43) -> 6 | G43: ='16.11'!G43+COUNTIF(G$8:G$38,$C43) -> 6 | H43: ='16.11'!H43+COUNTIF(H$8:H$38,$C43) -> 6
C44: ='01.09'!C43 -> *Л. Педагогика физической культуры и спорта* | D44: ='16.11'!D44+COUNTIF(D$8:D$38,$C44) -> 5 | E44: ='16.11'!E44+COUNTIF(E$8:E$38,$C44) -> 5 | F44: ='16.11'!F44+COUNTIF(F$8:F$38,$C44) -> 5 | G44: ='16.11'!G44+COUNTIF(G$8:G$38,$C44) -> 5 | H44: ='16.11'!H44+COUNTIF(H$8:H$38,$C44) -> 5
C45: ='01.09'!C44 -> *Пр. Педагогика физической культуры и спорта* | D45: ='16.11'!D45+COUNTIF(D$8:D$38,$C45) -> 6 | E45: ='16.11'!E45+COUNTIF(E$8:E$38,$C45) -> 5 | F45: ='16.11'!F45+COUNTIF(F$8:F$38,$C45) -> 5 | G45: ='16.11'!G45+COUNTIF(G$8:G$38,$C45) -> 5 | H45: ='16.11'!H45+COUNTIF(H$8:H$38,$C45) -> 4
C46: ='01.09'!C45 -> *Л. Теория и методика* | D46: ='16.11'!D46+COUNTIF(D$8:D$38,$C46) -> 4 | E46: ='16.11'!E46+COUNTIF(E$8:E$38,$C46) -> 4 | F46: ='16.11'!F46+COUNTIF(F$8:F$38,$C46) -> 4 | G46: ='16.11'!G46+COUNTIF(G$8:G$38,$C46) -> 4 | H46: ='16.11'!H46+COUNTIF(H$8:H$38,$C46) -> 4
C47: ='01.09'!C46 -> *Пр. Теория и методика* | D47: ='16.11'!D47+COUNTIF(D$8:D$38,$C47) -> 27 | E47: ='16.11'!E47+COUNTIF(E$8:E$38,$C47) -> 27 | F47: ='16.11'!F47+COUNTIF(F$8:F$38,$C47) -> 27 | G47: ='16.11'!G47+COUNTIF(G$8:G$38,$C47) -> 27 | H47: ='16.11'!H47+COUNTIF(H$8:H$38,$C47) -> 25
C48: ='01.09'!C47 -> *Л. Теория и методика физической культуры* | D48: ='16.11'!D48+COUNTIF(D$8:D$38,$C48) -> 10 | E48: ='16.11'!E48+COUNTIF(E$8:E$38,$C48) -> 10 | F48: ='16.11'!F48+COUNTIF(F$8:F$38,$C48) -> 10 | G48: ='16.11'!G48+COUNTIF(G$8:G$38,$C48) -> 10 | H48: ='16.11'!H48+COUNTIF(H$8:H$38,$C48) -> 10
C49: ='01.09'!C48 -> *Пр. Теория и методика физической культуры* | D49: ='16.11'!D49+COUNTIF(D$8:D$38,$C49) -> 6 | E49: ='16.11'!E49+COUNTIF(E$8:E$38,$C49) -> 6 | F49: ='16.11'!F49+COUNTIF(F$8:F$38,$C49) -> 6 | G49: ='16.11'!G49+COUNTIF(G$8:G$38,$C49) -> 5 | H49: ='16.11'!H49+COUNTIF(H$8:H$38,$C49) -> 5
C50: ='01.09'!C49 -> *Л. Плавание* | D50: ='16.11'!D50+COUNTIF(D$8:D$38,$C50) -> 2 | E50: ='16.11'!E50+COUNTIF(E$8:E$38,$C50) -> 2 | F50: ='16.11'!F50+COUNTIF(F$8:F$38,$C50) -> 2 | G50: ='16.11'!G50+COUNTIF(G$8:G$38,$C50) -> 2 | H50: ='16.11'!H50+COUNTIF(H$8:H$38,$C50) -> 2
C51: ='01.09'!C50 -> *Пр. Плавание* | D51: ='16.11'!D51+COUNTIF(D$8:D$38,$C51) -> 18 | E51: ='16.11'!E51+COUNTIF(E$8:E$38,$C51) -> 18 | F51: ='16.11'!F51+COUNTIF(F$8:F$38,$C51) -> 20 | G51: ='16.11'!G51+COUNTIF(G$8:G$38,$C51) -> 20 | H51: ='16.11'!H51+COUNTIF(H$8:H$38,$C51) -> 20
... C66: ='01.09'!C65 -> 0 | D66: ='16.11'!D66+COUNTIF(D$8:D$38,$C66) -> 0 | E66: ='16.11'!E66+COUNTIF(E$8:E$38,$C66) -> 0 | F66: ='16.11'!F66+COUNTIF(F$8:F$38,$C66) -> 0 | G66: ='16.11'!G66+COUNTIF(G$8:G$38,$C66) -> 0 | H66: ='16.11'!H66+COUNTIF(H$8:H$38,$C66) -> 0

Sheet 30.11
B1: Расписание учебных занятий на первое полугодие 2026-2027 учебного года
B2: ТРЕНЕРСКИЙ ФАКУЛЬТЕТ, направление подготовки (образовательная программа)
B3: 49.03.04 Спорт *
B4: Курс 2, семестр 3, очная форма обучения
A5: группы С1-01А-25, С1-01Б-25, С1-02А-25, С1-02Б-25, С1-03-25, С1-04А-25, С1-04Б-25, С1-05А-25, С1-05Б-25
A6: День недели | B6: Дата | C6: Время | D6: 1 группа | E6: 2 группа | F6: 3 группа | G6: 4 группа | H6: 5 группа
D7: Баскетбол, гандбол, бейсбол, регби | E7: Волейбол, гонки дронов, компьютерный спорт | F7: Теннис, настольный теннис, бадминтон, бильярд | G7: Футбол | H7: Хоккей
A8: Понедельник | B8: 46356 | C8: 8.50-10.20
C9: 10.40-12.10
C10: 13.00-14.30
C11: 14.50-16.20
C12: 16.40-18.10
A13: Вторник | B13: =B8+1 -> 46357 | C13: 8.50-10.20
C14: 10.40-12.10
C15: 13.00-14.30
C16: 14.50-16.20
C17: 16.40-18.10
C18: 18.30-20.00
A19: Среда | B19: =B13+1 -> 46358 | C19: 8.50-10.20
C20: 10.40-12.10
C21: 13.00-14.30
C22: 14.50-16.20
C23: 16.40-18.10
A24: Четверг | B24: =B19+1 -> 46359 | C24: 8.50-10.20
C25: 10.40-12.10
C26: 13.00-14.30
C27: 14.50-16.20
C28: 16.40-18.10
A29: Пятница | B29: =B24+1 -> 46360 | C29: 8.50-10.20
C30: 10.40-12.10
C31: 13.00-14.30
C32: 14.50-16.20
C33: 16.40-18.10
A34: Суббота | B34: =B29+1 -> 46361 | C34: 8.50-10.20
C35: 10.40-12.10
C36: 13.00-14.30
C37: 14.50-16.20
C38: 16.40-18.10
D39: * Профили (направленность) указанны на титульном листе
C40: ='01.09'!C39 -> *Л. Физиология человека* | D40: ='23.11'!D40+COUNTIF(D$8:D$38,$C40) -> 12 | E40: ='23.11'!E40+COUNTIF(E$8:E$38,$C40) -> 12 | F40: ='23.11'!F40+COUNTIF(F$8:F$38,$C40) -> 12 | G40: ='23.11'!G40+COUNTIF(G$8:G$38,$C40) -> 12 | H40: ='23.11'!H40+COUNTIF(H$8:H$38,$C40) -> 12
C41: ='01.09'!C40 -> *Пр. Физиология человека* | D41: ='23.11'!D41+COUNTIF(D$8:D$38,$C41) -> 19 | E41: ='23.11'!E41+COUNTIF(E$8:E$38,$C41) -> 20 | F41: ='23.11'!F41+COUNTIF(F$8:F$38,$C41) -> 19 | G41: ='23.11'!G41+COUNTIF(G$8:G$38,$C41) -> 20 | H41: ='23.11'!H41+COUNTIF(H$8:H$38,$C41) -> 20
C42: ='01.09'!C41 -> *Л. Элективные дисциплины по ФКиС: Фехтование* | D42: ='23.11'!D42+COUNTIF(D$8:D$38,$C42) -> 1 | E42: ='23.11'!E42+COUNTIF(E$8:E$38,$C42) -> 1 | F42: ='23.11'!F42+COUNTIF(F$8:F$38,$C42) -> 1 | G42: ='23.11'!G42+COUNTIF(G$8:G$38,$C42) -> 1 | H42: ='23.11'!H42+COUNTIF(H$8:H$38,$C42) -> 1
C43: ='01.09'!C42 -> *Пр. Элективные дисциплины по ФКиС: Фехтование* | D43: ='23.11'!D43+COUNTIF(D$8:D$38,$C43) -> 6 | E43: ='23.11'!E43+COUNTIF(E$8:E$38,$C43) -> 6 | F43: ='23.11'!F43+COUNTIF(F$8:F$38,$C43) -> 6 | G43: ='23.11'!G43+COUNTIF(G$8:G$38,$C43) -> 6 | H43: ='23.11'!H43+COUNTIF(H$8:H$38,$C43) -> 6
C44: ='01.09'!C43 -> *Л. Педагогика физической культуры и спорта* | D44: ='23.11'!D44+COUNTIF(D$8:D$38,$C44) -> 5 | E44: ='23.11'!E44+COUNTIF(E$8:E$38,$C44) -> 5 | F44: ='23.11'!F44+COUNTIF(F$8:F$38,$C44) -> 5 | G44: ='23.11'!G44+COUNTIF(G$8:G$38,$C44) -> 5 | H44: ='23.11'!H44+COUNTIF(H$8:H$38,$C44) -> 5
C45: ='01.09'!C44 -> *Пр. Педагогика физической культуры и спорта* | D45: ='23.11'!D45+COUNTIF(D$8:D$38,$C45) -> 6 | E45: ='23.11'!E45+COUNTIF(E$8:E$38,$C45) -> 5 | F45: ='23.11'!F45+COUNTIF(F$8:F$38,$C45) -> 5 | G45: ='23.11'!G45+COUNTIF(G$8:G$38,$C45) -> 5 | H45: ='23.11'!H45+COUNTIF(H$8:H$38,$C45) -> 4
C46: ='01.09'!C45 -> *Л. Теория и методика* | D46: ='23.11'!D46+COUNTIF(D$8:D$38,$C46) -> 4 | E46: ='23.11'!E46+COUNTIF(E$8:E$38,$C46) -> 4 | F46: ='23.11'!F46+COUNTIF(F$8:F$38,$C46) -> 4 | G46: ='23.11'!G46+COUNTIF(G$8:G$38,$C46) -> 4 | H46: ='23.11'!H46+COUNTIF(H$8:H$38,$C46) -> 4
C47: ='01.09'!C46 -> *Пр. Теория и методика* | D47: ='23.11'!D47+COUNTIF(D$8:D$38,$C47) -> 27 | E47: ='23.11'!E47+COUNTIF(E$8:E$38,$C47) -> 27 | F47: ='23.11'!F47+COUNTIF(F$8:F$38,$C47) -> 27 | G47: ='23.11'!G47+COUNTIF(G$8:G$38,$C47) -> 27 | H47: ='23.11'!H47+COUNTIF(H$8:H$38,$C47) -> 25
C48: ='01.09'!C47 -> *Л. Теория и методика физической культуры* | D48: ='23.11'!D48+COUNTIF(D$8:D$38,$C48) -> 10 | E48: ='23.11'!E48+COUNTIF(E$8:E$38,$C48) -> 10 | F48: ='23.11'!F48+COUNTIF(F$8:F$38,$C48) -> 10 | G48: ='23.11'!G48+COUNTIF(G$8:G$38,$C48) -> 10 | H48: ='23.11'!H48+COUNTIF(H$8:H$38,$C48) -> 10
C49: ='01.09'!C48 -> *Пр. Теория и методика физической культуры* | D49: ='23.11'!D49+COUNTIF(D$8:D$38,$C49) -> 6 | E49: ='23.11'!E49+COUNTIF(E$8:E$38,$C49) -> 6 | F49: ='23.11'!F49+COUNTIF(F$8:F$38,$C49) -> 6 | G49: ='23.11'!G49+COUNTIF(G$8:G$38,$C49) -> 5 | H49: ='23.11'!H49+COUNTIF(H$8:H$38,$C49) -> 5
C50: ='01.09'!C49 -> *Л. Плавание* | D50: ='23.11'!D50+COUNTIF(D$8:D$38,$C50) -> 2 | E50: ='23.11'!E50+COUNTIF(E$8:E$38,$C50) -> 2 | F50: ='23.11'!F50+COUNTIF(F$8:F$38,$C50) -> 2 | G50: ='23.11'!G50+COUNTIF(G$8:G$38,$C50) -> 2 | H50: ='23.11'!H50+COUNTIF(H$8:H$38,$C50) -> 2
C51: ='01.09'!C50 -> *Пр. Плавание* | D51: ='23.11'!D51+COUNTIF(D$8:D$38,$C51) -> 18 | E51: ='23.11'!E51+COUNTIF(E$8:E$38,$C51) -> 18 | F51: ='23.11'!F51+COUNTIF(F$8:F$38,$C51) -> 20 | G51: ='23.11'!G51+COUNTIF(G$8:G$38,$C51) -> 20 | H51: ='23.11'!H51+COUNTIF(H$8:H$38,$C51) -> 20
... C69: ='01.09'!C68 -> 0 | D69: ='23.11'!D69+COUNTIF(D$8:D$38,$C69) -> 0 | E69: ='23.11'!E69+COUNTIF(E$8:E$38,$C69) -> 0 | F69: ='23.11'!F69+COUNTIF(F$8:F$38,$C69) -> 0 | G69: ='23.11'!G69+COUNTIF(G$8:G$38,$C69) -> 0 | H69: ='23.11'!H69+COUNTIF(H$8:H$38,$C69) -> 0

Sheet 07.12
B1: Расписание учебных занятий на первое полугодие 2026-2027 учебного года
B2: ТРЕНЕРСКИЙ ФАКУЛЬТЕТ, направление подготовки (образовательная программа)
B3: 49.03.04 Спорт *
B4: Курс 2, семестр 3, очная форма обучения
A5: группы С1-01А-25, С1-01Б-25, С1-02А-25, С1-02Б-25, С1-03-25, С1-04А-25, С1-04Б-25, С1-05А-25, С1-05Б-25
A6: День недели | B6: Дата | C6: Время | D6: 1 группа | E6: 2 группа | F6: 3 группа | G6: 4 группа | H6: 5 группа
D7: Баскетбол, гандбол, бейсбол, регби | E7: Волейбол, гонки дронов, компьютерный спорт | F7: Теннис, настольный теннис, бадминтон, бильярд | G7: Футбол | H7: Хоккей
A8: Понедельник | B8: 46363 | C8: 8.50-10.20
C9: 10.40-12.10
C10: 13.00-14.30
C11: 14.50-16.20
C12: 16.40-18.10
A13: Вторник | B13: =B8+1 -> 46364 | C13: 8.50-10.20
C14: 10.40-12.10
C15: 13.00-14.30
C16: 14.50-16.20
C17: 16.40-18.10
C18: 18.30-20.00
A19: Среда | B19: =B13+1 -> 46365 | C19: 8.50-10.20
C20: 10.40-12.10
C21: 13.00-14.30
C22: 14.50-16.20
C23: 16.40-18.10
A24: Четверг | B24: =B19+1 -> 46366 | C24: 8.50-10.20
C25: 10.40-12.10
C26: 13.00-14.30
C27: 14.50-16.20
C28: 16.40-18.10
A29: Пятница | B29: =B24+1 -> 46367 | C29: 8.50-10.20
C30: 10.40-12.10
C31: 13.00-14.30
C32: 14.50-16.20
C33: 16.40-18.10
A34: Суббота | B34: =B29+1 -> 46368 | C34: 8.50-10.20
C35: 10.40-12.10
C36: 13.00-14.30
C37: 14.50-16.20
C38: 16.40-18.10
D39: * Профили (направленность) указанны на титульном листе
C40: ='01.09'!C39 -> *Л. Физиология человека* | D40: ='30.11'!D40+COUNTIF(D$8:D$38,$C40) -> 12 | E40: ='30.11'!E40+COUNTIF(E$8:E$38,$C40) -> 12 | F40: ='30.11'!F40+COUNTIF(F$8:F$38,$C40) -> 12 | G40: ='30.11'!G40+COUNTIF(G$8:G$38,$C40) -> 12 | H40: ='30.11'!H40+COUNTIF(H$8:H$38,$C40) -> 12
C41: ='01.09'!C40 -> *Пр. Физиология человека* | D41: ='30.11'!D41+COUNTIF(D$8:D$38,$C41) -> 19 | E41: ='30.11'!E41+COUNTIF(E$8:E$38,$C41) -> 20 | F41: ='30.11'!F41+COUNTIF(F$8:F$38,$C41) -> 19 | G41: ='30.11'!G41+COUNTIF(G$8:G$38,$C41) -> 20 | H41: ='30.11'!H41+COUNTIF(H$8:H$38,$C41) -> 20
C42: ='01.09'!C41 -> *Л. Элективные дисциплины по ФКиС: Фехтование* | D42: ='30.11'!D42+COUNTIF(D$8:D$38,$C42) -> 1 | E42: ='30.11'!E42+COUNTIF(E$8:E$38,$C42) -> 1 | F42: ='30.11'!F42+COUNTIF(F$8:F$38,$C42) -> 1 | G42: ='30.11'!G42+COUNTIF(G$8:G$38,$C42) -> 1 | H42: ='30.11'!H42+COUNTIF(H$8:H$38,$C42) -> 1
C43: ='01.09'!C42 -> *Пр. Элективные дисциплины по ФКиС: Фехтование* | D43: ='30.11'!D43+COUNTIF(D$8:D$38,$C43) -> 6 | E43: ='30.11'!E43+COUNTIF(E$8:E$38,$C43) -> 6 | F43: ='30.11'!F43+COUNTIF(F$8:F$38,$C43) -> 6 | G43: ='30.11'!G43+COUNTIF(G$8:G$38,$C43) -> 6 | H43: ='30.11'!H43+COUNTIF(H$8:H$38,$C43) -> 6
C44: ='01.09'!C43 -> *Л. Педагогика физической культуры и спорта* | D44: ='30.11'!D44+COUNTIF(D$8:D$38,$C44) -> 5 | E44: ='30.11'!E44+COUNTIF(E$8:E$38,$C44) -> 5 | F44: ='30.11'!F44+COUNTIF(F$8:F$38,$C44) -> 5 | G44: ='30.11'!G44+COUNTIF(G$8:G$38,$C44) -> 5 | H44: ='30.11'!H44+COUNTIF(H$8:H$38,$C44) -> 5
C45: ='01.09'!C44 -> *Пр. Педагогика физической культуры и спорта* | D45: ='30.11'!D45+COUNTIF(D$8:D$38,$C45) -> 6 | E45: ='30.11'!E45+COUNTIF(E$8:E$38,$C45) -> 5 | F45: ='30.11'!F45+COUNTIF(F$8:F$38,$C45) -> 5 | G45: ='30.11'!G45+COUNTIF(G$8:G$38,$C45) -> 5 | H45: ='30.11'!H45+COUNTIF(H$8:H$38,$C45) -> 4
C46: ='01.09'!C45 -> *Л. Теория и методика* | D46: ='30.11'!D46+COUNTIF(D$8:D$38,$C46) -> 4 | E46: ='30.11'!E46+COUNTIF(E$8:E$38,$C46) -> 4 | F46: ='30.11'!F46+COUNTIF(F$8:F$38,$C46) -> 4 | G46: ='30.11'!G46+COUNTIF(G$8:G$38,$C46) -> 4 | H46: ='30.11'!H46+COUNTIF(H$8:H$38,$C46) -> 4
C47: ='01.09'!C46 -> *Пр. Теория и методика* | D47: ='30.11'!D47+COUNTIF(D$8:D$38,$C47) -> 27 | E47: ='30.11'!E47+COUNTIF(E$8:E$38,$C47) -> 27 | F47: ='30.11'!F47+COUNTIF(F$8:F$38,$C47) -> 27 | G47: ='30.11'!G47+COUNTIF(G$8:G$38,$C47) -> 27 | H47: ='30.11'!H47+COUNTIF(H$8:H$38,$C47) -> 25
C48: ='01.09'!C47 -> *Л. Теория и методика физической культуры* | D48: ='30.11'!D48+COUNTIF(D$8:D$38,$C48) -> 10 | E48: ='30.11'!E48+COUNTIF(E$8:E$38,$C48) -> 10 | F48: ='30.11'!F48+COUNTIF(F$8:F$38,$C48) -> 10 | G48: ='30.11'!G48+COUNTIF(G$8:G$38,$C48) -> 10 | H48: ='30.11'!H48+COUNTIF(H$8:H$38,$C48) -> 10
C49: ='01.09'!C48 -> *Пр. Теория и методика физической культуры* | D49: ='30.11'!D49+COUNTIF(D$8:D$38,$C49) -> 6 | E49: ='30.11'!E49+COUNTIF(E$8:E$38,$C49) -> 6 | F49: ='30.11'!F49+COUNTIF(F$8:F$38,$C49) -> 6 | G49: ='30.11'!G49+COUNTIF(G$8:G$38,$C49) -> 5 | H49: ='30.11'!H49+COUNTIF(H$8:H$38,$C49) -> 5
C50: ='01.09'!C49 -> *Л. Плавание* | D50: ='30.11'!D50+COUNTIF(D$8:D$38,$C50) -> 2 | E50: ='30.11'!E50+COUNTIF(E$8:E$38,$C50) -> 2 | F50: ='30.11'!F50+COUNTIF(F$8:F$38,$C50) -> 2 | G50: ='30.11'!G50+COUNTIF(G$8:G$38,$C50) -> 2 | H50: ='30.11'!H50+COUNTIF(H$8:H$38,$C50) -> 2
C51: ='01.09'!C50 -> *Пр. Плавание* | D51: ='30.11'!D51+COUNTIF(D$8:D$38,$C51) -> 18 | E51: ='30.11'!E51+COUNTIF(E$8:E$38,$C51) -> 18 | F51: ='30.11'!F51+COUNTIF(F$8:F$38,$C51) -> 20 | G51: ='30.11'!G51+COUNTIF(G$8:G$38,$C51) -> 20 | H51: ='30.11'!H51+COUNTIF(H$8:H$38,$C51) -> 20
... C70: ='01.09'!C69 -> 0 | D70: ='30.11'!D70+COUNTIF(D$8:D$38,$C70) -> 0 | E70: ='30.11'!E70+COUNTIF(E$8:E$38,$C70) -> 0 | F70: ='30.11'!F70+COUNTIF(F$8:F$38,$C70) -> 0 | G70: ='30.11'!G70+COUNTIF(G$8:G$38,$C70) -> 0 | H70: ='30.11'!H70+COUNTIF(H$8:H$38,$C70) -> 0

Sheet 14.12
B1: Расписание учебных занятий на первое полугодие 2026-2027 учебного года
B2: ТРЕНЕРСКИЙ ФАКУЛЬТЕТ, направление подготовки (образовательная программа)
B3: 49.03.04 Спорт *
B4: Курс 2, семестр 3, очная форма обучения
A5: группы С1-01А-25, С1-01Б-25, С1-02А-25, С1-02Б-25, С1-03-25, С1-04А-25, С1-04Б-25, С1-05А-25, С1-05Б-25
A6: День недели | B6: Дата | C6: Время | D6: 1 группа | E6: 2 группа | F6: 3 группа | G6: 4 группа | H6: 5 группа
D7: Баскетбол, гандбол, бейсбол, регби | E7: Волейбол, гонки дронов, компьютерный спорт | F7: Теннис, настольный теннис, бадминтон, бильярд | G7: Футбол | H7: Хоккей
A8: Понедельник | B8: 46370 | C8: 8.50-10.20
C9: 10.40-12.10
C10: 13.00-14.30
C11: 14.50-16.20
C12: 16.40-18.10
A13: Вторник | B13: =B8+1 -> 46371 | C13: 8.50-10.20
C14: 10.40-12.10
C15: 13.00-14.30
C16: 14.50-16.20
C17: 16.40-18.10
C18: 18.30-20.00
A19: Среда | B19: =B13+1 -> 46372 | C19: 8.50-10.20
C20: 10.40-12.10
C21: 13.00-14.30
C22: 14.50-16.20
C23: 16.40-18.10
A24: Четверг | B24: =B19+1 -> 46373 | C24: 8.50-10.20
C25: 10.40-12.10
C26: 13.00-14.30
C27: 14.50-16.20
C28: 16.40-18.10
A29: Пятница | B29: =B24+1 -> 46374 | C29: 8.50-10.20
C30: 10.40-12.10
C31: 13.00-14.30
C32: 14.50-16.20
C33: 16.40-18.10
A34: Суббота | B34: =B29+1 -> 46375 | C34: 8.50-10.20
C35: 10.40-12.10
C36: 13.00-14.30
C37: 14.50-16.20
C38: 16.40-18.10
D39: * Профили (направленность) указанны на титульном листе
C40: ='01.09'!C39 -> *Л. Физиология человека* | D40: ='07.12'!D40+COUNTIF(D$8:D$38,$C40) -> 12 | E40: ='07.12'!E40+COUNTIF(E$8:E$38,$C40) -> 12 | F40: ='07.12'!F40+COUNTIF(F$8:F$38,$C40) -> 12 | G40: ='07.12'!G40+COUNTIF(G$8:G$38,$C40) -> 12 | H40: ='07.12'!H40+COUNTIF(H$8:H$38,$C40) -> 12
C41: ='01.09'!C40 -> *Пр. Физиология человека* | D41: ='07.12'!D41+COUNTIF(D$8:D$38,$C41) -> 19 | E41: ='07.12'!E41+COUNTIF(E$8:E$38,$C41) -> 20 | F41: ='07.12'!F41+COUNTIF(F$8:F$38,$C41) -> 19 | G41: ='07.12'!G41+COUNTIF(G$8:G$38,$C41) -> 20 | H41: ='07.12'!H41+COUNTIF(H$8:H$38,$C41) -> 20
C42: ='01.09'!C41 -> *Л. Элективные дисциплины по ФКиС: Фехтование* | D42: ='07.12'!D42+COUNTIF(D$8:D$38,$C42) -> 1 | E42: ='07.12'!E42+COUNTIF(E$8:E$38,$C42) -> 1 | F42: ='07.12'!F42+COUNTIF(F$8:F$38,$C42) -> 1 | G42: ='07.12'!G42+COUNTIF(G$8:G$38,$C42) -> 1 | H42: ='07.12'!H42+COUNTIF(H$8:H$38,$C42) -> 1
C43: ='01.09'!C42 -> *Пр. Элективные дисциплины по ФКиС: Фехтование* | D43: ='07.12'!D43+COUNTIF(D$8:D$38,$C43) -> 6 | E43: ='07.12'!E43+COUNTIF(E$8:E$38,$C43) -> 6 | F43: ='07.12'!F43+COUNTIF(F$8:F$38,$C43) -> 6 | G43: ='07.12'!G43+COUNTIF(G$8:G$38,$C43) -> 6 | H43: ='07.12'!H43+COUNTIF(H$8:H$38,$C43) -> 6
C44: ='01.09'!C43 -> *Л. Педагогика физической культуры и спорта* | D44: ='07.12'!D44+COUNTIF(D$8:D$38,$C44) -> 5 | E44: ='07.12'!E44+COUNTIF(E$8:E$38,$C44) -> 5 | F44: ='07.12'!F44+COUNTIF(F$8:F$38,$C44) -> 5 | G44: ='07.12'!G44+COUNTIF(G$8:G$38,$C44) -> 5 | H44: ='07.12'!H44+COUNTIF(H$8:H$38,$C44) -> 5
C45: ='01.09'!C44 -> *Пр. Педагогика физической культуры и спорта* | D45: ='07.12'!D45+COUNTIF(D$8:D$38,$C45) -> 6 | E45: ='07.12'!E45+COUNTIF(E$8:E$38,$C45) -> 5 | F45: ='07.12'!F45+COUNTIF(F$8:F$38,$C45) -> 5 | G45: ='07.12'!G45+COUNTIF(G$8:G$38,$C45) -> 5 | H45: ='07.12'!H45+COUNTIF(H$8:H$38,$C45) -> 4
C46: ='01.09'!C45 -> *Л. Теория и методика* | D46: ='07.12'!D46+COUNTIF(D$8:D$38,$C46) -> 4 | E46: ='07.12'!E46+COUNTIF(E$8:E$38,$C46) -> 4 | F46: ='07.12'!F46+COUNTIF(F$8:F$38,$C46) -> 4 | G46: ='07.12'!G46+COUNTIF(G$8:G$38,$C46) -> 4 | H46: ='07.12'!H46+COUNTIF(H$8:H$38,$C46) -> 4
C47: ='01.09'!C46 -> *Пр. Теория и методика* | D47: ='07.12'!D47+COUNTIF(D$8:D$38,$C47) -> 27 | E47: ='07.12'!E47+COUNTIF(E$8:E$38,$C47) -> 27 | F47: ='07.12'!F47+COUNTIF(F$8:F$38,$C47) -> 27 | G47: ='07.12'!G47+COUNTIF(G$8:G$38,$C47) -> 27 | H47: ='07.12'!H47+COUNTIF(H$8:H$38,$C47) -> 25
C48: ='01.09'!C47 -> *Л. Теория и методика физической культуры* | D48: ='07.12'!D48+COUNTIF(D$8:D$38,$C48) -> 10 | E48: ='07.12'!E48+COUNTIF(E$8:E$38,$C48) -> 10 | F48: ='07.12'!F48+COUNTIF(F$8:F$38,$C48) -> 10 | G48: ='07.12'!G48+COUNTIF(G$8:G$38,$C48) -> 10 | H48: ='07.12'!H48+COUNTIF(H$8:H$38,$C48) -> 10
C49: ='01.09'!C48 -> *Пр. Теория и методика физической культуры* | D49: ='07.12'!D49+COUNTIF(D$8:D$38,$C49) -> 6 | E49: ='07.12'!E49+COUNTIF(E$8:E$38,$C49) -> 6 | F49: ='07.12'!F49+COUNTIF(F$8:F$38,$C49) -> 6 | G49: ='07.12'!G49+COUNTIF(G$8:G$38,$C49) -> 5 | H49: ='07.12'!H49+COUNTIF(H$8:H$38,$C49) -> 5
C50: ='01.09'!C49 -> *Л. Плавание* | D50: ='07.12'!D50+COUNTIF(D$8:D$38,$C50) -> 2 | E50: ='07.12'!E50+COUNTIF(E$8:E$38,$C50) -> 2 | F50: ='07.12'!F50+COUNTIF(F$8:F$38,$C50) -> 2 | G50: ='07.12'!G50+COUNTIF(G$8:G$38,$C50) -> 2 | H50: ='07.12'!H50+COUNTIF(H$8:H$38,$C50) -> 2
C51: ='01.09'!C50 -> *Пр. Плавание* | D51: ='07.12'!D51+COUNTIF(D$8:D$38,$C51) -> 18 | E51: ='07.12'!E51+COUNTIF(E$8:E$38,$C51) -> 18 | F51: ='07.12'!F51+COUNTIF(F$8:F$38,$C51) -> 20 | G51: ='07.12'!G51+COUNTIF(G$8:G$38,$C51) -> 20 | H51: ='07.12'!H51+COUNTIF(H$8:H$38,$C51) -> 20
... C66: ='01.09'!C65 -> 0 | D66: ='07.12'!D66+COUNTIF(D$8:D$38,$C66) -> 0 | E66: ='07.12'!E66+COUNTIF(E$8:E$38,$C66) -> 0 | F66: ='07.12'!F66+COUNTIF(F$8:F$38,$C66) -> 0 | G66: ='07.12'!G66+COUNTIF(G$8:G$38,$C66) -> 0 | H66: ='07.12'!H66+COUNTIF(H$8:H$38,$C66) -> 0

Sheet 21.12
B1: Расписание учебных занятий на первое полугодие 2026-2027 учебного года
B2: ТРЕНЕРСКИЙ ФАКУЛЬТЕТ, направление подготовки (образовательная программа)
B3: 49.03.04 Спорт *
B4: Курс 2, семестр 3, очная форма обучения
A5: группы С1-01А-25, С1-01Б-25, С1-02А-25, С1-02Б-25, С1-03-25, С1-04А-25, С1-04Б-25, С1-05А-25, С1-05Б-25
A6: День недели | B6: Дата | C6: Время | D6: 1 группа | E6: 2 группа | F6: 3 группа | G6: 4 группа | H6: 5 группа
D7: Баскетбол, гандбол, бейсбол, регби | E7: Волейбол, гонки дронов, компьютерный спорт | F7: Теннис, настольный теннис, бадминтон, бильярд | G7: Футбол | H7: Хоккей
A8: Понедельник | B8: 46377 | C8: 8.50-10.20
C9: 10.40-12.10
C10: 13.00-14.30
C11: 14.50-16.20
C12: 16.40-18.10
A13: Вторник | B13: =B8+1 -> 46378 | C13: 8.50-10.20
C14: 10.40-12.10
C15: 13.00-14.30
C16: 14.50-16.20
C17: 16.40-18.10
C18: 18.30-20.00
A19: Среда | B19: =B13+1 -> 46379 | C19: 8.50-10.20
C20: 10.40-12.10
C21: 13.00-14.30
C22: 14.50-16.20
C23: 16.40-18.10
A24: Четверг | B24: =B19+1 -> 46380 | C24: 8.50-10.20
C25: 10.40-12.10
C26: 13.00-14.30
C27: 14.50-16.20
C28: 16.40-18.10
A29: Пятница | B29: =B24+1 -> 46381 | C29: 8.50-10.20
C30: 10.40-12.10
C31: 13.00-14.30
C32: 14.50-16.20
C33: 16.40-18.10
A34: Суббота | B34: =B29+1 -> 46382 | C34: 8.50-10.20
C35: 10.40-12.10
C36: 13.00-14.30
C37: 14.50-16.20
C38: 16.40-18.10
D39: * Профили (направленность) указанны на титульном листе
C40: ='01.09'!C39 -> *Л. Физиология человека* | D40: ='14.12'!D40+COUNTIF(D$8:D$38,$C40) -> 12 | E40: ='14.12'!E40+COUNTIF(E$8:E$38,$C40) -> 12 | F40: ='14.12'!F40+COUNTIF(F$8:F$38,$C40) -> 12 | G40: ='14.12'!G40+COUNTIF(G$8:G$38,$C40) -> 12 | H40: ='14.12'!H40+COUNTIF(H$8:H$38,$C40) -> 12
C41: ='01.09'!C40 -> *Пр. Физиология человека* | D41: ='14.12'!D41+COUNTIF(D$8:D$38,$C41) -> 19 | E41: ='14.12'!E41+COUNTIF(E$8:E$38,$C41) -> 20 | F41: ='14.12'!F41+COUNTIF(F$8:F$38,$C41) -> 19 | G41: ='14.12'!G41+COUNTIF(G$8:G$38,$C41) -> 20 | H41: ='14.12'!H41+COUNTIF(H$8:H$38,$C41) -> 20
C42: ='01.09'!C41 -> *Л. Элективные дисциплины по ФКиС: Фехтование* | D42: ='14.12'!D42+COUNTIF(D$8:D$38,$C42) -> 1 | E42: ='14.12'!E42+COUNTIF(E$8:E$38,$C42) -> 1 | F42: ='14.12'!F42+COUNTIF(F$8:F$38,$C42) -> 1 | G42: ='14.12'!G42+COUNTIF(G$8:G$38,$C42) -> 1 | H42: ='14.12'!H42+COUNTIF(H$8:H$38,$C42) -> 1
C43: ='01.09'!C42 -> *Пр. Элективные дисциплины по ФКиС: Фехтование* | D43: ='14.12'!D43+COUNTIF(D$8:D$38,$C43) -> 6 | E43: ='14.12'!E43+COUNTIF(E$8:E$38,$C43) -> 6 | F43: ='14.12'!F43+COUNTIF(F$8:F$38,$C43) -> 6 | G43: ='14.12'!G43+COUNTIF(G$8:G$38,$C43) -> 6 | H43: ='14.12'!H43+COUNTIF(H$8:H$38,$C43) -> 6
C44: ='01.09'!C43 -> *Л. Педагогика физической культуры и спорта* | D44: ='14.12'!D44+COUNTIF(D$8:D$38,$C44) -> 5 | E44: ='14.12'!E44+COUNTIF(E$8:E$38,$C44) -> 5 | F44: ='14.12'!F44+COUNTIF(F$8:F$38,$C44) -> 5 | G44: ='14.12'!G44+COUNTIF(G$8:G$38,$C44) -> 5 | H44: ='14.12'!H44+COUNTIF(H$8:H$38,$C44) -> 5
C45: ='01.09'!C44 -> *Пр. Педагогика физической культуры и спорта* | D45: ='14.12'!D45+COUNTIF(D$8:D$38,$C45) -> 6 | E45: ='14.12'!E45+COUNTIF(E$8:E$38,$C45) -> 5 | F45: ='14.12'!F45+COUNTIF(F$8:F$38,$C45) -> 5 | G45: ='14.12'!G45+COUNTIF(G$8:G$38,$C45) -> 5 | H45: ='14.12'!H45+COUNTIF(H$8:H$38,$C45) -> 4
C46: ='01.09'!C45 -> *Л. Теория и методика* | D46: ='14.12'!D46+COUNTIF(D$8:D$38,$C46) -> 4 | E46: ='14.12'!E46+COUNTIF(E$8:E$38,$C46) -> 4 | F46: ='14.12'!F46+COUNTIF(F$8:F$38,$C46) -> 4 | G46: ='14.12'!G46+COUNTIF(G$8:G$38,$C46) -> 4 | H46: ='14.12'!H46+COUNTIF(H$8:H$38,$C46) -> 4
C47: ='01.09'!C46 -> *Пр. Теория и методика* | D47: ='14.12'!D47+COUNTIF(D$8:D$38,$C47) -> 27 | E47: ='14.12'!E47+COUNTIF(E$8:E$38,$C47) -> 27 | F47: ='14.12'!F47+COUNTIF(F$8:F$38,$C47) -> 27 | G47: ='14.12'!G47+COUNTIF(G$8:G$38,$C47) -> 27 | H47: ='14.12'!H47+COUNTIF(H$8:H$38,$C47) -> 25
C48: ='01.09'!C47 -> *Л. Теория и методика физической культуры* | D48: ='14.12'!D48+COUNTIF(D$8:D$38,$C48) -> 10 | E48: ='14.12'!E48+COUNTIF(E$8:E$38,$C48) -> 10 | F48: ='14.12'!F48+COUNTIF(F$8:F$38,$C48) -> 10 | G48: ='14.12'!G48+COUNTIF(G$8:G$38,$C48) -> 10 | H48: ='14.12'!H48+COUNTIF(H$8:H$38,$C48) -> 10
C49: ='01.09'!C48 -> *Пр. Теория и методика физической культуры* | D49: ='14.12'!D49+COUNTIF(D$8:D$38,$C49) -> 6 | E49: ='14.12'!E49+COUNTIF(E$8:E$38,$C49) -> 6 | F49: ='14.12'!F49+COUNTIF(F$8:F$38,$C49) -> 6 | G49: ='14.12'!G49+COUNTIF(G$8:G$38,$C49) -> 5 | H49: ='14.12'!H49+COUNTIF(H$8:H$38,$C49) -> 5
C50: ='01.09'!C49 -> *Л. Плавание* | D50: ='14.12'!D50+COUNTIF(D$8:D$38,$C50) -> 2 | E50: ='14.12'!E50+COUNTIF(E$8:E$38,$C50) -> 2 | F50: ='14.12'!F50+COUNTIF(F$8:F$38,$C50) -> 2 | G50: ='14.12'!G50+COUNTIF(G$8:G$38,$C50) -> 2 | H50: ='14.12'!H50+COUNTIF(H$8:H$38,$C50) -> 2
C51: ='01.09'!C50 -> *Пр. Плавание* | D51: ='14.12'!D51+COUNTIF(D$8:D$38,$C51) -> 18 | E51: ='14.12'!E51+COUNTIF(E$8:E$38,$C51) -> 18 | F51: ='14.12'!F51+COUNTIF(F$8:F$38,$C51) -> 20 | G51: ='14.12'!G51+COUNTIF(G$8:G$38,$C51) -> 20 | H51: ='14.12'!H51+COUNTIF(H$8:H$38,$C51) -> 20
... C66: ='01.09'!C65 -> 0 | D66: ='14.12'!D66+COUNTIF(D$8:D$38,$C66) -> 0 | E66: ='14.12'!E66+COUNTIF(E$8:E$38,$C66) -> 0 | F66: ='14.12'!F66+COUNTIF(F$8:F$38,$C66) -> 0 | G66: ='14.12'!G66+COUNTIF(G$8:G$38,$C66) -> 0 | H66: ='14.12'!H66+COUNTIF(H$8:H$38,$C66) -> 0

Sheet 28.12
B1: Расписание учебных занятий на первое полугодие 2026-2027 учебного года
B2: ТРЕНЕРСКИЙ ФАКУЛЬТЕТ, направление подготовки (образовательная программа)
B3: 49.03.04 Спорт *
B4: Курс 2, семестр 3, очная форма обучения
A5: группы С1-01А-25, С1-01Б-25, С1-02А-25, С1-02Б-25, С1-03-25, С1-04А-25, С1-04Б-25, С1-05А-25, С1-05Б-25
A7: День недели | B7: Дата | C7: Время | D7: 1 группа | E7: 2 группа | F7: 3 группа | G7: 4 группа | H7: 5 группа
D8: Баскетбол, гандбол, бейсбол, регби | E8: Волейбол, гонки дронов, компьютерный спорт | F8: Теннис, настольный теннис, бадминтон, бильярд | G8: Футбол | H8: Хоккей
A9: Понедельник | B9: 46384 | C9: 8.50-10.20
C10: 10.40-12.10
C11: 13.00-14.30
C12: 14.50-16.20
C13: 16.40-18.10
A14: Вторник | B14: =B9+1 -> 46385 | C14: 8.50-10.20
C15: 10.40-12.10
C16: 13.00-14.30
C17: 14.50-16.20
C18: 16.40-18.10
C19: 18.30-20.00
A20: Среда | B20: =B14+1 -> 46386 | C20: 8.50-10.20
C21: 10.40-12.10
C22: 13.00-14.30
C23: 14.50-16.20
C24: 16.40-18.10
A25: Четверг | B25: =B20+1 -> 46387 | C25: 8.50-10.20
C26: 10.40-12.10
C27: 13.00-14.30
C28: 14.50-16.20
C29: 16.40-18.10
A30: Пятница | B30: =B25+1 -> 46388 | C30: 8.50-10.20
C31: 10.40-12.10
C32: 13.00-14.30
C33: 14.50-16.20
C34: 16.40-18.10
A35: Суббота | B35: =B30+1 -> 46389 | C35: 8.50-10.20
C36: 10.40-12.10
C37: 13.00-14.30
C38: 14.50-16.20
C39: 16.40-18.10
D40: * Профили (направленность) указанны на титульном листе
B41: 12 | C41: ='01.09'!C39 -> *Л. Физиология человека* | D41: ='21.12'!D40+COUNTIF(D$9:D$39,$C41) -> 12 | E41: ='21.12'!E40+COUNTIF(E$9:E$39,$C41) -> 12 | F41: ='21.12'!F40+COUNTIF(F$9:F$39,$C41) -> 12 | G41: ='21.12'!G40+COUNTIF(G$9:G$39,$C41) -> 12 | H41: ='21.12'!H40+COUNTIF(H$9:H$39,$C41) -> 12
B42: 28 | C42: ='01.09'!C40 -> *Пр. Физиология человека* | D42: ='21.12'!D41+COUNTIF(D$9:D$39,$C42) -> 19 | E42: ='21.12'!E41+COUNTIF(E$9:E$39,$C42) -> 20 | F42: ='21.12'!F41+COUNTIF(F$9:F$39,$C42) -> 19 | G42: ='21.12'!G41+COUNTIF(G$9:G$39,$C42) -> 20 | H42: ='21.12'!H41+COUNTIF(H$9:H$39,$C42) -> 20
B43: 1 | C43: ='01.09'!C41 -> *Л. Элективные дисциплины по ФКиС: Фехтование* | D43: ='21.12'!D42+COUNTIF(D$9:D$39,$C43) -> 1 | E43: ='21.12'!E42+COUNTIF(E$9:E$39,$C43) -> 1 | F43: ='21.12'!F42+COUNTIF(F$9:F$39,$C43) -> 1 | G43: ='21.12'!G42+COUNTIF(G$9:G$39,$C43) -> 1 | H43: ='21.12'!H42+COUNTIF(H$9:H$39,$C43) -> 1
B44: 9 | C44: ='01.09'!C42 -> *Пр. Элективные дисциплины по ФКиС: Фехтование* | D44: ='21.12'!D43+COUNTIF(D$9:D$39,$C44) -> 6 | E44: ='21.12'!E43+COUNTIF(E$9:E$39,$C44) -> 6 | F44: ='21.12'!F43+COUNTIF(F$9:F$39,$C44) -> 6 | G44: ='21.12'!G43+COUNTIF(G$9:G$39,$C44) -> 6 | H44: ='21.12'!H43+COUNTIF(H$9:H$39,$C44) -> 6
B45: 5 | C45: ='01.09'!C43 -> *Л. Педагогика физической культуры и спорта* | D45: ='21.12'!D44+COUNTIF(D$9:D$39,$C45) -> 5 | E45: ='21.12'!E44+COUNTIF(E$9:E$39,$C45) -> 5 | F45: ='21.12'!F44+COUNTIF(F$9:F$39,$C45) -> 5 | G45: ='21.12'!G44+COUNTIF(G$9:G$39,$C45) -> 5 | H45: ='21.12'!H44+COUNTIF(H$9:H$39,$C45) -> 5
B46: 11 | C46: ='01.09'!C44 -> *Пр. Педагогика физической культуры и спорта* | D46: ='21.12'!D45+COUNTIF(D$9:D$39,$C46) -> 6 | E46: ='21.12'!E45+COUNTIF(E$9:E$39,$C46) -> 5 | F46: ='21.12'!F45+COUNTIF(F$9:F$39,$C46) -> 5 | G46: ='21.12'!G45+COUNTIF(G$9:G$39,$C46) -> 5 | H46: ='21.12'!H45+COUNTIF(H$9:H$39,$C46) -> 4
B47: 5 | C47: ='01.09'!C45 -> *Л. Теория и методика* | D47: ='21.12'!D46+COUNTIF(D$9:D$39,$C47) -> 4 | E47: ='21.12'!E46+COUNTIF(E$9:E$39,$C47) -> 4 | F47: ='21.12'!F46+COUNTIF(F$9:F$39,$C47) -> 4 | G47: ='21.12'!G46+COUNTIF(G$9:G$39,$C47) -> 4 | H47: ='21.12'!H46+COUNTIF(H$9:H$39,$C47) -> 4
B48: 35 | C48: ='01.09'!C46 -> *Пр. Теория и методика* | D48: ='21.12'!D47+COUNTIF(D$9:D$39,$C48) -> 27 | E48: ='21.12'!E47+COUNTIF(E$9:E$39,$C48) -> 27 | F48: ='21.12'!F47+COUNTIF(F$9:F$39,$C48) -> 27 | G48: ='21.12'!G47+COUNTIF(G$9:G$39,$C48) -> 27 | H48: ='21.12'!H47+COUNTIF(H$9:H$39,$C48) -> 25
B49: 10 | C49: ='01.09'!C47 -> *Л. Теория и методика физической культуры* | D49: ='21.12'!D48+COUNTIF(D$9:D$39,$C49) -> 10 | E49: ='21.12'!E48+COUNTIF(E$9:E$39,$C49) -> 10 | F49: ='21.12'!F48+COUNTIF(F$9:F$39,$C49) -> 10 | G49: ='21.12'!G48+COUNTIF(G$9:G$39,$C49) -> 10 | H49: ='21.12'!H48+COUNTIF(H$9:H$39,$C49) -> 10
B50: 9 | C50: ='01.09'!C48 -> *Пр. Теория и методика физической культуры* | D50: ='21.12'!D49+COUNTIF(D$9:D$39,$C50) -> 6 | E50: ='21.12'!E49+COUNTIF(E$9:E$39,$C50) -> 6 | F50: ='21.12'!F49+COUNTIF(F$9:F$39,$C50) -> 6 | G50: ='21.12'!G49+COUNTIF(G$9:G$39,$C50) -> 5 | H50: ='21.12'!H49+COUNTIF(H$9:H$39,$C50) -> 5
B51: 2 | C51: ='01.09'!C49 -> *Л. Плавание* | D51: ='21.12'!D50+COUNTIF(D$9:D$39,$C51) -> 2 | E51: ='21.12'!E50+COUNTIF(E$9:E$39,$C51) -> 2 | F51: ='21.12'!F50+COUNTIF(F$9:F$39,$C51) -> 2 | G51: ='21.12'!G50+COUNTIF(G$9:G$39,$C51) -> 2 | H51: ='21.12'!H50+COUNTIF(H$9:H$39,$C51) -> 2
B52: 30 | C52: ='01.09'!C50 -> *Пр. Плавание* | D52: ='21.12'!D51+COUNTIF(D$9:D$39,$C52) -> 18 | E52: ='21.12'!E51+COUNTIF(E$9:E$39,$C52) -> 18 | F52: ='21.12'!F51+COUNTIF(F$9:F$39,$C52) -> 20 | G52: ='21.12'!G51+COUNTIF(G$9:G$39,$C52) -> 20 | H52: ='21.12'!H51+COUNTIF(H$9:H$39,$C52) -> 20
... B60: 11 | C60: ='01.09'!C58 -> *Пр. Методика преподавания* | D60: ='21.12'!D59+COUNTIF(D$9:D$39,$C60) -> 6 | E60: ='21.12'!E59+COUNTIF(E$9:E$39,$C60) -> 6 | F60: ='21.12'!F59+COUNTIF(F$9:F$39,$C60) -> 6 | G60: ='21.12'!G59+COUNTIF(G$9:G$39,$C60) -> 6 | H60: ='21.12'!H59+COUNTIF(H$9:H$39,$C60) -> 6
C61: ='01.09'!C59 -> 0 | D61: ='21.12'!D60+COUNTIF(D$9:D$39,$C61) -> 0 | E61: ='21.12'!E60+COUNTIF(E$9:E$39,$C61) -> 0 | F61: ='21.12'!F60+COUNTIF(F$9:F$39,$C61) -> 0 | G61: ='21.12'!G60+COUNTIF(G$9:G$39,$C61) -> 0 | H61: ='21.12'!H60+COUNTIF(H$9:H$39,$C61) -> 0
C62: ='01.09'!C60 -> 0 | D62: ='21.12'!D61+COUNTIF(D$9:D$39,$C62) -> 0 | E62: ='21.12'!E61+COUNTIF(E$9:E$39,$C62) -> 0 | F62: ='21.12'!F61+COUNTIF(F$9:F$39,$C62) -> 0 | G62: ='21.12'!G61+COUNTIF(G$9:G$39,$C62) -> 0 | H62: ='21.12'!H61+COUNTIF(H$9:H$39,$C62) -> 0
C63: ='01.09'!C61 -> 0 | D63: ='21.12'!D62+COUNTIF(D$9:D$39,$C63) -> 0 | E63: ='21.12'!E62+COUNTIF(E$9:E$39,$C63) -> 0 | F63: ='21.12'!F62+COUNTIF(F$9:F$39,$C63) -> 0 | G63: ='21.12'!G62+COUNTIF(G$9:G$39,$C63) -> 0 | H63: ='21.12'!H62+COUNTIF(H$9:H$39,$C63) -> 0
C64: ='01.09'!C62 -> 0 | D64: ='21.12'!D63+COUNTIF(D$9:D$39,$C64) -> 0 | E64: ='21.12'!E63+COUNTIF(E$9:E$39,$C64) -> 0 | F64: ='21.12'!F63+COUNTIF(F$9:F$39,$C64) -> 0 | G64: ='21.12'!G63+COUNTIF(G$9:G$39,$C64) -> 0 | H64: ='21.12'!H63+COUNTIF(H$9:H$39,$C64) -> 0
C65: ='01.09'!C63 -> 0 | D65: ='21.12'!D64+COUNTIF(D$9:D$39,$C65) -> 0 | E65: ='21.12'!E64+COUNTIF(E$9:E$39,$C65) -> 0 | F65: ='21.12'!F64+COUNTIF(F$9:F$39,$C65) -> 0 | G65: ='21.12'!G64+COUNTIF(G$9:G$39,$C65) -> 0 | H65: ='21.12'!H64+COUNTIF(H$9:H$39,$C65) -> 0
C66: ='01.09'!C64 -> 0 | D66: ='21.12'!D65+COUNTIF(D$9:D$39,$C66) -> 0 | E66: ='21.12'!E65+COUNTIF(E$9:E$39,$C66) -> 0 | F66: ='21.12'!F65+COUNTIF(F$9:F$39,$C66) -> 0 | G66: ='21.12'!G65+COUNTIF(G$9:G$39,$C66) -> 0 | H66: ='21.12'!H65+COUNTIF(H$9:H$39,$C66) -> 0
C67: ='01.09'!C65 -> 0 | D67: ='21.12'!D66+COUNTIF(D$9:D$39,$C67) -> 0 | E67: ='21.12'!E66+COUNTIF(E$9:E$39,$C67) -> 0 | F67: ='21.12'!F66+COUNTIF(F$9:F$39,$C67) -> 0 | G67: ='21.12'!G66+COUNTIF(G$9:G$39,$C67) -> 0 | H67: ='21.12'!H66+COUNTIF(H$9:H$39,$C67) -> 0

Sheet 09.06
B1: Расписание учебных занятий на первое полугодие 2025-2026 учебного года
B2: ТРЕНЕРСКИЙ ФАКУЛЬТЕТ, направление подготовки (образовательная программа)
B3: 49.03.04 Спорт *
B4: Курс 1, семестр 1, очная форма обучения
A5: группы С1-01А-25, С1-01Б-25, С1-02А-25, С1-02Б-25, С1-03-25, С1-04А-25, С1-04Б-25, С1-05А-25, С1-05Б-25
A7: День недели | B7: Дата | C7: Время | D7: 1 группа | E7: 2 группа | F7: 3 группа | G7: 4 группа | H7: 5 группа
D8: Баскетбол, гандбол, бейсбол, регби | E8: Волейбол, шахматы, гонки дронов, компьютерный спорт | F8: Теннис, настольный теннис, бадминтон, бильярд | G8: Футбол | H8: Хоккей
A9: Понедельник | B9: 45817 | C9: 8.50-10.20
C10: 10.40-12.10
C11: 13.00-14.30
C12: 14.50-16.20
C13: 16.40-18.10
A14: Вторник | B14: =B9+1 -> 45818 | C14: 8.50-10.20
C15: 10.40-12.10
C16: 13.00-14.30
C17: 14.50-16.20
C18: 18.30-20.00
A19: Среда | B19: =B14+1 -> 45819 | C19: 8.50-10.20
C20: 10.40-12.10
C21: 13.00-14.30
C22: 14.50-16.20
C23: 16.40-18.10
A24: Четверг | B24: =B19+1 -> 45820 | C24: 8.50-10.20
C25: 10.40-12.10
C26: 13.00-14.30
C27: 14.50-16.20
C28: 16.40-18.10
A29: Пятница | B29: =B24+1 -> 45821 | C29: 8.50-10.20
C30: 10.40-12.10
C31: 13.00-14.30
C32: 14.50-16.20
C33: 16.40-18.10
A34: Суббота | B34: =B29+1 -> 45822 | C34: 8.50-10.20
C35: 10.40-12.10
C36: 13.00-14.30
C37: 14.50-16.20
C38: 16.40-18.10
D39: * Профили (направленность) указанны на титульном листе
C40: ='01.09'!C39 -> *Л. Физиология человека* | D40: ='28.12'!D41+COUNTIF(D$9:D$38,$C40) -> 12 | E40: ='28.12'!E41+COUNTIF(E$9:E$38,$C40) -> 12 | F40: ='28.12'!F41+COUNTIF(F$9:F$38,$C40) -> 12 | G40: ='28.12'!G41+COUNTIF(G$9:G$38,$C40) -> 12 | H40: ='28.12'!H41+COUNTIF(H$9:H$38,$C40) -> 12
C41: ='01.09'!C40 -> *Пр. Физиология человека* | D41: ='28.12'!D42+COUNTIF(D$9:D$38,$C41) -> 19 | E41: ='28.12'!E42+COUNTIF(E$9:E$38,$C41) -> 20 | F41: ='28.12'!F42+COUNTIF(F$9:F$38,$C41) -> 19 | G41: ='28.12'!G42+COUNTIF(G$9:G$38,$C41) -> 20 | H41: ='28.12'!H42+COUNTIF(H$9:H$38,$C41) -> 20
C42: ='01.09'!C41 -> *Л. Элективные дисциплины по ФКиС: Фехтование* | D42: ='28.12'!D43+COUNTIF(D$9:D$38,$C42) -> 1 | E42: ='28.12'!E43+COUNTIF(E$9:E$38,$C42) -> 1 | F42: ='28.12'!F43+COUNTIF(F$9:F$38,$C42) -> 1 | G42: ='28.12'!G43+COUNTIF(G$9:G$38,$C42) -> 1 | H42: ='28.12'!H43+COUNTIF(H$9:H$38,$C42) -> 1
C43: ='01.09'!C42 -> *Пр. Элективные дисциплины по ФКиС: Фехтование* | D43: ='28.12'!D44+COUNTIF(D$9:D$38,$C43) -> 6 | E43: ='28.12'!E44+COUNTIF(E$9:E$38,$C43) -> 6 | F43: ='28.12'!F44+COUNTIF(F$9:F$38,$C43) -> 6 | G43: ='28.12'!G44+COUNTIF(G$9:G$38,$C43) -> 6 | H43: ='28.12'!H44+COUNTIF(H$9:H$38,$C43) -> 6
C44: ='01.09'!C43 -> *Л. Педагогика физической культуры и спорта* | D44: ='28.12'!D45+COUNTIF(D$9:D$38,$C44) -> 5 | E44: ='28.12'!E45+COUNTIF(E$9:E$38,$C44) -> 5 | F44: ='28.12'!F45+COUNTIF(F$9:F$38,$C44) -> 5 | G44: ='28.12'!G45+COUNTIF(G$9:G$38,$C44) -> 5 | H44: ='28.12'!H45+COUNTIF(H$9:H$38,$C44) -> 5
C45: ='01.09'!C44 -> *Пр. Педагогика физической культуры и спорта* | D45: ='28.12'!D46+COUNTIF(D$9:D$38,$C45) -> 6 | E45: ='28.12'!E46+COUNTIF(E$9:E$38,$C45) -> 5 | F45: ='28.12'!F46+COUNTIF(F$9:F$38,$C45) -> 5 | G45: ='28.12'!G46+COUNTIF(G$9:G$38,$C45) -> 5 | H45: ='28.12'!H46+COUNTIF(H$9:H$38,$C45) -> 4
C46: ='01.09'!C45 -> *Л. Теория и методика* | D46: ='28.12'!D47+COUNTIF(D$9:D$38,$C46) -> 4 | E46: ='28.12'!E47+COUNTIF(E$9:E$38,$C46) -> 4 | F46: ='28.12'!F47+COUNTIF(F$9:F$38,$C46) -> 4 | G46: ='28.12'!G47+COUNTIF(G$9:G$38,$C46) -> 4 | H46: ='28.12'!H47+COUNTIF(H$9:H$38,$C46) -> 4
C47: ='01.09'!C46 -> *Пр. Теория и методика* | D47: ='28.12'!D48+COUNTIF(D$9:D$38,$C47) -> 27 | E47: ='28.12'!E48+COUNTIF(E$9:E$38,$C47) -> 27 | F47: ='28.12'!F48+COUNTIF(F$9:F$38,$C47) -> 27 | G47: ='28.12'!G48+COUNTIF(G$9:G$38,$C47) -> 27 | H47: ='28.12'!H48+COUNTIF(H$9:H$38,$C47) -> 25
C48: ='01.09'!C47 -> *Л. Теория и методика физической культуры* | D48: ='28.12'!D49+COUNTIF(D$9:D$38,$C48) -> 10 | E48: ='28.12'!E49+COUNTIF(E$9:E$38,$C48) -> 10 | F48: ='28.12'!F49+COUNTIF(F$9:F$38,$C48) -> 10 | G48: ='28.12'!G49+COUNTIF(G$9:G$38,$C48) -> 10 | H48: ='28.12'!H49+COUNTIF(H$9:H$38,$C48) -> 10
C49: ='01.09'!C48 -> *Пр. Теория и методика физической культуры* | D49: ='28.12'!D50+COUNTIF(D$9:D$38,$C49) -> 6 | E49: ='28.12'!E50+COUNTIF(E$9:E$38,$C49) -> 6 | F49: ='28.12'!F50+COUNTIF(F$9:F$38,$C49) -> 6 | G49: ='28.12'!G50+COUNTIF(G$9:G$38,$C49) -> 5 | H49: ='28.12'!H50+COUNTIF(H$9:H$38,$C49) -> 5
C50: ='01.09'!C49 -> *Л. Плавание* | D50: ='28.12'!D51+COUNTIF(D$9:D$38,$C50) -> 2 | E50: ='28.12'!E51+COUNTIF(E$9:E$38,$C50) -> 2 | F50: ='28.12'!F51+COUNTIF(F$9:F$38,$C50) -> 2 | G50: ='28.12'!G51+COUNTIF(G$9:G$38,$C50) -> 2 | H50: ='28.12'!H51+COUNTIF(H$9:H$38,$C50) -> 2
C51: ='01.09'!C50 -> *Пр. Плавание* | D51: ='28.12'!D52+COUNTIF(D$9:D$38,$C51) -> 18 | E51: ='28.12'!E52+COUNTIF(E$9:E$38,$C51) -> 18 | F51: ='28.12'!F52+COUNTIF(F$9:F$38,$C51) -> 20 | G51: ='28.12'!G52+COUNTIF(G$9:G$38,$C51) -> 20 | H51: ='28.12'!H52+COUNTIF(H$9:H$38,$C51) -> 20
... C66: ='01.09'!C65 -> 0 | D66: ='28.12'!D67+COUNTIF(D$9:D$38,$C66) -> 0 | E66: ='28.12'!E67+COUNTIF(E$9:E$38,$C66) -> 0 | F66: ='28.12'!F67+COUNTIF(F$9:F$38,$C66) -> 0 | G66: ='28.12'!G67+COUNTIF(G$9:G$38,$C66) -> 0 | H66: ='28.12'!H67+COUNTIF(H$9:H$38,$C66) -> 0

Sheet 16.06
B1: Расписание учебных занятий на первое полугодие 2025-2026 учебного года
B2: ТРЕНЕРСКИЙ ФАКУЛЬТЕТ, направление подготовки (образовательная программа)
B3: 49.03.04 Спорт *
B4: Курс 1, семестр 1, очная форма обучения
A5: группы С1-01А-25, С1-01Б-25, С1-02А-25, С1-02Б-25, С1-03-25, С1-04А-25, С1-04Б-25, С1-05А-25, С1-05Б-25
A7: День недели | B7: Дата | C7: Время | D7: 1 группа | E7: 2 группа | F7: 3 группа | G7: 4 группа | H7: 5 группа
D8: Баскетбол, гандбол, бейсбол, регби | E8: Волейбол, шахматы, гонки дронов, компьютерный спорт | F8: Теннис, настольный теннис, бадминтон, бильярд | G8: Футбол | H8: Хоккей
A9: Понедельник | B9: 45824 | C9: 8.50-10.20
C10: 10.40-12.10
C11: 13.00-14.30
C12: 14.50-16.20
C13: 16.40-18.10
A14: Вторник | B14: =B9+1 -> 45825 | C14: 8.50-10.20
C15: 10.40-12.10
C16: 13.00-14.30
C17: 14.50-16.20
C18: 16.40-18.10
C19: 18.30-20.00
A20: Среда | B20: =B14+1 -> 45826 | C20: 8.50-10.20
C21: 10.40-12.10
C22: 13.00-14.30
C23: 14.50-16.20
C24: 16.40-18.10
A25: Четверг | B25: =B20+1 -> 45827 | C25: 8.50-10.20
C26: 10.40-12.10
C27: 13.00-14.30
C28: 14.50-16.20
C29: 18.30-20.00
C30: 20.20-21.50
A31: Пятница | B31: =B25+1 -> 45828 | C31: 8.50-10.20
C32: 10.40-12.10
C33: 13.00-14.30
C34: 14.50-16.20
C35: 16.40-18.10
A36: Суббота | B36: =B31+1 -> 45829 | C36: 8.50-10.20
C37: 10.40-12.10
C38: 13.00-14.30
C39: 14.50-16.20
C40: 16.40-18.10
D41: * Профили (направленность) указанны на титульном листе
C42: ='01.09'!C39 -> *Л. Физиология человека* | D42: ='09.06'!D40+COUNTIF(D$9:D$40,$C42) -> 12 | E42: ='09.06'!E40+COUNTIF(E$9:E$40,$C42) -> 12 | F42: ='09.06'!F40+COUNTIF(F$9:F$40,$C42) -> 12 | G42: ='09.06'!G40+COUNTIF(G$9:G$40,$C42) -> 12 | H42: ='09.06'!H40+COUNTIF(H$9:H$40,$C42) -> 12
C43: ='01.09'!C40 -> *Пр. Физиология человека* | D43: ='09.06'!D41+COUNTIF(D$9:D$40,$C43) -> 19 | E43: ='09.06'!E41+COUNTIF(E$9:E$40,$C43) -> 20 | F43: ='09.06'!F41+COUNTIF(F$9:F$40,$C43) -> 19 | G43: ='09.06'!G41+COUNTIF(G$9:G$40,$C43) -> 20 | H43: ='09.06'!H41+COUNTIF(H$9:H$40,$C43) -> 20
C44: ='01.09'!C41 -> *Л. Элективные дисциплины по ФКиС: Фехтование* | D44: ='09.06'!D42+COUNTIF(D$9:D$40,$C44) -> 1 | E44: ='09.06'!E42+COUNTIF(E$9:E$40,$C44) -> 1 | F44: ='09.06'!F42+COUNTIF(F$9:F$40,$C44) -> 1 | G44: ='09.06'!G42+COUNTIF(G$9:G$40,$C44) -> 1 | H44: ='09.06'!H42+COUNTIF(H$9:H$40,$C44) -> 1
C45: ='01.09'!C42 -> *Пр. Элективные дисциплины по ФКиС: Фехтование* | D45: ='09.06'!D43+COUNTIF(D$9:D$40,$C45) -> 6 | E45: ='09.06'!E43+COUNTIF(E$9:E$40,$C45) -> 6 | F45: ='09.06'!F43+COUNTIF(F$9:F$40,$C45) -> 6 | G45: ='09.06'!G43+COUNTIF(G$9:G$40,$C45) -> 6 | H45: ='09.06'!H43+COUNTIF(H$9:H$40,$C45) -> 6
C46: ='01.09'!C43 -> *Л. Педагогика физической культуры и спорта* | D46: ='09.06'!D44+COUNTIF(D$9:D$40,$C46) -> 5 | E46: ='09.06'!E44+COUNTIF(E$9:E$40,$C46) -> 5 | F46: ='09.06'!F44+COUNTIF(F$9:F$40,$C46) -> 5 | G46: ='09.06'!G44+COUNTIF(G$9:G$40,$C46) -> 5 | H46: ='09.06'!H44+COUNTIF(H$9:H$40,$C46) -> 5
C47: ='01.09'!C44 -> *Пр. Педагогика физической культуры и спорта* | D47: ='09.06'!D45+COUNTIF(D$9:D$40,$C47) -> 6 | E47: ='09.06'!E45+COUNTIF(E$9:E$40,$C47) -> 5 | F47: ='09.06'!F45+COUNTIF(F$9:F$40,$C47) -> 5 | G47: ='09.06'!G45+COUNTIF(G$9:G$40,$C47) -> 5 | H47: ='09.06'!H45+COUNTIF(H$9:H$40,$C47) -> 4
C48: ='01.09'!C45 -> *Л. Теория и методика* | D48: ='09.06'!D46+COUNTIF(D$9:D$40,$C48) -> 4 | E48: ='09.06'!E46+COUNTIF(E$9:E$40,$C48) -> 4 | F48: ='09.06'!F46+COUNTIF(F$9:F$40,$C48) -> 4 | G48: ='09.06'!G46+COUNTIF(G$9:G$40,$C48) -> 4 | H48: ='09.06'!H46+COUNTIF(H$9:H$40,$C48) -> 4
C49: ='01.09'!C46 -> *Пр. Теория и методика* | D49: ='09.06'!D47+COUNTIF(D$9:D$40,$C49) -> 27 | E49: ='09.06'!E47+COUNTIF(E$9:E$40,$C49) -> 27 | F49: ='09.06'!F47+COUNTIF(F$9:F$40,$C49) -> 27 | G49: ='09.06'!G47+COUNTIF(G$9:G$40,$C49) -> 27 | H49: ='09.06'!H47+COUNTIF(H$9:H$40,$C49) -> 25
C50: ='01.09'!C47 -> *Л. Теория и методика физической культуры* | D50: ='09.06'!D48+COUNTIF(D$9:D$40,$C50) -> 10 | E50: ='09.06'!E48+COUNTIF(E$9:E$40,$C50) -> 10 | F50: ='09.06'!F48+COUNTIF(F$9:F$40,$C50) -> 10 | G50: ='09.06'!G48+COUNTIF(G$9:G$40,$C50) -> 10 | H50: ='09.06'!H48+COUNTIF(H$9:H$40,$C50) -> 10
C51: ='01.09'!C48 -> *Пр. Теория и методика физической культуры* | D51: ='09.06'!D49+COUNTIF(D$9:D$40,$C51) -> 6 | E51: ='09.06'!E49+COUNTIF(E$9:E$40,$C51) -> 6 | F51: ='09.06'!F49+COUNTIF(F$9:F$40,$C51) -> 6 | G51: ='09.06'!G49+COUNTIF(G$9:G$40,$C51) -> 5 | H51: ='09.06'!H49+COUNTIF(H$9:H$40,$C51) -> 5
C52: ='01.09'!C49 -> *Л. Плавание* | D52: ='09.06'!D50+COUNTIF(D$9:D$40,$C52) -> 2 | E52: ='09.06'!E50+COUNTIF(E$9:E$40,$C52) -> 2 | F52: ='09.06'!F50+COUNTIF(F$9:F$40,$C52) -> 2 | G52: ='09.06'!G50+COUNTIF(G$9:G$40,$C52) -> 2 | H52: ='09.06'!H50+COUNTIF(H$9:H$40,$C52) -> 2
C53: ='01.09'!C50 -> *Пр. Плавание* | D53: ='09.06'!D51+COUNTIF(D$9:D$40,$C53) -> 18 | E53: ='09.06'!E51+COUNTIF(E$9:E$40,$C53) -> 18 | F53: ='09.06'!F51+COUNTIF(F$9:F$40,$C53) -> 20 | G53: ='09.06'!G51+COUNTIF(G$9:G$40,$C53) -> 20 | H53: ='09.06'!H51+COUNTIF(H$9:H$40,$C53) -> 20
... C70: ='01.09'!C67 -> 0 | D70: ='09.06'!D68+COUNTIF(D$9:D$40,$C70) -> 0 | E70: ='09.06'!E68+COUNTIF(E$9:E$40,$C70) -> 0 | F70: ='09.06'!F68+COUNTIF(F$9:F$40,$C70) -> 0 | G70: ='09.06'!G68+COUNTIF(G$9:G$40,$C70) -> 0 | H70: ='09.06'!H68+COUNTIF(H$9:H$40,$C70) -> 0
