Workbook
Name SIGN: #REF!
Name SIGN: #REF!
Name SIGN: #REF!
Name SIGN: #REF!
Name SIGN: #REF!
Name SIGN: #REF!
Name SIGN: #REF!
Name SIGN: #REF!
Name SIGN_D: #REF!
Name SIGN_D: #REF!
Name SIGN_D: #REF!
Name SIGN_D: #REF!
Name SIGN_D: #REF!
Name SIGN_D: #REF!
Name SIGN_D: #REF!
Name SIGN_D: #REF!
Name Sign1: #REF!
Name Sign1: #REF!
Name Sign1: #REF!
Name Sign1: #REF!
Name Sign1: #REF!
Name Sign1: #REF!
Name Sign1: #REF!
Name Sign1: #REF!
Name и: #REF!
Name и: #REF!
Name и: #REF!
Name и: #REF!
Name и: #REF!
Name и: #REF!
Name и: #REF!
Name и: #REF!
Name Р1: #REF!
Name Р1: #REF!
Name Р1: #REF!
Name Р1: #REF!
Name Р1: #REF!
Name Р1: #REF!
Name Р1: #REF!
Name Р1: #REF!
Name ыва: #REF!
Name ыва: #REF!
Name ыва: #REF!
Name ыва: #REF!
Name ыва: #REF!
Name ыва: #REF!
Name ыва: #REF!
Name ыва: #REF!

Sheet титульный лист

Sheet Титул
H1: УТВЕРЖДАЮ
H2: Начальник учебно-методического управления
H3: Р.С. Халимулина
H4: _________________________________
H5: «____»____________________20___г.
A6: Расписание учебных занятий на первое полугодие 2026-2027 учебного года
A7: ТРЕНЕРСКИЙ ФАКУЛЬТЕТ, направление подготовки (образовательная программа)
A8: 49.03.04 Спорт, Профиль (направленность): Спортивная подготовка по видам спорта «бокс», «кикбоксинг». Педагогическая деятельность в области физической культуры и спорта; Спортивная подготовка в единоборствах. Педагогическая деятельность в области физической культуры и спорта; Спортивная подготовка в тхэквондо. Педагогическая деятельность в области физической культуры и спорта; Спортивная подготовка в тяжелоатлетических видах спорта. Педагогическая деятельность в области физической культуры и спорта; Спортивная подготовка в видах спорта «фехтование», «современное пятиборье» и «стрелковые виды спорта». Педагогическая деятельность в области физической культуры и спорта; Спортивная подготовка по видам спорта "каратэдо", "киокусинкай", "ушу". Педагогическая деятельность в области физической культуры и спорта; Спортивная подготовка по виду спорта «скалолазание». Педагогическая деятельность в области физической культуры и спорта; уровень образования бакалавриат
A9: Факультет адаптивной физической культуры, рекреации и туризма, направление подготовки (образовательная программа)
A10: 49.03.01 Физическая культура, Профиль (направленность) Физкультурно-оздоровительная деятельность и фитнес, уровень образования бакалавриат
A11: Курс 1, семестр 1, очная форма обучения
A12: группы С2-07-26, С2-08-26, С2-09-26, Т1-04-26
A14: № | B14: Наименование дисциплины (модуля), практика, научные исследования | C14: Кол-во часов (Л/П) | D14: Форма отчетности | E14: Учебные группы в соответствии с избранным видом спорта
E15: Физкультурно-оздоровительная деятельность и фитнес (ФОДиФ) | F15: Единоборства (армспорт, греко-римская борьба, вольная борьба, дзюдо, самбо, служебно-прикладные единоборства) | G15: киокусинкай, ушу, тхэквондо (ВТФ, ИТФ), тяжелоатлетические виды спорта | H15: Бокс, кикбоксинг, современное пятиборье, фехтование, стрелковые виды спорта, скалолазание
E16: Т1-04-26 | F16: 7 группа | G16: 8 группа | H16: 9 группа
E17: Ф.И.О. преподавателя
A18: 1 | B18: Иностранный язык | C18: 0/32 | D18: Б/о | E18: Литвинов С.В. | F18: Литвинов С.В. | G18: Литвинов С.В. | H18: Литвинов С.В.
E19: Переверзева Н.А. (русский язык как иностранный для иностранных граждан)
A20: 2 | B20: Речевое общение в профессиональной деятельности | C20: 10/22 | D20: Зачет | E20: Л - Капустина Ю.А.
E21: Капустина Ю.А. | F21: Капустина Ю.А. | G21: Капустина Ю.А. | H21: Капустина Ю.А.
A22: 3 | B22: Анатомия человека | C22: 8/24 | D22: Зачет | E22: Л - Силаева Л.В.
E23: Мештель А.В. | F23: Сироткина Ю.А. | G23: Мештель А.В. | H23: Гричанова Т.Г.
A24: 4 | B24: Физическая культура и спорт | C24: 10/10 | D24: Зачет | E24: Л - Мачканова Е.В.
E25: Трунева Т.В. | F25: Трунева Т.В. | G25: Трунева Т.В. | H25: Трунева Т.В.
A26: 5 | B26: Гимнастика | C26: 6/40 | D26: Зачет | E26: Л - Михалина Г.М., Ростовцева М.Ю., Парахин В.А.
A27: 5 | B27: Гимнастика | E27: Андреасян К.Б. | F27: Колесникова Е.С. | G27: Дубовицкая И.А. | H27: Дубовицкая И.А.
A28: 6 | B28: Информационные технологии в сфере физической культуры и спорта | C28: 4/28 | D28: Диф.зачет | E28: Л - Яшкина Е.Н.
E29: Яшкина Е.Н. | F29: Яшкина Е.Н. | G29: Яшкина Е.Н. | H29: Яшкина Е.Н.
A30: 7 | B30: Волейбол | C30: 2/46 | D30: Зачет | E30: Л - Ефимов А.С.
E31: Ефимов А.С. | F31: Ефимов А.С. | G31: Суханова А.В. | H31: Ананьин А.С.
A32: 8 | B32: Лыжные гонки | C32: 2/62 | D32: Зачет | E32: Л - Дубровинский С.С.
E33: Сенатская В.Г. | F33: Дубровинский С.С. | G33: Щукин А.В. | H33: Щукин А.В.
A34: 9 | B34: Использование электронной информационно-образовательной среды РУС "ГЦОЛИФК" | C34: 2/4 | D34: Зачет | E34: Л - Шевцов А.В.
E35: П - Мирошников А.Б., Кузнецова Н.А. | F35: П - Шевцов А.В., Кузнецова Н.А. | G35: П - Шевцов А.В., Кузнецова Н.А. | H35: П - Шевцов А.В., Кузнецова Н.А.
A36: 10 | B36: Элективные дисциплины по ФКиС: Подвижные игры | C36: 2/18 | D36: Зачет | E36: Л - Салахудинова Е.С.
E37: Салахудинова Е.С. | F37: Салахудинова Е.С. | G37: Дробышевская Н.В. | H37: Дробышевская Н.В.
A38: 11 | B38: Теория и методика избранного вида спорта | C38: 10/90 | D38: Зачет | E38: ФОДиФ | F38: Армспорт, Самбо | G38: Киокусинкай, ушу | H38: Бокс, кикбоксинг
E39: Л - Адамова И.В. | F39: Л - Махмудов М.М., Табаков С.Е. | G39: Л - Демченко Н.С., Багомедов Х.А. | H39: Л - Киселев В.А.
E40: П - Адамова И.В. | F40: П - Махмудов М.М., Табаков С.Е., Марянян С.А. | G40: П - Демченко Н.С., Багомедов Х.А. | H40: П - Киселев В.А.
F41: Греко-римская борьба, Дзюдо | G41: Тхэквондо (ВТФ, ИТФ) | H41: Фехтование, современное пятиборье
F42: Л - Колесов А.А., Дмитриев Р.М. | G42: Л - Эпов О.Г., Судаков Д.А. | H42: Л - Шамис В.В.(кроме вторник)
F43: П - Колесов А.А., Дмитриев Р.М. | G43: П - Эпов О.Г., Судаков Д.А. | H43: П - Непошлова Е.М., Шамис В.В.(кроме вторник)
F44: Вольная борьба, Служебно-прикладные единоборства | G44: Тяжелоатлетические виды спорта | H44: Скалолазание
F45: Л - Гаркин Н.В., Ермаков А.В. | G45: Л - Атлас А.А. | H45: Л - Сираковская Я.В.
F46: П - Гаркин Н.В., Ермаков А.В. | G46: П - Атлас А.А. | H46: П - Сираковская Я.В.
H47: Стрелковые виды спорта
H48: Л - Шамис В.В.(кроме вторник)
H49: П - Бородин А.Ю.
A50: 12 | B50: Профессионально-спортивное совершенствование (49.03.04 Спорт), Профессионально-физкультурное совершенствование (49.03.01 Физическая культура) | C50: 0/36 | D50: Б/о | E50: ФОДиФ | F50: Армспорт, Самбо | G50: Киокусинкай, ушу | H50: Бокс, кикбоксинг
E51: Махрова Е.В. | F51: П - Махмудов М.М., Табаков С.Е., Марянян С.А. | G51: Демченко Н.С., Багомедов Х.А. | H51: Федоров А.Д.
F52: Греко-римская борьба, Дзюдо | G52: Тхэквондо (ВТФ, ИТФ) | H52: Фехтование, современное пятиборье
F53: Шевцов А.В., Дмитриев Р.М. | G53: Эпов О.Г., Судаков Д.А. | H53: Полишките К.М.
F54: Вольная борьба, Служебно-прикладные единоборства | G54: Тяжелоатлетические виды спорта | H54: Скалолазание
F55: Гаркин Н.В., Ермаков А.В. | G55: Атлас А.А. | H55: Крамаров Д.И.
H56: Стрелковые виды спорта
H57: Бородин А.Ю.
A58: Условные обозначения:
A59: П - занятия семинарского типа | C59: Л - занятия лекционного типа | F59: Диф.зачет - дифференцированный зачет | H59: Б/о - без отчета
A60: Элективные дисциплины по ФКиС- Элективные дисциплины по физической культуре и спорту.
A61: Время начала и окончания 1 пара 08:50-10:20; 2 пара 10:40-12:10; 3 пара 13:00-14:30; 4 пара 14:50-16:20 ; 5 пара 16:40-18:10
A62: Составитель расписания ____________________________________ Е.Ю. Дубинкина

Sheet приложение1
A1: Приложение1 к расписанию учебных занятий на первое полугодие 2026-2027 учебного года
A2: ТРЕНЕРСКИЙ ФАКУЛЬТЕТ, направление подготовки (образовательная программа)
A3: 49.03.04 Спорт, Профиль (направленность): Спортивная подготовка по видам спорта «бокс», «кикбоксинг». Педагогическая деятельность в области физической культуры и спорта; Спортивная подготовка в единоборствах. Педагогическая деятельность в области физической культуры и спорта; Спортивная подготовка в тхэквондо. Педагогическая деятельность в области физической культуры и спорта; Спортивная подготовка в тяжелоатлетических видах спорта. Педагогическая деятельность в области физической культуры и спорта; Спортивная подготовка в видах спорта «фехтование», «современное пятиборье» и «стрелковые виды спорта». Педагогическая деятельность в области физической культуры и спорта; Спортивная подготовка по видам спорта "каратэдо", "киокусинкай", "ушу". Педагогическая деятельность в области физической культуры и спорта; Спортивная подготовка по виду спорта «скалолазание». Педагогическая деятельность в области физической культуры и спорта; уровень образования бакалавриат
A4: Факультет адаптивной физической культуры, рекреации и туризма, направление подготовки (образовательная программа)
A5: 49.03.01 Физическая культура, Профиль (направленность) Физкультурно-оздоровительная деятельность и фитнес, уровень образования бакалавриат
A6: Курс 1, семестр 1, очная форма обучения | M6: ТиМ бокса и кикбоксинга им.К.В. Градополова | N6: 21зал
A7: группы С2-07-26, С2-08-26, С2-09-26, Т1-04-26 | M7: ТиМ бокса и кикбоксинга им.К.В. Градополова | N7: 21зал
A8: № | B8: Наименование дисциплины (модуля): | C8: № аудитории | M8: ТиМ бокса и кикбоксинга им.К.В. Градополова | N8: 21зал
A9: 1 | B9: Теория и методика единоборств, профессионально-спортивное совершенствование (единоборства) | C9: 32СК, 27СК, 14СК, 34СК, 35СК, 28СК, 15СК, 36СК, 205мбк | M9: ТиМ велосипедного спорта | N9: модульБ, 210зал
A10: 2 | B10: Теория и методика тяжелоатлетических видов спорта, профессионально-спортивное совершенствование (тяжелоатлетические виды спорта) | C10: 42СК | M10: Спортивная гимнастика | N10: 205,209, 210залы
A11: 3 | B11: Теория и методика фехтования, современного пятиборья, стрелковых видов спорта, профессионально-спортивное совершенствование (фехтование, современное пятиборье, стрелковые виды спорта) | C11: 231СК, 246СК, №22 тир
A12: 4 | B12: Теория и методика каратэдо, киокусинкай, ушу, тхэквондо; профессионально-спортивное совершенствование (тхэквондо (ВТФ, ИТФ), киокусинкай, ушу) | C12: Тхэквондо ВТФ - 160мбк, модуль Г, л/а манеж; Тхэквондо ИТФ - 207 мбк; киокусинкай - модуль Г, 231СК, , л/а манеж; ушу - 159 мбк, модуль Г | M12: Художественная гимнастика | N12: 205,209, 210залы
A13: 5 | B13: Теория и методика бокса и кикбоксинга, профессионально-спортивное совершенствование (бокс и кикбоксинг) | C13: 20СК, 21СК, 23СК | M13: ТиМ индивидуально-игровых видов спорта | N13: МодульД, 223зал
A14: 6 | B14: Теория и методика физкультурно-оздоровительной деятельности и фитнеса, профессионально-физкультурное совершенствование | C14: вторник: фитнес-зал№83 теннисный центр; пятница - 213СК
A15: 7 | B15: Теория и методика скалолазания, профессионально-спортивное совершенствование (скалолазание) | C15: скалодром РУС "ГЦОЛИФК" | M15: конькобежного спорта | N15: УСЗК
A16: 8 | B16: Наименование дисциплины (модуля): Лыжные гонки | C16: 250 мбк, 282 мбк, л/а манеж, АНОСРФиС "АРТА-СПОРТ": г. Москва, Измайловский пр-д, д.15
A17: Условные обозначения:
A18: УСЗК - Универсальный спортивно-зрелищный комплекс | M18: Водное поло | N18: Бассейн РГУФК СМиТ
A19: МБК - медико-биологический корпус | M19: Синхронное плавание | N19: Бассейн РГУФК СМиТ
A20: СК - спортивный корпус | M20: ТиМ танцевального спорта | N20: 201зал
M21: ТиМ тенниса | N21: Тенисные корты
M22: ТиМ тяжелоатлетических видов спорта им.А.С. Медведева | N22: 42зал
M23: Фехтование | N23: 231зал
M24: Дзюдо | N24: 32зал
M25: Современное пятиборье | N25: 231зал
M26: Вольная борьба | N26: 14зал
M27: Тхэквандо ИТФ | N27: 29,42 зал
M28: Армспорт | N28: 14зал
M29: Ушу | N29: 308зал УСЗК
M30: Самбо | N30: 32,27 залы
M31: Айкило,Киокусинкай | N31: 308зал УСЗК
M32: Каратэдо | N32: МодульГ
... M43: Малая авиация и парашютный спорт | N43: 204ауд.

Sheet расписание ПСС, ПФС
B1: Расписание учебных занятий на первое полугодие 2026-2027 учебного года
B2: ТРЕНЕРСКИЙ ФАКУЛЬТЕТ, направление подготовки (образовательная программа)
A3: 49.03.04 Спорт, Профиль (направленность): Спортивная подготовка по видам спорта «бокс», «кикбоксинг». Педагогическая деятельность в области физической культуры и спорта; Спортивная подготовка в единоборствах. Педагогическая деятельность в области физической культуры и спорта; Спортивная подготовка в тхэквондо. Педагогическая деятельность в области физической культуры и спорта; Спортивная подготовка в тяжелоатлетических видах спорта. Педагогическая деятельность в области физической культуры и спорта; Спортивная подготовка в видах спорта «фехтование», «современное пятиборье» и «стрелковые виды спорта». Педагогическая деятельность в области физической культуры и спорта; Спортивная подготовка по видам спорта "каратэдо", "киокусинкай", "ушу". Педагогическая деятельность в области физической культуры и спорта; Спортивная подготовка по виду спорта «скалолазание». Педагогическая деятельность в области физической культуры и спорта; уровень образования бакалавриат
A4: Факультет адаптивной физической культуры, рекреации и туризма, направление подготовки (образовательная программа)
A5: 49.03.01 Физическая культура, Профиль (направленность) Физкультурно-оздоровительная деятельность и фитнес, уровень образования бакалавриат
A6: Курс 1, семестр 1, очная форма обучения
A7: группы С2-07-26, С2-08-26, С2-09-26, Т1-04-26
A8: с 01.09 по 26.12
A9: День недели | B9: Время | C9: Т1-04-26 | D9: 7 группа | E9: 8 группа | F9: 9 группа
C10: Физкультурно-оздоровительная деятельность и фитнес (ФОДиФ) | D10: Единоборства (армспорт, греко-римская борьба, вольная борьба, дзюдо, самбо, служебно-прикладные единоборства) | E10: киокусинкай, ушу, тхэквондо (ВТФ, ИТФ), тяжелоатлетические виды спорта | F10: Бокс, кикбоксинг, современное пятиборье, фехтование, стрелковые виды спорта, скалолазание
A11: Понедельник | B11: 8.50-10.20
B12: 10.40-12.10
B13: 13.00-14.30
B14: 14.50-16.20
B15: 16.40-18.10
B16: 18.30-20.00
B17: 19.30-21.00
A18: Вторник | B18: 07.10-08.30 | C18: ПФС 213СК 12.10 по 26.12 (2 п/группа) | E18: ПСС киокусинкай л/а манеж, модуль Г, 231СК
B19: 08.50-10.20 | C19: ПФС 213СК 12.10 по 26.12 (1 п/группа)
B20: 10.40-12.10
B21: 13.00-14.30
B22: 14.50-16.20
B23: 16.40-18.10 | D23: ПСС Армспорт, Самбо 14СК, 27СК; ПСС Греко-римская борьба, Дзюдо 14СК, 32СК; ПСС Вольная борьба, Служебно-прикладные единоборства 14СК, 27СК | E23: ПСС ушу 16.40-18.10 модуль Г, 159мбк | F23: ПСС современное пятиборье, фехтование 246СК
B24: 18.30-20.00
B25: 20:20-21:50
A26: Среда | B26: 8.50-10.20
B27: 10.40-12.10
B28: 13.00-14.30
B29: 14.50-16.20
B30: 16.40-18.10
B31: 18:30-20:00
B32: 20:20-21:50
A33: Четверг | B33: 8.50-10.20
B34: 10.40-12.10 | C34: ПФС фитнес-зал№83 теннисный центр 10.09 - 22.10 | F34: 1к ПСС скалолазание 05.10 по 29.10 скалодром РУС ГЦОЛИФК
B35: 13.00-14.30 | F35: 1к ПСС скалолазание 05.10 по 29.10 скалодром РУС ГЦОЛИФК
B36: 14.50-16.20
B37: 16.40-18.10 | F37: Бокс, кикбоксинг ПСС 16.45-18.15 20СК, 21СК 03.09-26.12
B38: 18:30-20:00 | E38: ПСС тхэквондо ВТФ 18.30-20.00 л/а манеж, модуль Г, 160мбк
B39: 20:20-21:50
A40: Пятница | B40: 8.50-10.20
B41: 10.40-12.10
B42: 13.00-14.30
B43: 14.50-16.20 | E43: ПСС тяжелоатлетические виды спорта 42СК с 09.10 - 25.12
B44: 16.40-18.10 | E44: ПСС тяжелоатлетические виды спорта 42СК с 04.09 - 09.10; ПСС тхэквондо ИТФ 16.40-18.10 207 мбк | F44: ПСС стрелковые виды спорта Тир "РУС "ГЦОЛИФК"
B45: 18.00-19.30
B46: 19.30-21.00
B47: 20:20-21:50
A48: Суббота | B48: 8.50-10.20
B49: 10.40-12.10
B50: 13.00-14.30
B51: 14.50-16.20
B52: 16.40-18.10
B53: 18:30-20:00
B54: 20:20-21:50
C56: ПСС - Профессионально-спортивное совершенствование | E56: ПФС - Профессионально-физкультурное совершенствование

Sheet Иностр язык (русский язык)
B1: Расписание учебных занятий на первое полугодие 2026-2027 учебного года
B2: ТРЕНЕРСКИЙ ФАКУЛЬТЕТ, направление подготовки (образовательная программа)
A3: 49.03.04 Спорт, Профиль (направленность): Спортивная подготовка по видам спорта «бокс», «кикбоксинг». Педагогическая деятельность в области физической культуры и спорта; Спортивная подготовка в единоборствах. Педагогическая деятельность в области физической культуры и спорта; Спортивная подготовка в тхэквондо. Педагогическая деятельность в области физической культуры и спорта; Спортивная подготовка в тяжелоатлетических видах спорта. Педагогическая деятельность в области физической культуры и спорта; Спортивная подготовка в видах спорта «фехтование», «современное пятиборье» и «стрелковые виды спорта». Педагогическая деятельность в области физической культуры и спорта; Спортивная подготовка по видам спорта "каратэдо", "киокусинкай", "ушу". Педагогическая деятельность в области физической культуры и спорта; Спортивная подготовка по виду спорта «скалолазание». Педагогическая деятельность в области физической культуры и спорта; уровень образования бакалавриат
A4: Факультет адаптивной физической культуры, рекреации и туризма, направление подготовки (образовательная программа)
A5: 49.03.01 Физическая культура, Профиль (направленность) Физкультурно-оздоровительная деятельность и фитнес, уровень образования бакалавриат
B6: Курс 1, семестр 1, очная форма обучения
B7: группы С2-07-26, С2-08-26, С2-09-26, Т1-04-26
A8: День недели | B8: Дата | C8: Время | D8: Т1-04-26 | E8: 7 группа | F8: 8 группа | G8: 9 группа
D9: Физкультурно-оздоровительная деятельность и фитнес (ФОДиФ) | E9: Единоборства (армспорт, греко-римская борьба, вольная борьба, дзюдо, самбо, служебно-прикладные единоборства) | F9: киокусинкай, ушу, тхэквондо (ВТФ, ИТФ), тяжелоатлетические виды спорта | G9: Бокс, кикбоксинг, современное пятиборье, фехтование, стрелковые виды спорта, скалолазание
A10: Понедельник | C10: 8.50-10.20
C11: 10.40-12.10
C12: 13.00-14.30
C13: 14.50-16.20
C14: 16.40-18.10
A15: Вторник | C15: 8.50-10.20
C16: 10.40-12.10
C17: 13.00-14.30
C18: 14.50-16.20
C19: 16.40-18.10
A20: Среда | C20: 8.50-10.20
C21: 10.40-12.10
C22: 13.00-14.30
C23: 14.50-16.20
C24: 16.40-18.10
A25: Четверг | C25: 8.50-10.20 | D25: Пр. Иностранный язык Переверзева Н.А. - 508 гл.к. (русский язык как иностранный для иностранных граждан: Т1-04-26, С2-08-26, С2-09-26) - 10.09, 17.09, 24.09, 01.10, 08.10, 15.10, 22.10, 29.10, 05.11, 12.11, 19.11, 26.11, 03.12, 10.12, 17.12, 24.12
C26: 10.40-12.10 | D26: Пр. Иностранный язык Переверзева Н.А. - 511 гл.к. (русский язык как иностранный для иностранных граждан: С2-07-26) - 10.09, 17.09, 24.09, 01.10, 08.10, 15.10, 22.10, 29.10, 05.11, 12.11, 19.11, 26.11, 03.12, 10.12, 17.12, 24.12
C27: 13.00-14.30
C28: 14.50-16.20
C29: 16.40-18.10
A30: Пятница | C30: 8.50-10.20
C31: 10.40-12.10
C32: 13.00-14.30
C33: 14.50-16.20
C34: 16.40-18.10
A35: Суббота | C35: 8.50-10.20
C36: 10.40-12.10
C37: 13.00-14.30
C38: 14.50-16.20
C39: 16.40-18.10

Sheet 01.09
B1: Расписание учебных занятий на первое полугодие 2026-2027 учебного года
B2: ТРЕНЕРСКИЙ ФАКУЛЬТЕТ, направление подготовки (образовательная программа)
A3: 49.03.04 Спорт, Профиль (направленность): Спортивная подготовка по видам спорта «бокс», «кикбоксинг». Педагогическая деятельность в области физической культуры и спорта; Спортивная подготовка в единоборствах. Педагогическая деятельность в области физической культуры и спорта; Спортивная подготовка в тхэквондо. Педагогическая деятельность в области физической культуры и спорта; Спортивная подготовка в тяжелоатлетических видах спорта. Педагогическая деятельность в области физической культуры и спорта; Спортивная подготовка в видах спорта «фехтование», «современное пятиборье» и «стрелковые виды спорта». Педагогическая деятельность в области физической культуры и спорта; Спортивная подготовка по видам спорта "каратэдо", "киокусинкай", "ушу". Педагогическая деятельность в области физической культуры и спорта; Спортивная подготовка по виду спорта «скалолазание». Педагогическая деятельность в области физической культуры и спорта; уровень образования бакалавриат
A4: Факультет адаптивной физической культуры, рекреации и туризма, направление подготовки (образовательная программа)
A5: 49.03.01 Физическая культура, Профиль (направленность) Физкультурно-оздоровительная деятельность и фитнес, уровень образования бакалавриат
B6: Курс 1, семестр 1, очная форма обучения
B7: группы С2-07-26, С2-08-26, С2-09-26, Т1-04-26
A9: День недели | B9: Дата | C9: Время | D9: Т1-04-26 | E9: 7 группа | F9: 8 группа | G9: 9 группа
D10: Физкультурно-оздоровительная деятельность и фитнес (ФОДиФ) | E10: Единоборства (армспорт, греко-римская борьба, вольная борьба, дзюдо, самбо, служебно-прикладные единоборства) | F10: киокусинкай, ушу, тхэквондо (ВТФ, ИТФ), тяжелоатлетические виды спорта | G10: Бокс, кикбоксинг, современное пятиборье, фехтование, стрелковые виды спорта, скалолазание
A11: Понедельник | B11: 46265 | C11: 8.50-10.20
C12: 10.40-12.10
C13: 13.00-14.30
C14: 14.50-16.20
C15: 16.40-18.10
A16: Вторник | B16: =B11+1 -> 46266 | C16: 8.50-10.20
C17: 10.40-12.10 | D17: Л. Использование электронной информационно-образовательной среды РУС "ГЦОЛИФК" Шевцов А.В. (для направления 49.03.04 Спорт) - Арена УСЗК (Универсальный спортивно-зрелищный комплекс), Мирошников А.Б. (для направления 49.03.01 Физическая культура) - 220 ауд.к.
C18: 13.00-14.30 | D18: Л. Теория и методика физкультурно-оздоровительной деятельности и фитнеса 516мбк | E18: Л. Теория и методика единоборств Прил.1 | F18: Л. Теория и методика каратэ, тхэквондо, киокусинкай, ушу, тяжелоатлетических видов спорта Прил.1 | G18: Л. Теория и методика бокса, кикбоксинга, фехтования, современного пятиборья, стрелковых видов спорта, скалолазания Прил.1
C19: 14.50-16.20
C20: 16.40-18.10
A21: Среда | B21: =B16+1 -> 46267 | C21: 8.50-10.20 | D21: Л. Волейбол Ефимов А.С. 214ауд.к. | E21: Л. Волейбол Ефимов А.С. 214ауд.к. | F21: Л. Волейбол Ефимов А.С. 214ауд.к. | G21: Л. Волейбол Ефимов А.С. 214ауд.к.
C22: 10.40-12.10 | D22: Л. Элективные дисциплины по ФКиС: Подвижные игры Салахудинова Е.С. 214ауд.к. | E22: Л. Элективные дисциплины по ФКиС: Подвижные игры Салахудинова Е.С. 214ауд.к. | F22: Л. Элективные дисциплины по ФКиС: Подвижные игры Салахудинова Е.С. 214ауд.к. | G22: Л. Элективные дисциплины по ФКиС: Подвижные игры Салахудинова Е.С. 214ауд.к.
C23: 13.00-14.30
C24: 14.50-16.20
C25: 16.40-18.10
A26: Четверг | B26: =B21+1 -> 46268 | C26: 8.50-10.20 | D26: Л. Гимнастика Михалина Г.М. 214ауд.к. | E26: Л. Гимнастика Михалина Г.М. 214ауд.к. | F26: Л. Гимнастика Михалина Г.М. 214ауд.к. | G26: Л. Гимнастика Михалина Г.М. 214ауд.к.
C27: 10.40-12.10 | D27: Л. Гимнастика Ростовцева М.Ю. 214ауд.к. | E27: Л. Гимнастика Ростовцева М.Ю. 214ауд.к. | F27: Л. Гимнастика Ростовцева М.Ю. 214ауд.к. | G27: Л. Гимнастика Ростовцева М.Ю. 214ауд.к.
C28: 13.00-14.30 | D28: Л. Информационные технологии в сфере физической культуры и спорта Яшкина Е.Н. 214ауд.к. | E28: Л. Информационные технологии в сфере физической культуры и спорта Яшкина Е.Н. 214ауд.к. | F28: Л. Информационные технологии в сфере физической культуры и спорта Яшкина Е.Н. 214ауд.к. | G28: Л. Информационные технологии в сфере физической культуры и спорта Яшкина Е.Н. 214ауд.к.
C29: 14.50-16.20 | D29: Л. Информационные технологии в сфере физической культуры и спорта Яшкина Е.Н. 214ауд.к. | E29: Л. Информационные технологии в сфере физической культуры и спорта Яшкина Е.Н. 214ауд.к. | F29: Л. Информационные технологии в сфере физической культуры и спорта Яшкина Е.Н. 214ауд.к. | G29: Л. Информационные технологии в сфере физической культуры и спорта Яшкина Е.Н. 214ауд.к.
C30: 16.40-18.10
A31: Пятница | B31: =B26+1 -> 46269 | C31: 8.50-10.20
C32: 10.40-12.10 | D32: Л. Речевое общение в профессиональной деятельности Капустина Ю.А. 214 ауд.к. | E32: Л. Речевое общение в профессиональной деятельности Капустина Ю.А. 214 ауд.к. | F32: Л. Речевое общение в профессиональной деятельности Капустина Ю.А. 214 ауд.к. | G32: Л. Речевое общение в профессиональной деятельности Капустина Ю.А. 214 ауд.к.
C33: 13.00-14.30 | D33: Л. Физическая культура и спорт Мачканова Е.В. 214 ауд.к. | E33: Л. Физическая культура и спорт Мачканова Е.В. 214 ауд.к. | F33: Л. Физическая культура и спорт Мачканова Е.В. 214 ауд.к. | G33: Л. Физическая культура и спорт Мачканова Е.В. 214 ауд.к.
C34: 14.50-16.20 | D34: Л. Гимнастика Парахин В.А. 214 ауд.к. | E34: Л. Гимнастика Парахин В.А. 214 ауд.к. | F34: Л. Гимнастика Парахин В.А. 214 ауд.к. | G34: Л. Гимнастика Парахин В.А. 214 ауд.к.
C35: 16.40-18.10
A36: Суббота | B36: =B31+1 -> 46270 | C36: 8.50-10.20
C37: 10.40-12.10
C38: 13.00-14.30
C39: 14.50-16.20
C40: 16.40-18.10
B42: 10 | C42: *Л. Речевое общение в профессиональной деятельности* | D42: =COUNTIF(D$11:D$40,$C42) -> 1 | E42: =COUNTIF(E$11:E$40,$C42) -> 1 | F42: =COUNTIF(F$11:F$40,$C42) -> 1 | G42: =COUNTIF(G$11:G$40,$C42) -> 1
B43: 22 | C43: *Пр. Речевое общение в профессиональной деятельности* | D43: =COUNTIF(D$11:D$40,$C43) -> 0 | E43: =COUNTIF(E$11:E$40,$C43) -> 0 | F43: =COUNTIF(F$11:F$40,$C43) -> 0 | G43: =COUNTIF(G$11:G$40,$C43) -> 0
B44: 10 | C44: *Л. Физическая культура и спорт* | D44: =COUNTIF(D$11:D$40,$C44) -> 1 | E44: =COUNTIF(E$11:E$40,$C44) -> 1 | F44: =COUNTIF(F$11:F$40,$C44) -> 1 | G44: =COUNTIF(G$11:G$40,$C44) -> 1
B45: 10 | C45: *Пр. Физическая культура и спорт* | D45: =COUNTIF(D$11:D$40,$C45) -> 0 | E45: =COUNTIF(E$11:E$40,$C45) -> 0 | F45: =COUNTIF(F$11:F$40,$C45) -> 0 | G45: =COUNTIF(G$11:G$40,$C45) -> 0
B46: 8 | C46: *Л. Анатомия* | D46: =COUNTIF(D$11:D$40,$C46) -> 0 | E46: =COUNTIF(E$11:E$40,$C46) -> 0 | F46: =COUNTIF(F$11:F$40,$C46) -> 0 | G46: =COUNTIF(G$11:G$40,$C46) -> 0
B47: 24 | C47: *Пр. Анатомия* | D47: =COUNTIF(D$11:D$40,$C47) -> 0 | E47: =COUNTIF(E$11:E$40,$C47) -> 0 | F47: =COUNTIF(F$11:F$40,$C47) -> 0 | G47: =COUNTIF(G$11:G$40,$C47) -> 0
B48: 10 | C48: *Л. Теория и методика* | D48: =COUNTIF(D$11:D$40,$C48) -> 1 | E48: =COUNTIF(E$11:E$40,$C48) -> 1 | F48: =COUNTIF(F$11:F$40,$C48) -> 1 | G48: =COUNTIF(G$11:G$40,$C48) -> 1
B49: 90 | C49: *Пр. Теория и методика* | D49: =COUNTIF(D$11:D$40,$C49) -> 0 | E49: =COUNTIF(E$11:E$40,$C49) -> 0 | F49: =COUNTIF(F$11:F$40,$C49) -> 0 | G49: =COUNTIF(G$11:G$40,$C49) -> 0
B50: 4 | C50: *Л. Информационные технологии* | D50: =COUNTIF(D$11:D$40,$C50) -> 2 | E50: =COUNTIF(E$11:E$40,$C50) -> 2 | F50: =COUNTIF(F$11:F$40,$C50) -> 2 | G50: =COUNTIF(G$11:G$40,$C50) -> 2
B51: 28 | C51: *Пр. Информационные технологии* | D51: =COUNTIF(D$11:D$40,$C51) -> 0 | E51: =COUNTIF(E$11:E$40,$C51) -> 0 | F51: =COUNTIF(F$11:F$40,$C51) -> 0 | G51: =COUNTIF(G$11:G$40,$C51) -> 0
B52: 6 | C52: *Л. Гимнастика* | D52: =COUNTIF(D$11:D$40,$C52) -> 3 | E52: =COUNTIF(E$11:E$40,$C52) -> 3 | F52: =COUNTIF(F$11:F$40,$C52) -> 3 | G52: =COUNTIF(G$11:G$40,$C52) -> 3
B53: 40 | C53: *Пр. Гимнастика* | D53: =COUNTIF(D$11:D$40,$C53) -> 0 | E53: =COUNTIF(E$11:E$40,$C53) -> 0 | F53: =COUNTIF(F$11:F$40,$C53) -> 0 | G53: =COUNTIF(G$11:G$40,$C53) -> 0
... B62: 32 | C62: *Пр. Иностранный* | D62: =COUNTIF(D$11:D$40,$C62) -> 0 | E62: =COUNTIF(E$11:E$40,$C62) -> 0 | F62: =COUNTIF(F$11:F$40,$C62) -> 0 | G62: =COUNTIF(G$11:G$40,$C62) -> 0
D63: =COUNTIF(D$11:D$40,$C63) -> 0 | E63: =COUNTIF(E$11:E$40,$C63) -> 0 | F63: =COUNTIF(F$11:F$40,$C63) -> 0 | G63: =COUNTIF(G$11:G$40,$C63) -> 0
D64: =COUNTIF(D$11:D$40,$C64) -> 0 | E64: =COUNTIF(E$11:E$40,$C64) -> 0 | F64: =COUNTIF(F$11:F$40,$C64) -> 0 | G64: =COUNTIF(G$11:G$40,$C64) -> 0
D65: =COUNTIF(D$11:D$40,$C65) -> 0 | E65: =COUNTIF(E$11:E$40,$C65) -> 0 | F65: =COUNTIF(F$11:F$40,$C65) -> 0 | G65: =COUNTIF(G$11:G$40,$C65) -> 0
D66: =COUNTIF(D$11:D$40,$C66) -> 0 | E66: =COUNTIF(E$11:E$40,$C66) -> 0 | F66: =COUNTIF(F$11:F$40,$C66) -> 0 | G66: =COUNTIF(G$11:G$40,$C66) -> 0
D67: =COUNTIF(D$11:D$40,$C67) -> 0 | E67: =COUNTIF(E$11:E$40,$C67) -> 0 | F67: =COUNTIF(F$11:F$40,$C67) -> 0 | G67: =COUNTIF(G$11:G$40,$C67) -> 0

Sheet 07.09
B1: Расписание учебных занятий на первое полугодие 2026-2027 учебного года
B2: ТРЕНЕРСКИЙ ФАКУЛЬТЕТ, направление подготовки (образовательная программа)
A3: 49.03.04 Спорт*
B4: Факультет адаптивной физической культуры, рекреации и туризма, направление подготовки (образовательная программа)
B5: 49.03.01 Физическая культура*
B6: Курс 1, семестр 1, очная форма обучения
B7: группы С2-07-26, С2-08-26, С2-09-26, Т1-04-26
A9: День недели | B9: Дата | C9: Время | D9: Т1-04-26 | E9: 7 группа | F9: 8 группа | G9: 9 группа
D10: Физкультурно-оздоровительная деятельность и фитнес (ФОДиФ) | E10: Единоборства (армспорт, греко-римская борьба, вольная борьба, дзюдо, самбо, служебно-прикладные единоборства) | F10: киокусинкай, ушу, тхэквондо (ВТФ, ИТФ), тяжелоатлетические виды спорта | G10: Бокс, кикбоксинг, современное пятиборье, фехтование, стрелковые виды спорта, скалолазание
A11: Понедельник | B11: 46272 | C11: 8.50-10.20 | D11: Пр. Информационные технологии в сфере физической культуры и спорта Яшкина Е.Н. 277мбк | E11: Пр. Волейбол Ефимов А.С. 230СК
C12: 10.40-12.10 | D12: Л. Анатомия человека Силаева Л.В. 220 ауд.к. | E12: Л. Анатомия человека Силаева Л.В. 220 ауд.к. | F12: Л. Анатомия человека Силаева Л.В. 220 ауд.к. | G12: Л. Анатомия человека Силаева Л.В. 220 ауд.к.
C13: 13.00-14.30 | D13: Л. Речевое общение в профессиональной деятельности Капустина Ю.А. 214 ауд.к. | E13: Л. Речевое общение в профессиональной деятельности Капустина Ю.А. 214 ауд.к. | F13: Л. Речевое общение в профессиональной деятельности Капустина Ю.А. 214 ауд.к. | G13: Л. Речевое общение в профессиональной деятельности Капустина Ю.А. 214 ауд.к.
C14: 14.50-16.20 | D14: Л. Физическая культура и спорт Мачканова Е.В. 220 ауд.к. | E14: Л. Физическая культура и спорт Мачканова Е.В. 220 ауд.к. | F14: Л. Физическая культура и спорт Мачканова Е.В. 220 ауд.к. | G14: Л. Физическая культура и спорт Мачканова Е.В. 220 ауд.к.
C15: 16.40-18.10
A16: Вторник | B16: =B11+1 -> 46273 | C16: 8.50-10.20 | D16: Пр. Теория и методика физкультурно-оздоровительной деятельности и фитнеса Прил.1 | E16: Пр. Теория и методика единоборств Прил.1 | F16: Пр. Теория и методика каратэ, тхэквондо, киокусинкай, ушу, тяжелоатлетических видов спорта Прил.1 | G16: Пр. Теория и методика бокса, кикбоксинга, фехтования, современного пятиборья, стрелковых видов спорта, скалолазания Прил.1
C17: 10.40-12.10 | D17: Пр. Теория и методика физкультурно-оздоровительной деятельности и фитнеса Прил.1 | E17: Пр. Теория и методика единоборств Прил.1 | F17: Пр. Теория и методика каратэ, тхэквондо, киокусинкай, ушу, тяжелоатлетических видов спорта Прил.1 | G17: Пр. Теория и методика бокса, кикбоксинга, фехтования, современного пятиборья, стрелковых видов спорта, скалолазания Прил.1
C18: 13.00-14.30 | D18: Пр. Иностранный язык Литвинов С.В. 512гл.к. | E18: Пр. Волейбол Ефимов А.С. 230СК | G18: Пр. Гимнастика Дубовицкая И.А. 210СК
C19: 14.50-16.20 | D19: Пр. Волейбол Ефимов А.С. 230СК | E19: Пр. Иностранный язык Литвинов С.В. 512гл.к.
C20: 16.40-18.10
A21: Среда | B21: =B16+1 -> 46274 | C21: 8.50-10.20 | F21: Пр. Гимнастика Дубовицкая И.А. 210СК | G21: Пр. Информационные технологии в сфере физической культуры и спорта Яшкина Е.Н. 277мбк
C22: 10.40-12.10 | E22: Пр. Гимнастика Колесникова Е.С. 206СК | F22: Пр. Информационные технологии в сфере физической культуры и спорта Яшкина Е.Н. 277мбк | G22: Пр. Элективные дисциплины по ФКиС: Подвижные игры Дробышевская Н.В. Модуль Б
C23: 13.00-14.30 | D23: Пр. Элективные дисциплины по ФКиС: Подвижные игры Салахудинова Е.С. Модуль Б | E23: Пр. Информационные технологии в сфере физической культуры и спорта Яшкина Е.Н. 277мбк | F23: Пр. Иностранный язык Литвинов С.В. 508гл.к. | G23: Пр. Волейбол Ананьин А.С. 230СК
C24: 14.50-16.20 | D24: Пр. Волейбол Ефимов А.С. 230СК | E24: Пр. Элективные дисциплины по ФКиС: Подвижные игры Салахудинова Е.С. Модуль Б | G24: Пр. Иностранный язык Литвинов С.В. 508гл.к.
C25: 16.40-18.10
A26: Четверг | B26: =B21+1 -> 46275 | C26: 8.50-10.20
C27: 10.40-12.10
C28: 13.00-14.30 | F28: Пр. Элективные дисциплины по ФКиС: Подвижные игры Дробышевская Н.В. Модуль Б
C29: 14.50-16.20 | F29: Пр. Волейбол Суханова А.В. 230СК
C30: 16.40-18.10
A31: Пятница | B31: =B26+1 -> 46276 | C31: 8.50-10.20
C32: 10.40-12.10 | D32: Пр. Гимнастика Андреасян К.Б. 205СК | E32: Пр. Гимнастика Колесникова Е.С. 206СК | F32: Пр. Волейбол Суханова А.В. 230СК | G32: Пр. Волейбол Ананьин А.С. 230СК
C33: 13.00-14.30 | D33: Пр. Теория и методика физкультурно-оздоровительной деятельности и фитнеса Прил.1 | E33: Пр. Теория и методика единоборств Прил.1 | F33: Пр. Теория и методика каратэ, тхэквондо, киокусинкай, ушу, тяжелоатлетических видов спорта Прил.1 | G33: Пр. Теория и методика бокса, кикбоксинга, фехтования, современного пятиборья, стрелковых видов спорта, скалолазания Прил.1
C34: 14.50-16.20 | D34: Пр. Теория и методика физкультурно-оздоровительной деятельности и фитнеса Прил.1 | E34: Пр. Теория и методика единоборств Прил.1 | F34: Пр. Теория и методика каратэ, тхэквондо, киокусинкай, ушу, тяжелоатлетических видов спорта Прил.1 | G34: Пр. Теория и методика бокса, кикбоксинга, фехтования, современного пятиборья, стрелковых видов спорта, скалолазания Прил.1
C35: 16.40-18.10
A36: Суббота | B36: =B31+1 -> 46277 | C36: 8.50-10.20
C37: 10.40-12.10
C38: 13.00-14.30
C39: 14.50-16.20
C40: 16.40-18.10
D41: * Профили (направленность) указанны на титульном листе
C42: ='01.09'!C42 -> *Л. Речевое общение в профессиональной деятельности* | D42: ='01.09'!D42+COUNTIF(D$11:D$40,$C42) -> 2 | E42: ='01.09'!E42+COUNTIF(E$11:E$40,$C42) -> 2 | F42: ='01.09'!F42+COUNTIF(F$11:F$40,$C42) -> 2 | G42: ='01.09'!G42+COUNTIF(G$11:G$40,$C42) -> 2
C43: ='01.09'!C43 -> *Пр. Речевое общение в профессиональной деятельности* | D43: ='01.09'!D43+COUNTIF(D$11:D$40,$C43) -> 0 | E43: ='01.09'!E43+COUNTIF(E$11:E$40,$C43) -> 0 | F43: ='01.09'!F43+COUNTIF(F$11:F$40,$C43) -> 0 | G43: ='01.09'!G43+COUNTIF(G$11:G$40,$C43) -> 0
C44: ='01.09'!C44 -> *Л. Физическая культура и спорт* | D44: ='01.09'!D44+COUNTIF(D$11:D$40,$C44) -> 2 | E44: ='01.09'!E44+COUNTIF(E$11:E$40,$C44) -> 2 | F44: ='01.09'!F44+COUNTIF(F$11:F$40,$C44) -> 2 | G44: ='01.09'!G44+COUNTIF(G$11:G$40,$C44) -> 2
C45: ='01.09'!C45 -> *Пр. Физическая культура и спорт* | D45: ='01.09'!D45+COUNTIF(D$11:D$40,$C45) -> 0 | E45: ='01.09'!E45+COUNTIF(E$11:E$40,$C45) -> 0 | F45: ='01.09'!F45+COUNTIF(F$11:F$40,$C45) -> 0 | G45: ='01.09'!G45+COUNTIF(G$11:G$40,$C45) -> 0
C46: ='01.09'!C46 -> *Л. Анатомия* | D46: ='01.09'!D46+COUNTIF(D$11:D$40,$C46) -> 1 | E46: ='01.09'!E46+COUNTIF(E$11:E$40,$C46) -> 1 | F46: ='01.09'!F46+COUNTIF(F$11:F$40,$C46) -> 1 | G46: ='01.09'!G46+COUNTIF(G$11:G$40,$C46) -> 1
C47: ='01.09'!C47 -> *Пр. Анатомия* | D47: ='01.09'!D47+COUNTIF(D$11:D$40,$C47) -> 0 | E47: ='01.09'!E47+COUNTIF(E$11:E$40,$C47) -> 0 | F47: ='01.09'!F47+COUNTIF(F$11:F$40,$C47) -> 0 | G47: ='01.09'!G47+COUNTIF(G$11:G$40,$C47) -> 0
C48: ='01.09'!C48 -> *Л. Теория и методика* | D48: ='01.09'!D48+COUNTIF(D$11:D$40,$C48) -> 1 | E48: ='01.09'!E48+COUNTIF(E$11:E$40,$C48) -> 1 | F48: ='01.09'!F48+COUNTIF(F$11:F$40,$C48) -> 1 | G48: ='01.09'!G48+COUNTIF(G$11:G$40,$C48) -> 1
C49: ='01.09'!C49 -> *Пр. Теория и методика* | D49: ='01.09'!D49+COUNTIF(D$11:D$40,$C49) -> 4 | E49: ='01.09'!E49+COUNTIF(E$11:E$40,$C49) -> 4 | F49: ='01.09'!F49+COUNTIF(F$11:F$40,$C49) -> 4 | G49: ='01.09'!G49+COUNTIF(G$11:G$40,$C49) -> 4
C50: ='01.09'!C50 -> *Л. Информационные технологии* | D50: ='01.09'!D50+COUNTIF(D$11:D$40,$C50) -> 2 | E50: ='01.09'!E50+COUNTIF(E$11:E$40,$C50) -> 2 | F50: ='01.09'!F50+COUNTIF(F$11:F$40,$C50) -> 2 | G50: ='01.09'!G50+COUNTIF(G$11:G$40,$C50) -> 2
C51: ='01.09'!C51 -> *Пр. Информационные технологии* | D51: ='01.09'!D51+COUNTIF(D$11:D$40,$C51) -> 1 | E51: ='01.09'!E51+COUNTIF(E$11:E$40,$C51) -> 1 | F51: ='01.09'!F51+COUNTIF(F$11:F$40,$C51) -> 1 | G51: ='01.09'!G51+COUNTIF(G$11:G$40,$C51) -> 1
C52: ='01.09'!C52 -> *Л. Гимнастика* | D52: ='01.09'!D52+COUNTIF(D$11:D$40,$C52) -> 3 | E52: ='01.09'!E52+COUNTIF(E$11:E$40,$C52) -> 3 | F52: ='01.09'!F52+COUNTIF(F$11:F$40,$C52) -> 3 | G52: ='01.09'!G52+COUNTIF(G$11:G$40,$C52) -> 3
C53: ='01.09'!C53 -> *Пр. Гимнастика* | D53: ='01.09'!D53+COUNTIF(D$11:D$40,$C53) -> 1 | E53: ='01.09'!E53+COUNTIF(E$11:E$40,$C53) -> 2 | F53: ='01.09'!F53+COUNTIF(F$11:F$40,$C53) -> 1 | G53: ='01.09'!G53+COUNTIF(G$11:G$40,$C53) -> 1
... C67: ='01.09'!C67 -> 0 | D67: ='01.09'!D67+COUNTIF(D$11:D$40,$C67) -> 0 | E67: ='01.09'!E67+COUNTIF(E$11:E$40,$C67) -> 0 | F67: ='01.09'!F67+COUNTIF(F$11:F$40,$C67) -> 0 | G67: ='01.09'!G67+COUNTIF(G$11:G$40,$C67) -> 0

Sheet 14.09
B1: Расписание учебных занятий на второе полугодие 2025-2026 учебного года
B2: ТРЕНЕРСКИЙ ФАКУЛЬТЕТ, направление подготовки (образовательная программа)
A3: 49.03.04 Спорт*
B4: Факультет адаптивной физической культуры, рекреации и туризма, направление подготовки (образовательная программа)
B5: 49.03.01 Физическая культура*
B6: Курс 1, семестр 2, очная форма обучения
B7: группы С2-07-26, С2-08-26, С2-09-26, Т1-04-26
A9: День недели | B9: Дата | C9: Время | D9: Т1-04-26 | E9: 7 группа | F9: 8 группа | G9: 9 группа
D10: Физкультурно-оздоровительная деятельность и фитнес (ФОДиФ) | E10: Единоборства (армспорт, греко-римская борьба, вольная борьба, дзюдо, самбо, служебно-прикладные единоборства) | F10: киокусинкай, ушу, тхэквондо (ВТФ, ИТФ), тяжелоатлетические виды спорта | G10: Бокс, кикбоксинг, современное пятиборье, фехтование, стрелковые виды спорта, скалолазание
A11: Понедельник | B11: 46279 | C11: 8.50-10.20 | D11: Пр. Информационные технологии в сфере физической культуры и спорта Яшкина Е.Н. 277мбк | E11: Пр. Волейбол Ефимов А.С. 230СК
C12: 10.40-12.10 | D12: Л. Анатомия человека Силаева Л.В. 220 ауд.к. | E12: Л. Анатомия человека Силаева Л.В. 220 ауд.к. | F12: Л. Анатомия человека Силаева Л.В. 220 ауд.к. | G12: Л. Анатомия человека Силаева Л.В. 220 ауд.к.
C13: 13.00-14.30 | D13: Л. Речевое общение в профессиональной деятельности Капустина Ю.А. 220 ауд.к. | E13: Л. Речевое общение в профессиональной деятельности Капустина Ю.А. 220 ауд.к. | F13: Л. Речевое общение в профессиональной деятельности Капустина Ю.А. 220 ауд.к. | G13: Л. Речевое общение в профессиональной деятельности Капустина Ю.А. 220 ауд.к.
C14: 14.50-16.20 | D14: Л. Физическая культура и спорт Мачканова Е.В. 220 ауд.к. | E14: Л. Физическая культура и спорт Мачканова Е.В. 220 ауд.к. | F14: Л. Физическая культура и спорт Мачканова Е.В. 220 ауд.к. | G14: Л. Физическая культура и спорт Мачканова Е.В. 220 ауд.к.
C15: 16.40-18.10
A16: Вторник | B16: =B11+1 -> 46280 | C16: 8.50-10.20 | D16: Пр. Теория и методика физкультурно-оздоровительной деятельности и фитнеса Прил.1 | E16: Пр. Теория и методика единоборств Прил.1 | F16: Пр. Теория и методика каратэ, тхэквондо, киокусинкай, ушу, тяжелоатлетических видов спорта Прил.1 | G16: Пр. Теория и методика бокса, кикбоксинга, фехтования, современного пятиборья, стрелковых видов спорта, скалолазания Прил.1
C17: 10.40-12.10 | D17: Пр. Теория и методика физкультурно-оздоровительной деятельности и фитнеса Прил.1 | E17: Пр. Теория и методика единоборств Прил.1 | F17: Пр. Теория и методика каратэ, тхэквондо, киокусинкай, ушу, тяжелоатлетических видов спорта Прил.1 | G17: Пр. Теория и методика бокса, кикбоксинга, фехтования, современного пятиборья, стрелковых видов спорта, скалолазания Прил.1
C18: 13.00-14.30 | D18: Пр. Иностранный язык Литвинов С.В. 512гл.к. | E18: Пр. Волейбол Ефимов А.С. 230СК | G18: Пр. Гимнастика Дубовицкая И.А. 210СК
C19: 14.50-16.20 | D19: Пр. Волейбол Ефимов А.С. 230СК | E19: Пр. Иностранный язык Литвинов С.В. 512гл.к.
C20: 16.40-18.10
A21: Среда | B21: =B16+1 -> 46281 | C21: 8.50-10.20 | F21: Пр. Гимнастика Дубовицкая И.А. 210СК | G21: Пр. Информационные технологии в сфере физической культуры и спорта Яшкина Е.Н. 277мбк
C22: 10.40-12.10 | E22: Пр. Гимнастика Колесникова Е.С. 206СК | F22: Пр. Информационные технологии в сфере физической культуры и спорта Яшкина Е.Н. 277мбк | G22: Пр. Элективные дисциплины по ФКиС: Подвижные игры Дробышевская Н.В. Модуль Б
C23: 13.00-14.30 | D23: Пр. Элективные дисциплины по ФКиС: Подвижные игры Салахудинова Е.С. Модуль Б | E23: Пр. Информационные технологии в сфере физической культуры и спорта Яшкина Е.Н. 277мбк | F23: Пр. Иностранный язык Литвинов С.В. 508гл.к. | G23: Пр. Волейбол Ананьин А.С. 230СК
C24: 14.50-16.20 | D24: Пр. Волейбол Ефимов А.С. 230СК | E24: Пр. Элективные дисциплины по ФКиС: Подвижные игры Салахудинова Е.С. Модуль Б | G24: Пр. Иностранный язык Литвинов С.В. 508гл.к.
C25: 16.40-18.10
A26: Четверг | B26: =B21+1 -> 46282 | C26: 8.50-10.20
C27: 10.40-12.10
C28: 13.00-14.30 | F28: Пр. Элективные дисциплины по ФКиС: Подвижные игры Дробышевская Н.В. Модуль Б
C29: 14.50-16.20 | F29: Пр. Волейбол Суханова А.В. 230СК
C30: 16.40-18.10
A31: Пятница | B31: =B26+1 -> 46283 | C31: 8.50-10.20
C32: 10.40-12.10 | D32: Пр. Гимнастика Андреасян К.Б. 205СК | E32: Пр. Гимнастика Колесникова Е.С. 206СК | F32: Пр. Волейбол Суханова А.В. 230СК | G32: Пр. Волейбол Ананьин А.С. 230СК
C33: 13.00-14.30 | D33: Пр. Теория и методика физкультурно-оздоровительной деятельности и фитнеса Прил.1 | E33: Пр. Теория и методика единоборств Прил.1 | F33: Пр. Теория и методика каратэ, тхэквондо, киокусинкай, ушу, тяжелоатлетических видов спорта Прил.1 | G33: Пр. Теория и методика бокса, кикбоксинга, фехтования, современного пятиборья, стрелковых видов спорта, скалолазания Прил.1
C34: 14.50-16.20 | D34: Пр. Теория и методика физкультурно-оздоровительной деятельности и фитнеса Прил.1 | E34: Пр. Теория и методика единоборств Прил.1 | F34: Пр. Теория и методика каратэ, тхэквондо, киокусинкай, ушу, тяжелоатлетических видов спорта Прил.1 | G34: Пр. Теория и методика бокса, кикбоксинга, фехтования, современного пятиборья, стрелковых видов спорта, скалолазания Прил.1
C35: 16.40-18.10
A36: Суббота | B36: =B31+1 -> 46284 | C36: 8.50-10.20
C37: 10.40-12.10
C38: 13.00-14.30
C39: 14.50-16.20
C40: 16.40-18.10
D41: * Профили (направленность) указанны на титульном листе
C42: ='01.09'!C42 -> *Л. Речевое общение в профессиональной деятельности* | D42: ='07.09'!D42+COUNTIF(D$11:D$40,$C42) -> 3 | E42: ='07.09'!E42+COUNTIF(E$11:E$40,$C42) -> 3 | F42: ='07.09'!F42+COUNTIF(F$11:F$40,$C42) -> 3 | G42: ='07.09'!G42+COUNTIF(G$11:G$40,$C42) -> 3
C43: ='01.09'!C43 -> *Пр. Речевое общение в профессиональной деятельности* | D43: ='07.09'!D43+COUNTIF(D$11:D$40,$C43) -> 0 | E43: ='07.09'!E43+COUNTIF(E$11:E$40,$C43) -> 0 | F43: ='07.09'!F43+COUNTIF(F$11:F$40,$C43) -> 0 | G43: ='07.09'!G43+COUNTIF(G$11:G$40,$C43) -> 0
C44: ='01.09'!C44 -> *Л. Физическая культура и спорт* | D44: ='07.09'!D44+COUNTIF(D$11:D$40,$C44) -> 3 | E44: ='07.09'!E44+COUNTIF(E$11:E$40,$C44) -> 3 | F44: ='07.09'!F44+COUNTIF(F$11:F$40,$C44) -> 3 | G44: ='07.09'!G44+COUNTIF(G$11:G$40,$C44) -> 3
C45: ='01.09'!C45 -> *Пр. Физическая культура и спорт* | D45: ='07.09'!D45+COUNTIF(D$11:D$40,$C45) -> 0 | E45: ='07.09'!E45+COUNTIF(E$11:E$40,$C45) -> 0 | F45: ='07.09'!F45+COUNTIF(F$11:F$40,$C45) -> 0 | G45: ='07.09'!G45+COUNTIF(G$11:G$40,$C45) -> 0
C46: ='01.09'!C46 -> *Л. Анатомия* | D46: ='07.09'!D46+COUNTIF(D$11:D$40,$C46) -> 2 | E46: ='07.09'!E46+COUNTIF(E$11:E$40,$C46) -> 2 | F46: ='07.09'!F46+COUNTIF(F$11:F$40,$C46) -> 2 | G46: ='07.09'!G46+COUNTIF(G$11:G$40,$C46) -> 2
C47: ='01.09'!C47 -> *Пр. Анатомия* | D47: ='07.09'!D47+COUNTIF(D$11:D$40,$C47) -> 0 | E47: ='07.09'!E47+COUNTIF(E$11:E$40,$C47) -> 0 | F47: ='07.09'!F47+COUNTIF(F$11:F$40,$C47) -> 0 | G47: ='07.09'!G47+COUNTIF(G$11:G$40,$C47) -> 0
C48: ='01.09'!C48 -> *Л. Теория и методика* | D48: ='07.09'!D48+COUNTIF(D$11:D$40,$C48) -> 1 | E48: ='07.09'!E48+COUNTIF(E$11:E$40,$C48) -> 1 | F48: ='07.09'!F48+COUNTIF(F$11:F$40,$C48) -> 1 | G48: ='07.09'!G48+COUNTIF(G$11:G$40,$C48) -> 1
C49: ='01.09'!C49 -> *Пр. Теория и методика* | D49: ='07.09'!D49+COUNTIF(D$11:D$40,$C49) -> 8 | E49: ='07.09'!E49+COUNTIF(E$11:E$40,$C49) -> 8 | F49: ='07.09'!F49+COUNTIF(F$11:F$40,$C49) -> 8 | G49: ='07.09'!G49+COUNTIF(G$11:G$40,$C49) -> 8
C50: ='01.09'!C50 -> *Л. Информационные технологии* | D50: ='07.09'!D50+COUNTIF(D$11:D$40,$C50) -> 2 | E50: ='07.09'!E50+COUNTIF(E$11:E$40,$C50) -> 2 | F50: ='07.09'!F50+COUNTIF(F$11:F$40,$C50) -> 2 | G50: ='07.09'!G50+COUNTIF(G$11:G$40,$C50) -> 2
C51: ='01.09'!C51 -> *Пр. Информационные технологии* | D51: ='07.09'!D51+COUNTIF(D$11:D$40,$C51) -> 2 | E51: ='07.09'!E51+COUNTIF(E$11:E$40,$C51) -> 2 | F51: ='07.09'!F51+COUNTIF(F$11:F$40,$C51) -> 2 | G51: ='07.09'!G51+COUNTIF(G$11:G$40,$C51) -> 2
C52: ='01.09'!C52 -> *Л. Гимнастика* | D52: ='07.09'!D52+COUNTIF(D$11:D$40,$C52) -> 3 | E52: ='07.09'!E52+COUNTIF(E$11:E$40,$C52) -> 3 | F52: ='07.09'!F52+COUNTIF(F$11:F$40,$C52) -> 3 | G52: ='07.09'!G52+COUNTIF(G$11:G$40,$C52) -> 3
C53: ='01.09'!C53 -> *Пр. Гимнастика* | D53: ='07.09'!D53+COUNTIF(D$11:D$40,$C53) -> 2 | E53: ='07.09'!E53+COUNTIF(E$11:E$40,$C53) -> 4 | F53: ='07.09'!F53+COUNTIF(F$11:F$40,$C53) -> 2 | G53: ='07.09'!G53+COUNTIF(G$11:G$40,$C53) -> 2
... C67: ='01.09'!C67 -> 0 | D67: ='07.09'!D67+COUNTIF(D$11:D$40,$C67) -> 0 | E67: ='07.09'!E67+COUNTIF(E$11:E$40,$C67) -> 0 | F67: ='07.09'!F67+COUNTIF(F$11:F$40,$C67) -> 0 | G67: ='07.09'!G67+COUNTIF(G$11:G$40,$C67) -> 0

Sheet 21.09
B1: Расписание учебных занятий на второе полугодие 2025-2026 учебного года
B2: ТРЕНЕРСКИЙ ФАКУЛЬТЕТ, направление подготовки (образовательная программа)
A3: 49.03.04 Спорт*
B4: Факультет адаптивной физической культуры, рекреации и туризма, направление подготовки (образовательная программа)
B5: 49.03.01 Физическая культура*
B6: Курс 1, семестр 2, очная форма обучения
B7: группы С2-07-26, С2-08-26, С2-09-26, Т1-04-26
A9: День недели | B9: Дата | C9: Время | D9: Т1-04-26 | E9: 7 группа | F9: 8 группа | G9: 9 группа
D10: Физкультурно-оздоровительная деятельность и фитнес (ФОДиФ) | E10: Единоборства (армспорт, греко-римская борьба, вольная борьба, дзюдо, самбо, служебно-прикладные единоборства) | F10: киокусинкай, ушу, тхэквондо (ВТФ, ИТФ), тяжелоатлетические виды спорта | G10: Бокс, кикбоксинг, современное пятиборье, фехтование, стрелковые виды спорта, скалолазание
A11: Понедельник | B11: 46286 | C11: 8.50-10.20 | D11: Пр. Информационные технологии в сфере физической культуры и спорта Яшкина Е.Н. 277мбк | E11: Пр. Волейбол Ефимов А.С. 230СК
C12: 10.40-12.10 | D12: Л. Анатомия человека Силаева Л.В. 216 ауд.к. | E12: Л. Анатомия человека Силаева Л.В. 216 ауд.к. | F12: Л. Анатомия человека Силаева Л.В. 216 ауд.к. | G12: Л. Анатомия человека Силаева Л.В. 216 ауд.к.
C13: 13.00-14.30 | D13: Л. Речевое общение в профессиональной деятельности Капустина Ю.А. 216 ауд.к. | E13: Л. Речевое общение в профессиональной деятельности Капустина Ю.А. 216 ауд.к. | F13: Л. Речевое общение в профессиональной деятельности Капустина Ю.А. 216 ауд.к. | G13: Л. Речевое общение в профессиональной деятельности Капустина Ю.А. 216 ауд.к.
C14: 14.50-16.20 | D14: Л. Физическая культура и спорт Мачканова Е.В. 216 ауд.к. | E14: Л. Физическая культура и спорт Мачканова Е.В. 216 ауд.к. | F14: Л. Физическая культура и спорт Мачканова Е.В. 216 ауд.к. | G14: Л. Физическая культура и спорт Мачканова Е.В. 216 ауд.к.
C15: 16.40-18.10
A16: Вторник | B16: =B11+1 -> 46287 | C16: 8.50-10.20 | D16: Пр. Теория и методика физкультурно-оздоровительной деятельности и фитнеса Прил.1 | E16: Пр. Теория и методика единоборств Прил.1 | F16: Пр. Теория и методика каратэ, тхэквондо, киокусинкай, ушу, тяжелоатлетических видов спорта Прил.1 | G16: Пр. Теория и методика бокса, кикбоксинга, фехтования, современного пятиборья, стрелковых видов спорта, скалолазания Прил.1
C17: 10.40-12.10 | D17: Пр. Теория и методика физкультурно-оздоровительной деятельности и фитнеса Прил.1 | E17: Пр. Теория и методика единоборств Прил.1 | F17: Пр. Теория и методика каратэ, тхэквондо, киокусинкай, ушу, тяжелоатлетических видов спорта Прил.1 | G17: Пр. Теория и методика бокса, кикбоксинга, фехтования, современного пятиборья, стрелковых видов спорта, скалолазания Прил.1
C18: 13.00-14.30 | D18: Пр. Иностранный язык Литвинов С.В. 512гл.к. | E18: Пр. Волейбол Ефимов А.С. 230СК | G18: Пр. Гимнастика Дубовицкая И.А. 210СК
C19: 14.50-16.20 | D19: Пр. Волейбол Ефимов А.С. 230СК | E19: Пр. Иностранный язык Литвинов С.В. 512гл.к.
C20: 16.40-18.10
A21: Среда | B21: =B16+1 -> 46288 | C21: 8.50-10.20 | F21: Пр. Гимнастика Дубовицкая И.А. 210СК | G21: Пр. Информационные технологии в сфере физической культуры и спорта Яшкина Е.Н. 277мбк
C22: 10.40-12.10 | E22: Пр. Гимнастика Колесникова Е.С. 206СК | F22: Пр. Информационные технологии в сфере физической культуры и спорта Яшкина Е.Н. 277мбк | G22: Пр. Элективные дисциплины по ФКиС: Подвижные игры Дробышевская Н.В. Модуль Б
C23: 13.00-14.30 | D23: Пр. Элективные дисциплины по ФКиС: Подвижные игры Салахудинова Е.С. Модуль Б | E23: Пр. Информационные технологии в сфере физической культуры и спорта Яшкина Е.Н. 277мбк | F23: Пр. Иностранный язык Литвинов С.В. 508гл.к. | G23: Пр. Волейбол Ананьин А.С. 230СК
C24: 14.50-16.20 | D24: Пр. Волейбол Ефимов А.С. 230СК | E24: Пр. Элективные дисциплины по ФКиС: Подвижные игры Салахудинова Е.С. Модуль Б | G24: Пр. Иностранный язык Литвинов С.В. 508гл.к.
C25: 16.40-18.10
A26: Четверг | B26: =B21+1 -> 46289 | C26: 8.50-10.20
C27: 10.40-12.10
C28: 13.00-14.30 | F28: Пр. Элективные дисциплины по ФКиС: Подвижные игры Дробышевская Н.В. Модуль Б
C29: 14.50-16.20 | F29: Пр. Волейбол Суханова А.В. 230СК
C30: 16.40-18.10
A31: Пятница | B31: =B26+1 -> 46290 | C31: 8.50-10.20
C32: 10.40-12.10 | D32: Пр. Гимнастика Андреасян К.Б. 205СК | E32: Пр. Гимнастика Колесникова Е.С. 206СК | F32: Пр. Волейбол Суханова А.В. 230СК | G32: Пр. Волейбол Ананьин А.С. 230СК
C33: 13.00-14.30 | D33: Пр. Теория и методика физкультурно-оздоровительной деятельности и фитнеса Прил.1 | E33: Пр. Теория и методика единоборств Прил.1 | F33: Пр. Теория и методика каратэ, тхэквондо, киокусинкай, ушу, тяжелоатлетических видов спорта Прил.1 | G33: Пр. Теория и методика бокса, кикбоксинга, фехтования, современного пятиборья, стрелковых видов спорта, скалолазания Прил.1
C34: 14.50-16.20 | D34: Пр. Теория и методика физкультурно-оздоровительной деятельности и фитнеса Прил.1 | E34: Пр. Теория и методика единоборств Прил.1 | F34: Пр. Теория и методика каратэ, тхэквондо, киокусинкай, ушу, тяжелоатлетических видов спорта Прил.1 | G34: Пр. Теория и методика бокса, кикбоксинга, фехтования, современного пятиборья, стрелковых видов спорта, скалолазания Прил.1
C35: 16.40-18.10
A36: Суббота | B36: =B31+1 -> 46291 | C36: 8.50-10.20
C37: 10.40-12.10
C38: 13.00-14.30
C39: 14.50-16.20
C40: 16.40-18.10
D41: * Профили (направленность) указанны на титульном листе
C42: ='01.09'!C42 -> *Л. Речевое общение в профессиональной деятельности* | D42: ='14.09'!D42+COUNTIF(D$11:D$40,$C42) -> 4 | E42: ='14.09'!E42+COUNTIF(E$11:E$40,$C42) -> 4 | F42: ='14.09'!F42+COUNTIF(F$11:F$40,$C42) -> 4 | G42: ='14.09'!G42+COUNTIF(G$11:G$40,$C42) -> 4
C43: ='01.09'!C43 -> *Пр. Речевое общение в профессиональной деятельности* | D43: ='14.09'!D43+COUNTIF(D$11:D$40,$C43) -> 0 | E43: ='14.09'!E43+COUNTIF(E$11:E$40,$C43) -> 0 | F43: ='14.09'!F43+COUNTIF(F$11:F$40,$C43) -> 0 | G43: ='14.09'!G43+COUNTIF(G$11:G$40,$C43) -> 0
C44: ='01.09'!C44 -> *Л. Физическая культура и спорт* | D44: ='14.09'!D44+COUNTIF(D$11:D$40,$C44) -> 4 | E44: ='14.09'!E44+COUNTIF(E$11:E$40,$C44) -> 4 | F44: ='14.09'!F44+COUNTIF(F$11:F$40,$C44) -> 4 | G44: ='14.09'!G44+COUNTIF(G$11:G$40,$C44) -> 4
C45: ='01.09'!C45 -> *Пр. Физическая культура и спорт* | D45: ='14.09'!D45+COUNTIF(D$11:D$40,$C45) -> 0 | E45: ='14.09'!E45+COUNTIF(E$11:E$40,$C45) -> 0 | F45: ='14.09'!F45+COUNTIF(F$11:F$40,$C45) -> 0 | G45: ='14.09'!G45+COUNTIF(G$11:G$40,$C45) -> 0
C46: ='01.09'!C46 -> *Л. Анатомия* | D46: ='14.09'!D46+COUNTIF(D$11:D$40,$C46) -> 3 | E46: ='14.09'!E46+COUNTIF(E$11:E$40,$C46) -> 3 | F46: ='14.09'!F46+COUNTIF(F$11:F$40,$C46) -> 3 | G46: ='14.09'!G46+COUNTIF(G$11:G$40,$C46) -> 3
C47: ='01.09'!C47 -> *Пр. Анатомия* | D47: ='14.09'!D47+COUNTIF(D$11:D$40,$C47) -> 0 | E47: ='14.09'!E47+COUNTIF(E$11:E$40,$C47) -> 0 | F47: ='14.09'!F47+COUNTIF(F$11:F$40,$C47) -> 0 | G47: ='14.09'!G47+COUNTIF(G$11:G$40,$C47) -> 0
C48: ='01.09'!C48 -> *Л. Теория и методика* | D48: ='14.09'!D48+COUNTIF(D$11:D$40,$C48) -> 1 | E48: ='14.09'!E48+COUNTIF(E$11:E$40,$C48) -> 1 | F48: ='14.09'!F48+COUNTIF(F$11:F$40,$C48) -> 1 | G48: ='14.09'!G48+COUNTIF(G$11:G$40,$C48) -> 1
C49: ='01.09'!C49 -> *Пр. Теория и методика* | D49: ='14.09'!D49+COUNTIF(D$11:D$40,$C49) -> 12 | E49: ='14.09'!E49+COUNTIF(E$11:E$40,$C49) -> 12 | F49: ='14.09'!F49+COUNTIF(F$11:F$40,$C49) -> 12 | G49: ='14.09'!G49+COUNTIF(G$11:G$40,$C49) -> 12
C50: ='01.09'!C50 -> *Л. Информационные технологии* | D50: ='14.09'!D50+COUNTIF(D$11:D$40,$C50) -> 2 | E50: ='14.09'!E50+COUNTIF(E$11:E$40,$C50) -> 2 | F50: ='14.09'!F50+COUNTIF(F$11:F$40,$C50) -> 2 | G50: ='14.09'!G50+COUNTIF(G$11:G$40,$C50) -> 2
C51: ='01.09'!C51 -> *Пр. Информационные технологии* | D51: ='14.09'!D51+COUNTIF(D$11:D$40,$C51) -> 3 | E51: ='14.09'!E51+COUNTIF(E$11:E$40,$C51) -> 3 | F51: ='14.09'!F51+COUNTIF(F$11:F$40,$C51) -> 3 | G51: ='14.09'!G51+COUNTIF(G$11:G$40,$C51) -> 3
C52: ='01.09'!C52 -> *Л. Гимнастика* | D52: ='14.09'!D52+COUNTIF(D$11:D$40,$C52) -> 3 | E52: ='14.09'!E52+COUNTIF(E$11:E$40,$C52) -> 3 | F52: ='14.09'!F52+COUNTIF(F$11:F$40,$C52) -> 3 | G52: ='14.09'!G52+COUNTIF(G$11:G$40,$C52) -> 3
C53: ='01.09'!C53 -> *Пр. Гимнастика* | D53: ='14.09'!D53+COUNTIF(D$11:D$40,$C53) -> 3 | E53: ='14.09'!E53+COUNTIF(E$11:E$40,$C53) -> 6 | F53: ='14.09'!F53+COUNTIF(F$11:F$40,$C53) -> 3 | G53: ='14.09'!G53+COUNTIF(G$11:G$40,$C53) -> 3
... C67: ='01.09'!C67 -> 0 | D67: ='14.09'!D67+COUNTIF(D$11:D$40,$C67) -> 0 | E67: ='14.09'!E67+COUNTIF(E$11:E$40,$C67) -> 0 | F67: ='14.09'!F67+COUNTIF(F$11:F$40,$C67) -> 0 | G67: ='14.09'!G67+COUNTIF(G$11:G$40,$C67) -> 0

Sheet 28.09
B1: Расписание учебных занятий на второе полугодие 2025-2026 учебного года
B2: ТРЕНЕРСКИЙ ФАКУЛЬТЕТ, направление подготовки (образовательная программа)
A3: 49.03.04 Спорт*
B4: Факультет адаптивной физической культуры, рекреации и туризма, направление подготовки (образовательная программа)
B5: 49.03.01 Физическая культура*
B6: Курс 1, семестр 2, очная форма обучения
B7: группы С2-07-26, С2-08-26, С2-09-26, Т1-04-26
A9: День недели | B9: Дата | C9: Время | D9: Т1-04-26 | E9: 7 группа | F9: 8 группа | G9: 9 группа
D10: Физкультурно-оздоровительная деятельность и фитнес (ФОДиФ) | E10: Единоборства (армспорт, греко-римская борьба, вольная борьба, дзюдо, самбо, служебно-прикладные единоборства) | F10: киокусинкай, ушу, тхэквондо (ВТФ, ИТФ), тяжелоатлетические виды спорта | G10: Бокс, кикбоксинг, современное пятиборье, фехтование, стрелковые виды спорта, скалолазание
A11: Понедельник | B11: 46293 | C11: 8.50-10.20 | D11: Пр. Информационные технологии в сфере физической культуры и спорта Яшкина Е.Н. 277мбк | E11: Пр. Волейбол Ефимов А.С. 230СК | F11: Пр. Физическая культура и спорт Трунева Т.В. 308 гл.к.- только 28.09
C12: 10.40-12.10 | D12: Л. Анатомия человека Силаева Л.В. 216 ауд.к. | E12: Л. Анатомия человека Силаева Л.В. 216 ауд.к. | F12: Л. Анатомия человека Силаева Л.В. 216 ауд.к. | G12: Л. Анатомия человека Силаева Л.В. 216 ауд.к.
C13: 13.00-14.30 | D13: Л. Речевое общение в профессиональной деятельности Капустина Ю.А. 216 ауд.к. | E13: Л. Речевое общение в профессиональной деятельности Капустина Ю.А. 216 ауд.к. | F13: Л. Речевое общение в профессиональной деятельности Капустина Ю.А. 216 ауд.к. | G13: Л. Речевое общение в профессиональной деятельности Капустина Ю.А. 216 ауд.к.
C14: 14.50-16.20 | D14: Л. Физическая культура и спорт Мачканова Е.В. 216 ауд.к. | E14: Л. Физическая культура и спорт Мачканова Е.В. 216 ауд.к. | F14: Л. Физическая культура и спорт Мачканова Е.В. 216 ауд.к. | G14: Л. Физическая культура и спорт Мачканова Е.В. 216 ауд.к.
C15: 16.40-18.10
A16: Вторник | B16: =B11+1 -> 46294 | C16: 8.50-10.20 | D16: Пр. Теория и методика физкультурно-оздоровительной деятельности и фитнеса Прил.1 | E16: Пр. Теория и методика единоборств Прил.1 | F16: Пр. Теория и методика каратэ, тхэквондо, киокусинкай, ушу, тяжелоатлетических видов спорта Прил.1 | G16: Пр. Теория и методика бокса, кикбоксинга, фехтования, современного пятиборья, стрелковых видов спорта, скалолазания Прил.1
C17: 10.40-12.10 | D17: Пр. Теория и методика физкультурно-оздоровительной деятельности и фитнеса Прил.1 | E17: Пр. Теория и методика единоборств Прил.1 | F17: Пр. Теория и методика каратэ, тхэквондо, киокусинкай, ушу, тяжелоатлетических видов спорта Прил.1 | G17: Пр. Теория и методика бокса, кикбоксинга, фехтования, современного пятиборья, стрелковых видов спорта, скалолазания Прил.1
C18: 13.00-14.30 | D18: Пр. Иностранный язык Литвинов С.В. 512гл.к. | E18: Пр. Волейбол Ефимов А.С. 230СК | G18: Пр. Гимнастика Дубовицкая И.А. 210СК
C19: 14.50-16.20 | D19: Пр. Волейбол Ефимов А.С. 230СК | E19: Пр. Иностранный язык Литвинов С.В. 512гл.к.
C20: 16.40-18.10
A21: Среда | B21: =B16+1 -> 46295 | C21: 8.50-10.20 | D21: Пр. Гимнастика Андреасян К.Б. 205СК | E21: Пр. Физическая культура и спорт Трунева Т.В. 308 гл.к. - только 30.09 | F21: Пр. Гимнастика Дубовицкая И.А. 210СК | G21: Пр. Информационные технологии в сфере физической культуры и спорта Яшкина Е.Н. 277мбк
C22: 10.40-12.10 | D22: Пр. Физическая культура и спорт Трунева Т.В. 308 гл.к. | E22: Пр. Гимнастика Колесникова Е.С. 206СК | F22: Пр. Информационные технологии в сфере физической культуры и спорта Яшкина Е.Н. 277мбк | G22: Пр. Элективные дисциплины по ФКиС: Подвижные игры Дробышевская Н.В. Модуль Б
C23: 13.00-14.30 | D23: Пр. Элективные дисциплины по ФКиС: Подвижные игры Салахудинова Е.С. Модуль Б | E23: Пр. Информационные технологии в сфере физической культуры и спорта Яшкина Е.Н. 277мбк | F23: Пр. Иностранный язык Литвинов С.В. 508гл.к. | G23: Пр. Волейбол Ананьин А.С. 230СК
C24: 14.50-16.20 | D24: Пр. Волейбол Ефимов А.С. 230СК | E24: Пр. Элективные дисциплины по ФКиС: Подвижные игры Салахудинова Е.С. Модуль Б | F24: Пр. Использование электронной информационно-образовательной среды РУС "ГЦОЛИФК" Шевцов А.В. 218 ауд.к. | G24: Пр. Иностранный язык Литвинов С.В. 508гл.к.
C25: 16.40-18.10 | G25: Пр. Физическая культура и спорт Трунева Т.В. 308 гл.к. - только 30.09
A26: Четверг | B26: =B21+1 -> 46296 | C26: 8.50-10.20
C27: 10.40-12.10
C28: 13.00-14.30 | F28: Пр. Элективные дисциплины по ФКиС: Подвижные игры Дробышевская Н.В. Модуль Б
C29: 14.50-16.20 | F29: Пр. Волейбол Суханова А.В. 230СК
C30: 16.40-18.10
A31: Пятница | B31: =B26+1 -> 46297 | C31: 8.50-10.20 | D31: Пр. Использование электронной информационно-образовательной среды РУС "ГЦОЛИФК" Мирошников А.Б. 214 ауд.к.
C32: 10.40-12.10 | D32: Пр. Гимнастика Андреасян К.Б. 205СК | E32: Пр. Гимнастика Колесникова Е.С. 206СК | F32: Пр. Волейбол Суханова А.В. 230СК | G32: Пр. Волейбол Ананьин А.С. 230СК
C33: 13.00-14.30 | D33: Л. Теория и методика физкультурно-оздоровительной деятельности и фитнеса 514мбк | E33: Л. Теория и методика единоборств Прил.1 | F33: Л. Теория и методика каратэ, тхэквондо, киокусинкай, ушу, тяжелоатлетических видов спорта Прил.1 | G33: Л. Теория и методика бокса, кикбоксинга, фехтования, современного пятиборья, стрелковых видов спорта, скалолазания Прил.1
C34: 14.50-16.20 | D34: Пр. Теория и методика физкультурно-оздоровительной деятельности и фитнеса Прил.1 | E34: Пр. Теория и методика единоборств Прил.1 | F34: Пр. Теория и методика каратэ, тхэквондо, киокусинкай, ушу, тяжелоатлетических видов спорта Прил.1 | G34: Пр. Теория и методика бокса, кикбоксинга, фехтования, современного пятиборья, стрелковых видов спорта, скалолазания Прил.1
C35: 16.40-18.10
A36: Суббота | B36: =B31+1 -> 46298 | C36: 8.50-10.20
C37: 10.40-12.10
C38: 13.00-14.30
C39: 14.50-16.20
C40: 16.40-18.10
D41: * Профили (направленность) указанны на титульном листе
C42: ='01.09'!C42 -> *Л. Речевое общение в профессиональной деятельности* | D42: ='21.09'!D42+COUNTIF(D$11:D$40,$C42) -> 5 | E42: ='21.09'!E42+COUNTIF(E$11:E$40,$C42) -> 5 | F42: ='21.09'!F42+COUNTIF(F$11:F$40,$C42) -> 5 | G42: ='21.09'!G42+COUNTIF(G$11:G$40,$C42) -> 5
C43: ='01.09'!C43 -> *Пр. Речевое общение в профессиональной деятельности* | D43: ='21.09'!D43+COUNTIF(D$11:D$40,$C43) -> 0 | E43: ='21.09'!E43+COUNTIF(E$11:E$40,$C43) -> 0 | F43: ='21.09'!F43+COUNTIF(F$11:F$40,$C43) -> 0 | G43: ='21.09'!G43+COUNTIF(G$11:G$40,$C43) -> 0
C44: ='01.09'!C44 -> *Л. Физическая культура и спорт* | D44: ='21.09'!D44+COUNTIF(D$11:D$40,$C44) -> 5 | E44: ='21.09'!E44+COUNTIF(E$11:E$40,$C44) -> 5 | F44: ='21.09'!F44+COUNTIF(F$11:F$40,$C44) -> 5 | G44: ='21.09'!G44+COUNTIF(G$11:G$40,$C44) -> 5
C45: ='01.09'!C45 -> *Пр. Физическая культура и спорт* | D45: ='21.09'!D45+COUNTIF(D$11:D$40,$C45) -> 1 | E45: ='21.09'!E45+COUNTIF(E$11:E$40,$C45) -> 1 | F45: ='21.09'!F45+COUNTIF(F$11:F$40,$C45) -> 1 | G45: ='21.09'!G45+COUNTIF(G$11:G$40,$C45) -> 1
C46: ='01.09'!C46 -> *Л. Анатомия* | D46: ='21.09'!D46+COUNTIF(D$11:D$40,$C46) -> 4 | E46: ='21.09'!E46+COUNTIF(E$11:E$40,$C46) -> 4 | F46: ='21.09'!F46+COUNTIF(F$11:F$40,$C46) -> 4 | G46: ='21.09'!G46+COUNTIF(G$11:G$40,$C46) -> 4
C47: ='01.09'!C47 -> *Пр. Анатомия* | D47: ='21.09'!D47+COUNTIF(D$11:D$40,$C47) -> 0 | E47: ='21.09'!E47+COUNTIF(E$11:E$40,$C47) -> 0 | F47: ='21.09'!F47+COUNTIF(F$11:F$40,$C47) -> 0 | G47: ='21.09'!G47+COUNTIF(G$11:G$40,$C47) -> 0
C48: ='01.09'!C48 -> *Л. Теория и методика* | D48: ='21.09'!D48+COUNTIF(D$11:D$40,$C48) -> 2 | E48: ='21.09'!E48+COUNTIF(E$11:E$40,$C48) -> 2 | F48: ='21.09'!F48+COUNTIF(F$11:F$40,$C48) -> 2 | G48: ='21.09'!G48+COUNTIF(G$11:G$40,$C48) -> 2
C49: ='01.09'!C49 -> *Пр. Теория и методика* | D49: ='21.09'!D49+COUNTIF(D$11:D$40,$C49) -> 15 | E49: ='21.09'!E49+COUNTIF(E$11:E$40,$C49) -> 15 | F49: ='21.09'!F49+COUNTIF(F$11:F$40,$C49) -> 15 | G49: ='21.09'!G49+COUNTIF(G$11:G$40,$C49) -> 15
C50: ='01.09'!C50 -> *Л. Информационные технологии* | D50: ='21.09'!D50+COUNTIF(D$11:D$40,$C50) -> 2 | E50: ='21.09'!E50+COUNTIF(E$11:E$40,$C50) -> 2 | F50: ='21.09'!F50+COUNTIF(F$11:F$40,$C50) -> 2 | G50: ='21.09'!G50+COUNTIF(G$11:G$40,$C50) -> 2
C51: ='01.09'!C51 -> *Пр. Информационные технологии* | D51: ='21.09'!D51+COUNTIF(D$11:D$40,$C51) -> 4 | E51: ='21.09'!E51+COUNTIF(E$11:E$40,$C51) -> 4 | F51: ='21.09'!F51+COUNTIF(F$11:F$40,$C51) -> 4 | G51: ='21.09'!G51+COUNTIF(G$11:G$40,$C51) -> 4
C52: ='01.09'!C52 -> *Л. Гимнастика* | D52: ='21.09'!D52+COUNTIF(D$11:D$40,$C52) -> 3 | E52: ='21.09'!E52+COUNTIF(E$11:E$40,$C52) -> 3 | F52: ='21.09'!F52+COUNTIF(F$11:F$40,$C52) -> 3 | G52: ='21.09'!G52+COUNTIF(G$11:G$40,$C52) -> 3
C53: ='01.09'!C53 -> *Пр. Гимнастика* | D53: ='21.09'!D53+COUNTIF(D$11:D$40,$C53) -> 5 | E53: ='21.09'!E53+COUNTIF(E$11:E$40,$C53) -> 8 | F53: ='21.09'!F53+COUNTIF(F$11:F$40,$C53) -> 4 | G53: ='21.09'!G53+COUNTIF(G$11:G$40,$C53) -> 4
... C67: ='01.09'!C67 -> 0 | D67: ='21.09'!D67+COUNTIF(D$11:D$40,$C67) -> 0 | E67: ='21.09'!E67+COUNTIF(E$11:E$40,$C67) -> 0 | F67: ='21.09'!F67+COUNTIF(F$11:F$40,$C67) -> 0 | G67: ='21.09'!G67+COUNTIF(G$11:G$40,$C67) -> 0

Sheet 05.10
B1: Расписание учебных занятий на второе полугодие 2025-2026 учебного года
B2: ТРЕНЕРСКИЙ ФАКУЛЬТЕТ, направление подготовки (образовательная программа)
A3: 49.03.04 Спорт*
B4: Факультет адаптивной физической культуры, рекреации и туризма, направление подготовки (образовательная программа)
B5: 49.03.01 Физическая культура*
B6: Курс 1, семестр 2, очная форма обучения
B7: группы С2-07-26, С2-08-26, С2-09-26, Т1-04-26
A9: День недели | B9: Дата | C9: Время | D9: Т1-04-26 | E9: 7 группа | F9: 8 группа | G9: 9 группа
D10: Физкультурно-оздоровительная деятельность и фитнес (ФОДиФ) | E10: Единоборства (армспорт, греко-римская борьба, вольная борьба, дзюдо, самбо, служебно-прикладные единоборства) | F10: киокусинкай, ушу, тхэквондо (ВТФ, ИТФ), тяжелоатлетические виды спорта | G10: Бокс, кикбоксинг, современное пятиборье, фехтование, стрелковые виды спорта, скалолазание
A11: Понедельник | B11: 46300 | C11: 8.50-10.20 | D11: Пр. Информационные технологии в сфере физической культуры и спорта Яшкина Е.Н. 277мбк | E11: Пр. Волейбол Ефимов А.С. 230СК | G11: Пр. Физическая культура и спорт Трунева Т.В. 308 гл.к.
C12: 10.40-12.10 | D12: Пр. Анатомия человека Мештель А.В. 154мбк | E12: Пр. Физическая культура и спорт Трунева Т.В. 406 ауд.к. | F12: Пр. Речевое общение в профессиональной деятельности Капустина Ю.А. 513 гл.к. | G12: Пр. Анатомия человека Гричанова Т.Г. 151мбк
C13: 13.00-14.30 | E13: Пр. Речевое общение в профессиональной деятельности Капустина Ю.А. 406 ауд.к. | F13: Пр. Физическая культура и спорт Трунева Т.В. 308 гл.к. | G13: Пр. Гимнастика Дубовицкая И.А. 210СК
C14: 14.50-16.20 | F14: Пр. Гимнастика Дубовицкая И.А. 210СК | G14: Пр. Использование электронной информационно-образовательной среды РУС "ГЦОЛИФК" Шевцов А.В. 220ауд.к.
C15: 16.40-18.10
A16: Вторник | B16: =B11+1 -> 46301 | C16: 8.50-10.20 | E16: Пр. Теория и методика единоборств Прил.1 | F16: Пр. Теория и методика каратэ, тхэквондо, киокусинкай, ушу, тяжелоатлетических видов спорта Прил.1 | G16: Пр. Теория и методика бокса, кикбоксинга, фехтования, современного пятиборья, стрелковых видов спорта, скалолазания Прил.1
C17: 10.40-12.10 | D17: Пр. Теория и методика физкультурно-оздоровительной деятельности и фитнеса Прил.1 | E17: Пр. Теория и методика единоборств Прил.1 | F17: Пр. Теория и методика каратэ, тхэквондо, киокусинкай, ушу, тяжелоатлетических видов спорта Прил.1 | G17: Пр. Теория и методика бокса, кикбоксинга, фехтования, современного пятиборья, стрелковых видов спорта, скалолазания Прил.1
C18: 13.00-14.30 | D18: Пр. Иностранный язык Литвинов С.В. 512гл.к. | E18: Пр. Волейбол Ефимов А.С. 230СК | F18: Пр. Анатомия человека Мештель А.В. 72мбк | G18: Пр. Гимнастика Дубовицкая И.А. 210СК
C19: 14.50-16.20 | D19: Пр. Волейбол Ефимов А.С. 230СК | E19: Пр. Иностранный язык Литвинов С.В. 512гл.к. | F19: Пр. Использование электронной информационно-образовательной среды РУС "ГЦОЛИФК" Кузнецова Н.А. 216ауд.к.
C20: 16.40-18.10
A21: Среда | B21: =B16+1 -> 46302 | C21: 8.50-10.20 | D21: Пр. Гимнастика Андреасян К.Б. 205СК | F21: Пр. Гимнастика Дубовицкая И.А. 210СК | G21: Пр. Информационные технологии в сфере физической культуры и спорта Яшкина Е.Н. 277мбк
C22: 10.40-12.10 | D22: Пр. Физическая культура и спорт Трунева Т.В. 308 гл.к. | E22: Пр. Гимнастика Колесникова Е.С. 206СК | F22: Пр. Информационные технологии в сфере физической культуры и спорта Яшкина Е.Н. 277мбк | G22: Пр. Элективные дисциплины по ФКиС: Подвижные игры Дробышевская Н.В. Модуль Б
C23: 13.00-14.30 | D23: Пр. Элективные дисциплины по ФКиС: Подвижные игры Салахудинова Е.С. Модуль Б | E23: Пр. Информационные технологии в сфере физической культуры и спорта Яшкина Е.Н. 277мбк | F23: Пр. Иностранный язык Литвинов С.В. 508гл.к. | G23: Пр. Волейбол Ананьин А.С. 230СК
C24: 14.50-16.20 | D24: Пр. Волейбол Ефимов А.С. 230СК | E24: Пр. Элективные дисциплины по ФКиС: Подвижные игры Салахудинова Е.С. Модуль Б | G24: Пр. Иностранный язык Литвинов С.В. 508гл.к.
C25: 16.40-18.10
A26: Четверг | B26: =B21+1 -> 46303 | C26: 8.50-10.20
C27: 10.40-12.10
C28: 13.00-14.30 | F28: Пр. Элективные дисциплины по ФКиС: Подвижные игры Дробышевская Н.В. Модуль Б
C29: 14.50-16.20 | F29: Пр. Волейбол Суханова А.В. 230СК
C30: 16.40-18.10
A31: Пятница | B31: =B26+1 -> 46304 | C31: 8.50-10.20 | D31: Пр. Речевое общение в профессиональной деятельности Капустина Ю.А. 410 гл.к. | G31: Пр. Волейбол Ананьин А.С. 230СК
C32: 10.40-12.10 | D32: Пр. Гимнастика Андреасян К.Б. 205СК | E32: Пр. Анатомия человека Сироткина Ю.А. 154мбк | F32: Пр. Волейбол Суханова А.В. 230СК | G32: Пр. Речевое общение в профессиональной деятельности Капустина Ю.А. 410 гл.к.
C33: 13.00-14.30 | D33: Пр. Теория и методика физкультурно-оздоровительной деятельности и фитнеса Прил.1 | E33: Пр. Теория и методика единоборств Прил.1 | F33: Пр. Теория и методика каратэ, тхэквондо, киокусинкай, ушу, тяжелоатлетических видов спорта Прил.1 | G33: Пр. Теория и методика бокса, кикбоксинга, фехтования, современного пятиборья, стрелковых видов спорта, скалолазания Прил.1
C34: 14.50-16.20 | D34: Л. Теория и методика физкультурно-оздоровительной деятельности и фитнеса 516мбк | E34: Л. Теория и методика единоборств Прил.1 | F34: Л. Теория и методика каратэ, тхэквондо, киокусинкай, ушу, тяжелоатлетических видов спорта Прил.1 | G34: Л. Теория и методика бокса, кикбоксинга, фехтования, современного пятиборья, стрелковых видов спорта, скалолазания Прил.1
C35: 16.40-18.10
A36: Суббота | B36: =B31+1 -> 46305 | C36: 8.50-10.20
C37: 10.40-12.10
C38: 13.00-14.30
C39: 14.50-16.20
C40: 16.40-18.10
D41: * Профили (направленность) указанны на титульном листе
C42: ='01.09'!C42 -> *Л. Речевое общение в профессиональной деятельности* | D42: ='28.09'!D42+COUNTIF(D$11:D$40,$C42) -> 5 | E42: ='28.09'!E42+COUNTIF(E$11:E$40,$C42) -> 5 | F42: ='28.09'!F42+COUNTIF(F$11:F$40,$C42) -> 5 | G42: ='28.09'!G42+COUNTIF(G$11:G$40,$C42) -> 5
C43: ='01.09'!C43 -> *Пр. Речевое общение в профессиональной деятельности* | D43: ='28.09'!D43+COUNTIF(D$11:D$40,$C43) -> 1 | E43: ='28.09'!E43+COUNTIF(E$11:E$40,$C43) -> 1 | F43: ='28.09'!F43+COUNTIF(F$11:F$40,$C43) -> 1 | G43: ='28.09'!G43+COUNTIF(G$11:G$40,$C43) -> 1
C44: ='01.09'!C44 -> *Л. Физическая культура и спорт* | D44: ='28.09'!D44+COUNTIF(D$11:D$40,$C44) -> 5 | E44: ='28.09'!E44+COUNTIF(E$11:E$40,$C44) -> 5 | F44: ='28.09'!F44+COUNTIF(F$11:F$40,$C44) -> 5 | G44: ='28.09'!G44+COUNTIF(G$11:G$40,$C44) -> 5
C45: ='01.09'!C45 -> *Пр. Физическая культура и спорт* | D45: ='28.09'!D45+COUNTIF(D$11:D$40,$C45) -> 2 | E45: ='28.09'!E45+COUNTIF(E$11:E$40,$C45) -> 2 | F45: ='28.09'!F45+COUNTIF(F$11:F$40,$C45) -> 2 | G45: ='28.09'!G45+COUNTIF(G$11:G$40,$C45) -> 2
C46: ='01.09'!C46 -> *Л. Анатомия* | D46: ='28.09'!D46+COUNTIF(D$11:D$40,$C46) -> 4 | E46: ='28.09'!E46+COUNTIF(E$11:E$40,$C46) -> 4 | F46: ='28.09'!F46+COUNTIF(F$11:F$40,$C46) -> 4 | G46: ='28.09'!G46+COUNTIF(G$11:G$40,$C46) -> 4
C47: ='01.09'!C47 -> *Пр. Анатомия* | D47: ='28.09'!D47+COUNTIF(D$11:D$40,$C47) -> 1 | E47: ='28.09'!E47+COUNTIF(E$11:E$40,$C47) -> 1 | F47: ='28.09'!F47+COUNTIF(F$11:F$40,$C47) -> 1 | G47: ='28.09'!G47+COUNTIF(G$11:G$40,$C47) -> 1
C48: ='01.09'!C48 -> *Л. Теория и методика* | D48: ='28.09'!D48+COUNTIF(D$11:D$40,$C48) -> 3 | E48: ='28.09'!E48+COUNTIF(E$11:E$40,$C48) -> 3 | F48: ='28.09'!F48+COUNTIF(F$11:F$40,$C48) -> 3 | G48: ='28.09'!G48+COUNTIF(G$11:G$40,$C48) -> 3
C49: ='01.09'!C49 -> *Пр. Теория и методика* | D49: ='28.09'!D49+COUNTIF(D$11:D$40,$C49) -> 17 | E49: ='28.09'!E49+COUNTIF(E$11:E$40,$C49) -> 18 | F49: ='28.09'!F49+COUNTIF(F$11:F$40,$C49) -> 18 | G49: ='28.09'!G49+COUNTIF(G$11:G$40,$C49) -> 18
C50: ='01.09'!C50 -> *Л. Информационные технологии* | D50: ='28.09'!D50+COUNTIF(D$11:D$40,$C50) -> 2 | E50: ='28.09'!E50+COUNTIF(E$11:E$40,$C50) -> 2 | F50: ='28.09'!F50+COUNTIF(F$11:F$40,$C50) -> 2 | G50: ='28.09'!G50+COUNTIF(G$11:G$40,$C50) -> 2
C51: ='01.09'!C51 -> *Пр. Информационные технологии* | D51: ='28.09'!D51+COUNTIF(D$11:D$40,$C51) -> 5 | E51: ='28.09'!E51+COUNTIF(E$11:E$40,$C51) -> 5 | F51: ='28.09'!F51+COUNTIF(F$11:F$40,$C51) -> 5 | G51: ='28.09'!G51+COUNTIF(G$11:G$40,$C51) -> 5
C52: ='01.09'!C52 -> *Л. Гимнастика* | D52: ='28.09'!D52+COUNTIF(D$11:D$40,$C52) -> 3 | E52: ='28.09'!E52+COUNTIF(E$11:E$40,$C52) -> 3 | F52: ='28.09'!F52+COUNTIF(F$11:F$40,$C52) -> 3 | G52: ='28.09'!G52+COUNTIF(G$11:G$40,$C52) -> 3
C53: ='01.09'!C53 -> *Пр. Гимнастика* | D53: ='28.09'!D53+COUNTIF(D$11:D$40,$C53) -> 7 | E53: ='28.09'!E53+COUNTIF(E$11:E$40,$C53) -> 9 | F53: ='28.09'!F53+COUNTIF(F$11:F$40,$C53) -> 6 | G53: ='28.09'!G53+COUNTIF(G$11:G$40,$C53) -> 6
... C67: ='01.09'!C67 -> 0 | D67: ='28.09'!D67+COUNTIF(D$11:D$40,$C67) -> 0 | E67: ='28.09'!E67+COUNTIF(E$11:E$40,$C67) -> 0 | F67: ='28.09'!F67+COUNTIF(F$11:F$40,$C67) -> 0 | G67: ='28.09'!G67+COUNTIF(G$11:G$40,$C67) -> 0

Sheet 12.10
B1: Расписание учебных занятий на второе полугодие 2025-2026 учебного года
B2: ТРЕНЕРСКИЙ ФАКУЛЬТЕТ, направление подготовки (образовательная программа)
A3: 49.03.04 Спорт*
B4: Факультет адаптивной физической культуры, рекреации и туризма, направление подготовки (образовательная программа)
B5: 49.03.01 Физическая культура*
B6: Курс 1, семестр 2, очная форма обучения
B7: группы С2-07-26, С2-08-26, С2-09-26, Т1-04-26
A9: День недели | B9: Дата | C9: Время | D9: Т1-04-26 | E9: 7 группа | F9: 8 группа | G9: 9 группа
D10: Физкультурно-оздоровительная деятельность и фитнес (ФОДиФ) | E10: Единоборства (армспорт, греко-римская борьба, вольная борьба, дзюдо, самбо, служебно-прикладные единоборства) | F10: киокусинкай, ушу, тхэквондо (ВТФ, ИТФ), тяжелоатлетические виды спорта | G10: Бокс, кикбоксинг, современное пятиборье, фехтование, стрелковые виды спорта, скалолазание
A11: Понедельник | B11: 46307 | C11: 8.50-10.20 | D11: Пр. Информационные технологии в сфере физической культуры и спорта Яшкина Е.Н. 277мбк | E11: Пр. Волейбол Ефимов А.С. 230СК | G11: Пр. Физическая культура и спорт Трунева Т.В. 308 гл.к.
C12: 10.40-12.10 | D12: Пр. Анатомия человека Мештель А.В. 154мбк | E12: Пр. Физическая культура и спорт Трунева Т.В. 406 ауд.к. | F12: Пр. Речевое общение в профессиональной деятельности Капустина Ю.А. 513 гл.к. | G12: Пр. Анатомия человека Гричанова Т.Г. 151мбк
C13: 13.00-14.30 | D13: Пр. Речевое общение в профессиональной деятельности Капустина Ю.А. 406 ауд.к. | F13: Пр. Физическая культура и спорт Трунева Т.В. 308 гл.к. | G13: Пр. Гимнастика Дубовицкая И.А. 210СК
C14: 14.50-16.20 | F14: Пр. Гимнастика Дубовицкая И.А. 210СК | G14: Пр. Элективные дисциплины по ФКиС: Подвижные игры Дробышевская Н.В. Модуль А - только 12.10
C15: 16.40-18.10
A16: Вторник | B16: =B11+1 -> 46308 | C16: 8.50-10.20 | E16: Пр. Теория и методика единоборств Прил.1 | F16: Пр. Теория и методика каратэ, тхэквондо, киокусинкай, ушу, тяжелоатлетических видов спорта Прил.1 | G16: Пр. Теория и методика бокса, кикбоксинга, скалолазания Прил.1
C17: 10.40-12.10 | D17: Пр. Теория и методика физкультурно-оздоровительной деятельности и фитнеса фитнес-зал№83 теннисный центр (2 п/группа) | E17: Пр. Теория и методика единоборств Прил.1 | F17: Пр. Теория и методика каратэ, тхэквондо, киокусинкай, ушу, тяжелоатлетических видов спорта Прил.1 | G17: Пр. Теория и методика бокса, кикбоксинга, фехтования, современного пятиборья, стрелковых видов спорта, скалолазания Прил.1
C18: 13.00-14.30 | D18: Пр. Иностранный язык Литвинов С.В. 512гл.к. | E18: Пр. Волейбол Ефимов А.С. 230СК | F18: Пр. Анатомия человека Мештель А.В. 72мбк | G18: Пр. Гимнастика Дубовицкая И.А. 210СК
C19: 14.50-16.20 | D19: Пр. Волейбол Ефимов А.С. 230СК | E19: Пр. Иностранный язык Литвинов С.В. 512гл.к. | G19: Пр. Использование электронной информационно-образовательной среды РУС "ГЦОЛИФК" Кузнецова Н.А. 216 ауд.к.
C20: 16.40-18.10
A21: Среда | B21: =B16+1 -> 46309 | C21: 8.50-10.20 | D21: Пр. Гимнастика Андреасян К.Б. 205СК | F21: Пр. Гимнастика Дубовицкая И.А. 210СК | G21: Пр. Информационные технологии в сфере физической культуры и спорта Яшкина Е.Н. 277мбк
C22: 10.40-12.10 | D22: Пр. Физическая культура и спорт Трунева Т.В. 308 гл.к. | E22: Пр. Гимнастика Колесникова Е.С. 206СК | F22: Пр. Информационные технологии в сфере физической культуры и спорта Яшкина Е.Н. 277мбк | G22: Пр. Элективные дисциплины по ФКиС: Подвижные игры Дробышевская Н.В. Модуль Б
C23: 13.00-14.30 | D23: Пр. Элективные дисциплины по ФКиС: Подвижные игры Салахудинова Е.С. Модуль Б | E23: Пр. Информационные технологии в сфере физической культуры и спорта Яшкина Е.Н. 277мбк | F23: Пр. Иностранный язык Литвинов С.В. 508гл.к. | G23: Пр. Волейбол Ананьин А.С. 230СК
C24: 14.50-16.20 | D24: Пр. Волейбол Ефимов А.С. 230СК | E24: Пр. Элективные дисциплины по ФКиС: Подвижные игры Салахудинова Е.С. Модуль Б | F24: Пр. Элективные дисциплины по ФКиС: Подвижные игры Дробышевская Н.В. Модуль В - только 14.10 | G24: Пр. Иностранный язык Литвинов С.В. 508гл.к.
C25: 16.40-18.10
A26: Четверг | B26: =B21+1 -> 46310 | C26: 8.50-10.20
C27: 10.40-12.10
C28: 13.00-14.30 | F28: Пр. Элективные дисциплины по ФКиС: Подвижные игры Дробышевская Н.В. Модуль Б
C29: 14.50-16.20 | F29: Пр. Волейбол Суханова А.В. 230СК
C30: 16.40-18.10
A31: Пятница | B31: =B26+1 -> 46311 | C31: 8.50-10.20 | D31: Пр. Теория и методика физкультурно-оздоровительной деятельности и фитнеса 213СК (2 п/группа) | E31: Пр. Речевое общение в профессиональной деятельности Капустина Ю.А. 410 гл.к. | G31: Пр. Волейбол Ананьин А.С. 230СК
C32: 10.40-12.10 | D32: Пр. Гимнастика Андреасян К.Б. 205СК | E32: Пр. Анатомия человека Сироткина Ю.А. 154мбк | F32: Пр. Волейбол Суханова А.В. 230СК | G32: Пр. Речевое общение в профессиональной деятельности Капустина Ю.А. 410 гл.к.
C33: 13.00-14.30 | D33: Пр. Теория и методика физкультурно-оздоровительной деятельности и фитнеса 213СК (1 п/группа) | E33: Пр. Теория и методика единоборств Прил.1 | F33: Пр. Теория и методика каратэ, тхэквондо, киокусинкай, ушу, тяжелоатлетических видов спорта Прил.1 | G33: Пр. Теория и методика бокса, кикбоксинга, фехтования, современного пятиборья, стрелковых видов спорта, скалолазания Прил.1
C34: 14.50-16.20 | D34: Пр. Теория и методика физкультурно-оздоровительной деятельности и фитнеса 213СК (1 п/группа) | E34: Пр. Использование электронной информационно-образовательной среды РУС "ГЦОЛИФК" Шевцов А.В. 220 ауд.к. | G34: Пр. Теория и методика фехтования, современного пятиборья, стрелковых видов спорта Прил.1
C35: 16.40-18.10
A36: Суббота | B36: =B31+1 -> 46312 | C36: 8.50-10.20 | D36: Пр. Теория и методика физкультурно-оздоровительной деятельности и фитнеса 213СК (2 п/группа)
C37: 10.40-12.10 | D37: Пр. Теория и методика физкультурно-оздоровительной деятельности и фитнеса 213СК (1 п/группа)
C38: 13.00-14.30
C39: 14.50-16.20
C40: 16.40-18.10
D41: * Профили (направленность) указанны на титульном листе
C42: ='01.09'!C42 -> *Л. Речевое общение в профессиональной деятельности* | D42: ='05.10'!D42+COUNTIF(D$11:D$40,$C42) -> 5 | E42: ='05.10'!E42+COUNTIF(E$11:E$40,$C42) -> 5 | F42: ='05.10'!F42+COUNTIF(F$11:F$40,$C42) -> 5 | G42: ='05.10'!G42+COUNTIF(G$11:G$40,$C42) -> 5
C43: ='01.09'!C43 -> *Пр. Речевое общение в профессиональной деятельности* | D43: ='05.10'!D43+COUNTIF(D$11:D$40,$C43) -> 2 | E43: ='05.10'!E43+COUNTIF(E$11:E$40,$C43) -> 2 | F43: ='05.10'!F43+COUNTIF(F$11:F$40,$C43) -> 2 | G43: ='05.10'!G43+COUNTIF(G$11:G$40,$C43) -> 2
C44: ='01.09'!C44 -> *Л. Физическая культура и спорт* | D44: ='05.10'!D44+COUNTIF(D$11:D$40,$C44) -> 5 | E44: ='05.10'!E44+COUNTIF(E$11:E$40,$C44) -> 5 | F44: ='05.10'!F44+COUNTIF(F$11:F$40,$C44) -> 5 | G44: ='05.10'!G44+COUNTIF(G$11:G$40,$C44) -> 5
C45: ='01.09'!C45 -> *Пр. Физическая культура и спорт* | D45: ='05.10'!D45+COUNTIF(D$11:D$40,$C45) -> 3 | E45: ='05.10'!E45+COUNTIF(E$11:E$40,$C45) -> 3 | F45: ='05.10'!F45+COUNTIF(F$11:F$40,$C45) -> 3 | G45: ='05.10'!G45+COUNTIF(G$11:G$40,$C45) -> 3
C46: ='01.09'!C46 -> *Л. Анатомия* | D46: ='05.10'!D46+COUNTIF(D$11:D$40,$C46) -> 4 | E46: ='05.10'!E46+COUNTIF(E$11:E$40,$C46) -> 4 | F46: ='05.10'!F46+COUNTIF(F$11:F$40,$C46) -> 4 | G46: ='05.10'!G46+COUNTIF(G$11:G$40,$C46) -> 4
C47: ='01.09'!C47 -> *Пр. Анатомия* | D47: ='05.10'!D47+COUNTIF(D$11:D$40,$C47) -> 2 | E47: ='05.10'!E47+COUNTIF(E$11:E$40,$C47) -> 2 | F47: ='05.10'!F47+COUNTIF(F$11:F$40,$C47) -> 2 | G47: ='05.10'!G47+COUNTIF(G$11:G$40,$C47) -> 2
C48: ='01.09'!C48 -> *Л. Теория и методика* | D48: ='05.10'!D48+COUNTIF(D$11:D$40,$C48) -> 3 | E48: ='05.10'!E48+COUNTIF(E$11:E$40,$C48) -> 3 | F48: ='05.10'!F48+COUNTIF(F$11:F$40,$C48) -> 3 | G48: ='05.10'!G48+COUNTIF(G$11:G$40,$C48) -> 3
C49: ='01.09'!C49 -> *Пр. Теория и методика* | D49: ='05.10'!D49+COUNTIF(D$11:D$40,$C49) -> 20 | E49: ='05.10'!E49+COUNTIF(E$11:E$40,$C49) -> 21 | F49: ='05.10'!F49+COUNTIF(F$11:F$40,$C49) -> 21 | G49: ='05.10'!G49+COUNTIF(G$11:G$40,$C49) -> 21
C50: ='01.09'!C50 -> *Л. Информационные технологии* | D50: ='05.10'!D50+COUNTIF(D$11:D$40,$C50) -> 2 | E50: ='05.10'!E50+COUNTIF(E$11:E$40,$C50) -> 2 | F50: ='05.10'!F50+COUNTIF(F$11:F$40,$C50) -> 2 | G50: ='05.10'!G50+COUNTIF(G$11:G$40,$C50) -> 2
C51: ='01.09'!C51 -> *Пр. Информационные технологии* | D51: ='05.10'!D51+COUNTIF(D$11:D$40,$C51) -> 6 | E51: ='05.10'!E51+COUNTIF(E$11:E$40,$C51) -> 6 | F51: ='05.10'!F51+COUNTIF(F$11:F$40,$C51) -> 6 | G51: ='05.10'!G51+COUNTIF(G$11:G$40,$C51) -> 6
C52: ='01.09'!C52 -> *Л. Гимнастика* | D52: ='05.10'!D52+COUNTIF(D$11:D$40,$C52) -> 3 | E52: ='05.10'!E52+COUNTIF(E$11:E$40,$C52) -> 3 | F52: ='05.10'!F52+COUNTIF(F$11:F$40,$C52) -> 3 | G52: ='05.10'!G52+COUNTIF(G$11:G$40,$C52) -> 3
C53: ='01.09'!C53 -> *Пр. Гимнастика* | D53: ='05.10'!D53+COUNTIF(D$11:D$40,$C53) -> 9 | E53: ='05.10'!E53+COUNTIF(E$11:E$40,$C53) -> 10 | F53: ='05.10'!F53+COUNTIF(F$11:F$40,$C53) -> 8 | G53: ='05.10'!G53+COUNTIF(G$11:G$40,$C53) -> 8
... C67: ='01.09'!C67 -> 0 | D67: ='05.10'!D67+COUNTIF(D$11:D$40,$C67) -> 0 | E67: ='05.10'!E67+COUNTIF(E$11:E$40,$C67) -> 0 | F67: ='05.10'!F67+COUNTIF(F$11:F$40,$C67) -> 0 | G67: ='05.10'!G67+COUNTIF(G$11:G$40,$C67) -> 0

Sheet 19.10
B1: Расписание учебных занятий на второе полугодие 2025-2026 учебного года
B2: ТРЕНЕРСКИЙ ФАКУЛЬТЕТ, направление подготовки (образовательная программа)
A3: 49.03.04 Спорт*
B4: Факультет адаптивной физической культуры, рекреации и туризма, направление подготовки (образовательная программа)
B5: 49.03.01 Физическая культура*
B6: Курс 1, семестр 2, очная форма обучения
B7: группы С2-07-26, С2-08-26, С2-09-26, Т1-04-26
A9: День недели | B9: Дата | C9: Время | D9: Т1-04-26 | E9: 7 группа | F9: 8 группа | G9: 9 группа
D10: Физкультурно-оздоровительная деятельность и фитнес (ФОДиФ) | E10: Единоборства (армспорт, греко-римская борьба, вольная борьба, дзюдо, самбо, служебно-прикладные единоборства) | F10: киокусинкай, ушу, тхэквондо (ВТФ, ИТФ), тяжелоатлетические виды спорта | G10: Бокс, кикбоксинг, современное пятиборье, фехтование, стрелковые виды спорта, скалолазание
A11: Понедельник | B11: 46314 | C11: 8.50-10.20 | D11: Пр. Информационные технологии в сфере физической культуры и спорта Яшкина Е.Н. 277мбк | E11: Пр. Волейбол Ефимов А.С. 230СК | G11: Пр. Физическая культура и спорт Трунева Т.В. 308 гл.к.
C12: 10.40-12.10 | D12: Пр. Анатомия человека Мештель А.В. 154мбк | E12: Пр. Физическая культура и спорт Трунева Т.В. 406 ауд.к. | F12: Пр. Речевое общение в профессиональной деятельности Капустина Ю.А. 513 гл.к. | G12: Пр. Анатомия человека Гричанова Т.Г. 151мбк
C13: 13.00-14.30 | D13: Пр. Речевое общение в профессиональной деятельности Капустина Ю.А. 406 ауд.к. | F13: Пр. Физическая культура и спорт Трунева Т.В. 308 гл.к. | G13: Пр. Гимнастика Дубовицкая И.А. 210СК
C14: 14.50-16.20 | D14: Пр. Использование электронной информационно-образовательной среды РУС "ГЦОЛИФК" Кузнецова Н.А. | F14: Пр. Гимнастика Дубовицкая И.А. 210СК
C15: 16.40-18.10
A16: Вторник | B16: =B11+1 -> 46315 | C16: 8.50-10.20 | E16: Пр. Теория и методика единоборств Прил.1 | F16: Пр. Теория и методика каратэ, тхэквондо, киокусинкай, ушу, тяжелоатлетических видов спорта Прил.1 | G16: Пр. Теория и методика бокса, кикбоксинга, скалолазания Прил.1
C17: 10.40-12.10 | D17: Пр. Теория и методика физкультурно-оздоровительной деятельности и фитнеса фитнес-зал№83 теннисный центр (2 п/группа) | E17: Л. Теория и методика единоборств Прил.1 | F17: Л. Теория и методика каратэ, тхэквондо, киокусинкай, ушу, тяжелоатлетических видов спорта Прил.1 | G17: Л. Теория и методика бокса, кикбоксинга, фехтования, современного пятиборья, стрелковых видов спорта, скалолазания Прил.1
C18: 13.00-14.30 | D18: Пр. Иностранный язык Литвинов С.В. 512гл.к. | E18: Пр. Волейбол Ефимов А.С. 230СК | F18: Пр. Анатомия человека Мештель А.В. 72мбк | G18: Пр. Гимнастика Дубовицкая И.А. 210СК
C19: 14.50-16.20 | D19: Пр. Волейбол Ефимов А.С. 230СК | E19: Пр. Иностранный язык Литвинов С.В. 512гл.к.
C20: 16.40-18.10
A21: Среда | B21: =B16+1 -> 46316 | C21: 8.50-10.20 | D21: Пр. Гимнастика Андреасян К.Б. 205СК | E21: Пр. Использование электронной информационно-образовательной среды РУС "ГЦОЛИФК" Кузнецова Н.А. | F21: Пр. Гимнастика Дубовицкая И.А. 210СК | G21: Пр. Информационные технологии в сфере физической культуры и спорта Яшкина Е.Н. 277мбк
C22: 10.40-12.10 | D22: Пр. Физическая культура и спорт Трунева Т.В. 308 гл.к. | E22: Пр. Гимнастика Колесникова Е.С. 206СК | F22: Пр. Информационные технологии в сфере физической культуры и спорта Яшкина Е.Н. 277мбк | G22: Пр. Элективные дисциплины по ФКиС: Подвижные игры Дробышевская Н.В. Модуль Б
C23: 13.00-14.30 | D23: Пр. Элективные дисциплины по ФКиС: Подвижные игры Салахудинова Е.С. Модуль Б | E23: Пр. Информационные технологии в сфере физической культуры и спорта Яшкина Е.Н. 277мбк | F23: Пр. Иностранный язык Литвинов С.В. 508гл.к. | G23: Пр. Волейбол Ананьин А.С. 230СК
C24: 14.50-16.20 | D24: Пр. Волейбол Ефимов А.С. 230СК | E24: Пр. Элективные дисциплины по ФКиС: Подвижные игры Салахудинова Е.С. Модуль Б | G24: Пр. Иностранный язык Литвинов С.В. 508гл.к.
C25: 16.40-18.10
A26: Четверг | B26: =B21+1 -> 46317 | C26: 8.50-10.20
C27: 10.40-12.10
C28: 13.00-14.30 | F28: Пр. Элективные дисциплины по ФКиС: Подвижные игры Дробышевская Н.В. Модуль Б
C29: 14.50-16.20 | F29: Пр. Волейбол Суханова А.В. 230СК
C30: 16.40-18.10
A31: Пятница | B31: =B26+1 -> 46318 | C31: 8.50-10.20 | E31: Пр. Речевое общение в профессиональной деятельности Капустина Ю.А. 410 гл.к. | G31: Пр. Волейбол Ананьин А.С. 230СК
C32: 10.40-12.10 | D32: Пр. Гимнастика Андреасян К.Б. 205СК | E32: Пр. Анатомия человека Сироткина Ю.А. 154мбк | F32: Пр. Волейбол Суханова А.В. 230СК | G32: Пр. Речевое общение в профессиональной деятельности Капустина Ю.А. 410 гл.к.
C33: 13.00-14.30 | D33: Л. Теория и методика физкультурно-оздоровительной деятельности и фитнеса ауд. | E33: Пр. Теория и методика единоборств Прил.1 | F33: Пр. Теория и методика каратэ, тхэквондо, киокусинкай, ушу, тяжелоатлетических видов спорта Прил.1 | G33: Пр. Теория и методика бокса, кикбоксинга, фехтования, современного пятиборья, стрелковых видов спорта, скалолазания Прил.1
C34: 14.50-16.20 | D34: Пр. Теория и методика физкультурно-оздоровительной деятельности и фитнеса 213СК (1 п/группа) | G34: Пр. Теория и методика фехтования, современного пятиборья, стрелковых видов спорта Прил.1
C35: 16.40-18.10
A36: Суббота | B36: =B31+1 -> 46319 | C36: 8.50-10.20 | D36: Пр. Теория и методика физкультурно-оздоровительной деятельности и фитнеса 213СК (2 п/группа)
C37: 10.40-12.10 | D37: Пр. Теория и методика физкультурно-оздоровительной деятельности и фитнеса 213СК (1 п/группа)
C38: 13.00-14.30
C39: 14.50-16.20
C40: 16.40-18.10
D41: * Профили (направленность) указанны на титульном листе
C42: ='01.09'!C42 -> *Л. Речевое общение в профессиональной деятельности* | D42: ='12.10'!D42+COUNTIF(D$11:D$40,$C42) -> 5 | E42: ='12.10'!E42+COUNTIF(E$11:E$40,$C42) -> 5 | F42: ='12.10'!F42+COUNTIF(F$11:F$40,$C42) -> 5 | G42: ='12.10'!G42+COUNTIF(G$11:G$40,$C42) -> 5
C43: ='01.09'!C43 -> *Пр. Речевое общение в профессиональной деятельности* | D43: ='12.10'!D43+COUNTIF(D$11:D$40,$C43) -> 3 | E43: ='12.10'!E43+COUNTIF(E$11:E$40,$C43) -> 3 | F43: ='12.10'!F43+COUNTIF(F$11:F$40,$C43) -> 3 | G43: ='12.10'!G43+COUNTIF(G$11:G$40,$C43) -> 3
C44: ='01.09'!C44 -> *Л. Физическая культура и спорт* | D44: ='12.10'!D44+COUNTIF(D$11:D$40,$C44) -> 5 | E44: ='12.10'!E44+COUNTIF(E$11:E$40,$C44) -> 5 | F44: ='12.10'!F44+COUNTIF(F$11:F$40,$C44) -> 5 | G44: ='12.10'!G44+COUNTIF(G$11:G$40,$C44) -> 5
C45: ='01.09'!C45 -> *Пр. Физическая культура и спорт* | D45: ='12.10'!D45+COUNTIF(D$11:D$40,$C45) -> 4 | E45: ='12.10'!E45+COUNTIF(E$11:E$40,$C45) -> 4 | F45: ='12.10'!F45+COUNTIF(F$11:F$40,$C45) -> 4 | G45: ='12.10'!G45+COUNTIF(G$11:G$40,$C45) -> 4
C46: ='01.09'!C46 -> *Л. Анатомия* | D46: ='12.10'!D46+COUNTIF(D$11:D$40,$C46) -> 4 | E46: ='12.10'!E46+COUNTIF(E$11:E$40,$C46) -> 4 | F46: ='12.10'!F46+COUNTIF(F$11:F$40,$C46) -> 4 | G46: ='12.10'!G46+COUNTIF(G$11:G$40,$C46) -> 4
C47: ='01.09'!C47 -> *Пр. Анатомия* | D47: ='12.10'!D47+COUNTIF(D$11:D$40,$C47) -> 3 | E47: ='12.10'!E47+COUNTIF(E$11:E$40,$C47) -> 3 | F47: ='12.10'!F47+COUNTIF(F$11:F$40,$C47) -> 3 | G47: ='12.10'!G47+COUNTIF(G$11:G$40,$C47) -> 3
C48: ='01.09'!C48 -> *Л. Теория и методика* | D48: ='12.10'!D48+COUNTIF(D$11:D$40,$C48) -> 4 | E48: ='12.10'!E48+COUNTIF(E$11:E$40,$C48) -> 4 | F48: ='12.10'!F48+COUNTIF(F$11:F$40,$C48) -> 4 | G48: ='12.10'!G48+COUNTIF(G$11:G$40,$C48) -> 4
C49: ='01.09'!C49 -> *Пр. Теория и методика* | D49: ='12.10'!D49+COUNTIF(D$11:D$40,$C49) -> 22 | E49: ='12.10'!E49+COUNTIF(E$11:E$40,$C49) -> 23 | F49: ='12.10'!F49+COUNTIF(F$11:F$40,$C49) -> 23 | G49: ='12.10'!G49+COUNTIF(G$11:G$40,$C49) -> 23
C50: ='01.09'!C50 -> *Л. Информационные технологии* | D50: ='12.10'!D50+COUNTIF(D$11:D$40,$C50) -> 2 | E50: ='12.10'!E50+COUNTIF(E$11:E$40,$C50) -> 2 | F50: ='12.10'!F50+COUNTIF(F$11:F$40,$C50) -> 2 | G50: ='12.10'!G50+COUNTIF(G$11:G$40,$C50) -> 2
C51: ='01.09'!C51 -> *Пр. Информационные технологии* | D51: ='12.10'!D51+COUNTIF(D$11:D$40,$C51) -> 7 | E51: ='12.10'!E51+COUNTIF(E$11:E$40,$C51) -> 7 | F51: ='12.10'!F51+COUNTIF(F$11:F$40,$C51) -> 7 | G51: ='12.10'!G51+COUNTIF(G$11:G$40,$C51) -> 7
C52: ='01.09'!C52 -> *Л. Гимнастика* | D52: ='12.10'!D52+COUNTIF(D$11:D$40,$C52) -> 3 | E52: ='12.10'!E52+COUNTIF(E$11:E$40,$C52) -> 3 | F52: ='12.10'!F52+COUNTIF(F$11:F$40,$C52) -> 3 | G52: ='12.10'!G52+COUNTIF(G$11:G$40,$C52) -> 3
C53: ='01.09'!C53 -> *Пр. Гимнастика* | D53: ='12.10'!D53+COUNTIF(D$11:D$40,$C53) -> 11 | E53: ='12.10'!E53+COUNTIF(E$11:E$40,$C53) -> 11 | F53: ='12.10'!F53+COUNTIF(F$11:F$40,$C53) -> 10 | G53: ='12.10'!G53+COUNTIF(G$11:G$40,$C53) -> 10
... C67: ='01.09'!C67 -> 0 | D67: ='12.10'!D67+COUNTIF(D$11:D$40,$C67) -> 0 | E67: ='12.10'!E67+COUNTIF(E$11:E$40,$C67) -> 0 | F67: ='12.10'!F67+COUNTIF(F$11:F$40,$C67) -> 0 | G67: ='12.10'!G67+COUNTIF(G$11:G$40,$C67) -> 0

Sheet 26.10
B1: Расписание учебных занятий на второе полугодие 2025-2026 учебного года
B2: ТРЕНЕРСКИЙ ФАКУЛЬТЕТ, направление подготовки (образовательная программа)
A3: 49.03.04 Спорт*
B4: Факультет адаптивной физической культуры, рекреации и туризма, направление подготовки (образовательная программа)
B5: 49.03.01 Физическая культура*
B6: Курс 1, семестр 2, очная форма обучения
B7: группы С2-07-26, С2-08-26, С2-09-26, Т1-04-26
A9: День недели | B9: Дата | C9: Время | D9: Т1-04-26 | E9: 7 группа | F9: 8 группа | G9: 9 группа
D10: Физкультурно-оздоровительная деятельность и фитнес (ФОДиФ) | E10: Единоборства (армспорт, греко-римская борьба, вольная борьба, дзюдо, самбо, служебно-прикладные единоборства) | F10: киокусинкай, ушу, тхэквондо (ВТФ, ИТФ), тяжелоатлетические виды спорта | G10: Бокс, кикбоксинг, современное пятиборье, фехтование, стрелковые виды спорта, скалолазание
A11: Понедельник | B11: 46321 | C11: 8.50-10.20 | D11: Пр. Информационные технологии в сфере физической культуры и спорта Яшкина Е.Н. 277мбк | E11: Пр. Волейбол Ефимов А.С. 230СК | G11: Пр. Физическая культура и спорт Трунева Т.В. 308 гл.к.
C12: 10.40-12.10 | D12: Пр. Анатомия человека Мештель А.В. 154мбк | E12: Пр. Физическая культура и спорт Трунева Т.В. 406 ауд.к. | F12: Пр. Речевое общение в профессиональной деятельности Капустина Ю.А. 513 гл.к. | G12: Пр. Анатомия человека Гричанова Т.Г. 151мбк
C13: 13.00-14.30 | D13: Пр. Речевое общение в профессиональной деятельности Капустина Ю.А. 406 ауд.к. | F13: Пр. Физическая культура и спорт Трунева Т.В. 308 гл.к. | G13: Пр. Гимнастика Дубовицкая И.А. 210СК
C14: 14.50-16.20 | F14: Пр. Гимнастика Дубовицкая И.А. 210СК
C15: 16.40-18.10
A16: Вторник | B16: =B11+1 -> 46322 | C16: 8.50-10.20 | E16: Пр. Теория и методика единоборств Прил.1 | F16: Пр. Теория и методика каратэ, тхэквондо, киокусинкай, ушу, тяжелоатлетических видов спорта Прил.1 | G16: Пр. Теория и методика бокса, кикбоксинга, скалолазания Прил.1
C17: 10.40-12.10 | D17: Пр. Теория и методика физкультурно-оздоровительной деятельности и фитнеса фитнес-зал№83 теннисный центр (2 п/группа) | E17: Пр. Теория и методика единоборств Прил.1 | F17: Пр. Теория и методика каратэ, тхэквондо, киокусинкай, ушу, тяжелоатлетических видов спорта Прил.1 | G17: Пр. Теория и методика бокса, кикбоксинга, фехтования, современного пятиборья, стрелковых видов спорта, скалолазания Прил.1
C18: 13.00-14.30 | D18: Пр. Иностранный язык Литвинов С.В. 512гл.к. | E18: Пр. Волейбол Ефимов А.С. 230СК | F18: Пр. Анатомия человека Мештель А.В. 72мбк | G18: Пр. Гимнастика Дубовицкая И.А. 210СК
C19: 14.50-16.20 | D19: Пр. Волейбол Ефимов А.С. 230СК | E19: Пр. Иностранный язык Литвинов С.В. 512гл.к.
C20: 16.40-18.10
A21: Среда | B21: =B16+1 -> 46323 | C21: 8.50-10.20 | D21: Пр. Гимнастика Андреасян К.Б. 205СК | F21: Пр. Гимнастика Дубовицкая И.А. 210СК | G21: Пр. Информационные технологии в сфере физической культуры и спорта Яшкина Е.Н. 277мбк
C22: 10.40-12.10 | D22: Пр. Физическая культура и спорт Трунева Т.В. 308 гл.к. | E22: Пр. Гимнастика Колесникова Е.С. 206СК | F22: Пр. Информационные технологии в сфере физической культуры и спорта Яшкина Е.Н. 277мбк | G22: Пр. Элективные дисциплины по ФКиС: Подвижные игры Дробышевская Н.В. Модуль Б
C23: 13.00-14.30 | D23: Пр. Элективные дисциплины по ФКиС: Подвижные игры Салахудинова Е.С. Модуль Б | E23: Пр. Информационные технологии в сфере физической культуры и спорта Яшкина Е.Н. 277мбк | F23: Пр. Иностранный язык Литвинов С.В. 508гл.к. | G23: Пр. Волейбол Ананьин А.С. 230СК
C24: 14.50-16.20 | D24: Пр. Волейбол Ефимов А.С. 230СК | E24: Пр. Элективные дисциплины по ФКиС: Подвижные игры Салахудинова Е.С. Модуль Б | G24: Пр. Иностранный язык Литвинов С.В. 508гл.к.
C25: 16.40-18.10
A26: Четверг | B26: =B21+1 -> 46324 | C26: 8.50-10.20
C27: 10.40-12.10
C28: 13.00-14.30 | F28: Пр. Элективные дисциплины по ФКиС: Подвижные игры Дробышевская Н.В. Модуль Б
C29: 14.50-16.20 | F29: Пр. Волейбол Суханова А.В. 230СК
C30: 16.40-18.10
A31: Пятница | B31: =B26+1 -> 46325 | C31: 8.50-10.20 | E31: Пр. Речевое общение в профессиональной деятельности Капустина Ю.А. 410 гл.к. | G31: Пр. Волейбол Ананьин А.С. 230СК
C32: 10.40-12.10 | D32: Пр. Гимнастика Андреасян К.Б. 205СК | E32: Пр. Анатомия человека Сироткина Ю.А. 154мбк | F32: Пр. Волейбол Суханова А.В. 230СК | G32: Пр. Речевое общение в профессиональной деятельности Капустина Ю.А. 410 гл.к.
C33: 13.00-14.30 | D33: Л. Теория и методика физкультурно-оздоровительной деятельности и фитнеса ауд. | E33: Л. Теория и методика единоборств Прил.1 | F33: Л. Теория и методика каратэ, тхэквондо, киокусинкай, ушу, тяжелоатлетических видов спорта Прил.1 | G33: Л. Теория и методика бокса, кикбоксинга, фехтования, современного пятиборья, стрелковых видов спорта, скалолазания Прил.1
C34: 14.50-16.20 | D34: Пр. Теория и методика физкультурно-оздоровительной деятельности и фитнеса 213СК (1 п/группа) | G34: Пр. Теория и методика фехтования, современного пятиборья, стрелковых видов спорта Прил.1
C35: 16.40-18.10
A36: Суббота | B36: =B31+1 -> 46326 | C36: 8.50-10.20 | D36: Пр. Теория и методика физкультурно-оздоровительной деятельности и фитнеса 213СК (2 п/группа)
C37: 10.40-12.10 | D37: Пр. Теория и методика физкультурно-оздоровительной деятельности и фитнеса 213СК (1 п/группа)
C38: 13.00-14.30
C39: 14.50-16.20
C40: 16.40-18.10
D41: * Профили (направленность) указанны на титульном листе
C42: ='01.09'!C42 -> *Л. Речевое общение в профессиональной деятельности* | D42: ='19.10'!D42+COUNTIF(D$11:D$40,$C42) -> 5 | E42: ='19.10'!E42+COUNTIF(E$11:E$40,$C42) -> 5 | F42: ='19.10'!F42+COUNTIF(F$11:F$40,$C42) -> 5 | G42: ='19.10'!G42+COUNTIF(G$11:G$40,$C42) -> 5
C43: ='01.09'!C43 -> *Пр. Речевое общение в профессиональной деятельности* | D43: ='19.10'!D43+COUNTIF(D$11:D$40,$C43) -> 4 | E43: ='19.10'!E43+COUNTIF(E$11:E$40,$C43) -> 4 | F43: ='19.10'!F43+COUNTIF(F$11:F$40,$C43) -> 4 | G43: ='19.10'!G43+COUNTIF(G$11:G$40,$C43) -> 4
C44: ='01.09'!C44 -> *Л. Физическая культура и спорт* | D44: ='19.10'!D44+COUNTIF(D$11:D$40,$C44) -> 5 | E44: ='19.10'!E44+COUNTIF(E$11:E$40,$C44) -> 5 | F44: ='19.10'!F44+COUNTIF(F$11:F$40,$C44) -> 5 | G44: ='19.10'!G44+COUNTIF(G$11:G$40,$C44) -> 5
C45: ='01.09'!C45 -> *Пр. Физическая культура и спорт* | D45: ='19.10'!D45+COUNTIF(D$11:D$40,$C45) -> 5 | E45: ='19.10'!E45+COUNTIF(E$11:E$40,$C45) -> 5 | F45: ='19.10'!F45+COUNTIF(F$11:F$40,$C45) -> 5 | G45: ='19.10'!G45+COUNTIF(G$11:G$40,$C45) -> 5
C46: ='01.09'!C46 -> *Л. Анатомия* | D46: ='19.10'!D46+COUNTIF(D$11:D$40,$C46) -> 4 | E46: ='19.10'!E46+COUNTIF(E$11:E$40,$C46) -> 4 | F46: ='19.10'!F46+COUNTIF(F$11:F$40,$C46) -> 4 | G46: ='19.10'!G46+COUNTIF(G$11:G$40,$C46) -> 4
C47: ='01.09'!C47 -> *Пр. Анатомия* | D47: ='19.10'!D47+COUNTIF(D$11:D$40,$C47) -> 4 | E47: ='19.10'!E47+COUNTIF(E$11:E$40,$C47) -> 4 | F47: ='19.10'!F47+COUNTIF(F$11:F$40,$C47) -> 4 | G47: ='19.10'!G47+COUNTIF(G$11:G$40,$C47) -> 4
C48: ='01.09'!C48 -> *Л. Теория и методика* | D48: ='19.10'!D48+COUNTIF(D$11:D$40,$C48) -> 5 | E48: ='19.10'!E48+COUNTIF(E$11:E$40,$C48) -> 5 | F48: ='19.10'!F48+COUNTIF(F$11:F$40,$C48) -> 5 | G48: ='19.10'!G48+COUNTIF(G$11:G$40,$C48) -> 5
C49: ='01.09'!C49 -> *Пр. Теория и методика* | D49: ='19.10'!D49+COUNTIF(D$11:D$40,$C49) -> 24 | E49: ='19.10'!E49+COUNTIF(E$11:E$40,$C49) -> 25 | F49: ='19.10'!F49+COUNTIF(F$11:F$40,$C49) -> 25 | G49: ='19.10'!G49+COUNTIF(G$11:G$40,$C49) -> 25
C50: ='01.09'!C50 -> *Л. Информационные технологии* | D50: ='19.10'!D50+COUNTIF(D$11:D$40,$C50) -> 2 | E50: ='19.10'!E50+COUNTIF(E$11:E$40,$C50) -> 2 | F50: ='19.10'!F50+COUNTIF(F$11:F$40,$C50) -> 2 | G50: ='19.10'!G50+COUNTIF(G$11:G$40,$C50) -> 2
C51: ='01.09'!C51 -> *Пр. Информационные технологии* | D51: ='19.10'!D51+COUNTIF(D$11:D$40,$C51) -> 8 | E51: ='19.10'!E51+COUNTIF(E$11:E$40,$C51) -> 8 | F51: ='19.10'!F51+COUNTIF(F$11:F$40,$C51) -> 8 | G51: ='19.10'!G51+COUNTIF(G$11:G$40,$C51) -> 8
C52: ='01.09'!C52 -> *Л. Гимнастика* | D52: ='19.10'!D52+COUNTIF(D$11:D$40,$C52) -> 3 | E52: ='19.10'!E52+COUNTIF(E$11:E$40,$C52) -> 3 | F52: ='19.10'!F52+COUNTIF(F$11:F$40,$C52) -> 3 | G52: ='19.10'!G52+COUNTIF(G$11:G$40,$C52) -> 3
C53: ='01.09'!C53 -> *Пр. Гимнастика* | D53: ='19.10'!D53+COUNTIF(D$11:D$40,$C53) -> 13 | E53: ='19.10'!E53+COUNTIF(E$11:E$40,$C53) -> 12 | F53: ='19.10'!F53+COUNTIF(F$11:F$40,$C53) -> 12 | G53: ='19.10'!G53+COUNTIF(G$11:G$40,$C53) -> 12
... C67: ='01.09'!C67 -> 0 | D67: ='19.10'!D67+COUNTIF(D$11:D$40,$C67) -> 0 | E67: ='19.10'!E67+COUNTIF(E$11:E$40,$C67) -> 0 | F67: ='19.10'!F67+COUNTIF(F$11:F$40,$C67) -> 0 | G67: ='19.10'!G67+COUNTIF(G$11:G$40,$C67) -> 0

Sheet 02.11
B1: Расписание учебных занятий на второе полугодие 2025-2026 учебного года
B2: ТРЕНЕРСКИЙ ФАКУЛЬТЕТ, направление подготовки (образовательная программа)
A3: 49.03.04 Спорт*
B4: Факультет адаптивной физической культуры, рекреации и туризма, направление подготовки (образовательная программа)
B5: 49.03.01 Физическая культура*
B6: Курс 1, семестр 2, очная форма обучения
B7: группы С2-07-26, С2-08-26, С2-09-26, Т1-04-26
A9: День недели | B9: Дата | C9: Время | D9: Т1-04-26 | E9: 7 группа | F9: 8 группа | G9: 9 группа
D10: Физкультурно-оздоровительная деятельность и фитнес (ФОДиФ) | E10: Единоборства (армспорт, греко-римская борьба, вольная борьба, дзюдо, самбо, служебно-прикладные единоборства) | F10: киокусинкай, ушу, тхэквондо (ВТФ, ИТФ), тяжелоатлетические виды спорта | G10: Бокс, кикбоксинг, современное пятиборье, фехтование, стрелковые виды спорта, скалолазание
A11: Понедельник | B11: 46328 | C11: 8.50-10.20
C12: 10.40-12.10
C13: 13.00-14.30
C14: 14.50-16.20
C15: 16.40-18.10
A16: Вторник | B16: =B11+1 -> 46329 | C16: 8.50-10.20
C17: 10.40-12.10
C18: 13.00-14.30
C19: 14.50-16.20
C20: 16.40-18.10
A21: Среда | B21: =B16+1 -> 46330 | C21: 8.50-10.20
C22: 10.40-12.10
C23: 13.00-14.30
C24: 14.50-16.20
C25: 16.40-18.10
A26: Четверг | B26: =B21+1 -> 46331 | C26: 8.50-10.20
C27: 10.40-12.10
C28: 13.00-14.30
C29: 14.50-16.20
C30: 16.40-18.10
A31: Пятница | B31: =B26+1 -> 46332 | C31: 8.50-10.20
C32: 10.40-12.10
C33: 13.00-14.30
C34: 14.50-16.20
C35: 16.40-18.10
A36: Суббота | B36: =B31+1 -> 46333 | C36: 8.50-10.20
C37: 10.40-12.10
C38: 13.00-14.30
C39: 14.50-16.20
C40: 16.40-18.10
D41: * Профили (направленность) указанны на титульном листе
C42: ='01.09'!C42 -> *Л. Речевое общение в профессиональной деятельности* | D42: ='26.10'!D42+COUNTIF(D$11:D$40,$C42) -> 5 | E42: ='26.10'!E42+COUNTIF(E$11:E$40,$C42) -> 5 | F42: ='26.10'!F42+COUNTIF(F$11:F$40,$C42) -> 5 | G42: ='26.10'!G42+COUNTIF(G$11:G$40,$C42) -> 5
C43: ='01.09'!C43 -> *Пр. Речевое общение в профессиональной деятельности* | D43: ='26.10'!D43+COUNTIF(D$11:D$40,$C43) -> 4 | E43: ='26.10'!E43+COUNTIF(E$11:E$40,$C43) -> 4 | F43: ='26.10'!F43+COUNTIF(F$11:F$40,$C43) -> 4 | G43: ='26.10'!G43+COUNTIF(G$11:G$40,$C43) -> 4
C44: ='01.09'!C44 -> *Л. Физическая культура и спорт* | D44: ='26.10'!D44+COUNTIF(D$11:D$40,$C44) -> 5 | E44: ='26.10'!E44+COUNTIF(E$11:E$40,$C44) -> 5 | F44: ='26.10'!F44+COUNTIF(F$11:F$40,$C44) -> 5 | G44: ='26.10'!G44+COUNTIF(G$11:G$40,$C44) -> 5
C45: ='01.09'!C45 -> *Пр. Физическая культура и спорт* | D45: ='26.10'!D45+COUNTIF(D$11:D$40,$C45) -> 5 | E45: ='26.10'!E45+COUNTIF(E$11:E$40,$C45) -> 5 | F45: ='26.10'!F45+COUNTIF(F$11:F$40,$C45) -> 5 | G45: ='26.10'!G45+COUNTIF(G$11:G$40,$C45) -> 5
C46: ='01.09'!C46 -> *Л. Анатомия* | D46: ='26.10'!D46+COUNTIF(D$11:D$40,$C46) -> 4 | E46: ='26.10'!E46+COUNTIF(E$11:E$40,$C46) -> 4 | F46: ='26.10'!F46+COUNTIF(F$11:F$40,$C46) -> 4 | G46: ='26.10'!G46+COUNTIF(G$11:G$40,$C46) -> 4
C47: ='01.09'!C47 -> *Пр. Анатомия* | D47: ='26.10'!D47+COUNTIF(D$11:D$40,$C47) -> 4 | E47: ='26.10'!E47+COUNTIF(E$11:E$40,$C47) -> 4 | F47: ='26.10'!F47+COUNTIF(F$11:F$40,$C47) -> 4 | G47: ='26.10'!G47+COUNTIF(G$11:G$40,$C47) -> 4
C48: ='01.09'!C48 -> *Л. Теория и методика* | D48: ='26.10'!D48+COUNTIF(D$11:D$40,$C48) -> 5 | E48: ='26.10'!E48+COUNTIF(E$11:E$40,$C48) -> 5 | F48: ='26.10'!F48+COUNTIF(F$11:F$40,$C48) -> 5 | G48: ='26.10'!G48+COUNTIF(G$11:G$40,$C48) -> 5
C49: ='01.09'!C49 -> *Пр. Теория и методика* | D49: ='26.10'!D49+COUNTIF(D$11:D$40,$C49) -> 24 | E49: ='26.10'!E49+COUNTIF(E$11:E$40,$C49) -> 25 | F49: ='26.10'!F49+COUNTIF(F$11:F$40,$C49) -> 25 | G49: ='26.10'!G49+COUNTIF(G$11:G$40,$C49) -> 25
C50: ='01.09'!C50 -> *Л. Информационные технологии* | D50: ='26.10'!D50+COUNTIF(D$11:D$40,$C50) -> 2 | E50: ='26.10'!E50+COUNTIF(E$11:E$40,$C50) -> 2 | F50: ='26.10'!F50+COUNTIF(F$11:F$40,$C50) -> 2 | G50: ='26.10'!G50+COUNTIF(G$11:G$40,$C50) -> 2
C51: ='01.09'!C51 -> *Пр. Информационные технологии* | D51: ='26.10'!D51+COUNTIF(D$11:D$40,$C51) -> 8 | E51: ='26.10'!E51+COUNTIF(E$11:E$40,$C51) -> 8 | F51: ='26.10'!F51+COUNTIF(F$11:F$40,$C51) -> 8 | G51: ='26.10'!G51+COUNTIF(G$11:G$40,$C51) -> 8
C52: ='01.09'!C52 -> *Л. Гимнастика* | D52: ='26.10'!D52+COUNTIF(D$11:D$40,$C52) -> 3 | E52: ='26.10'!E52+COUNTIF(E$11:E$40,$C52) -> 3 | F52: ='26.10'!F52+COUNTIF(F$11:F$40,$C52) -> 3 | G52: ='26.10'!G52+COUNTIF(G$11:G$40,$C52) -> 3
C53: ='01.09'!C53 -> *Пр. Гимнастика* | D53: ='26.10'!D53+COUNTIF(D$11:D$40,$C53) -> 13 | E53: ='26.10'!E53+COUNTIF(E$11:E$40,$C53) -> 12 | F53: ='26.10'!F53+COUNTIF(F$11:F$40,$C53) -> 12 | G53: ='26.10'!G53+COUNTIF(G$11:G$40,$C53) -> 12
... C67: ='01.09'!C67 -> 0 | D67: ='26.10'!D67+COUNTIF(D$11:D$40,$C67) -> 0 | E67: ='26.10'!E67+COUNTIF(E$11:E$40,$C67) -> 0 | F67: ='26.10'!F67+COUNTIF(F$11:F$40,$C67) -> 0 | G67: ='26.10'!G67+COUNTIF(G$11:G$40,$C67) -> 0

Sheet 09.11
B1: Расписание учебных занятий на второе полугодие 2025-2026 учебного года
B2: ТРЕНЕРСКИЙ ФАКУЛЬТЕТ, направление подготовки (образовательная программа)
A3: 49.03.04 Спорт*
B4: Факультет адаптивной физической культуры, рекреации и туризма, направление подготовки (образовательная программа)
B5: 49.03.01 Физическая культура*
B6: Курс 1, семестр 2, очная форма обучения
B7: группы С2-07-26, С2-08-26, С2-09-26, Т1-04-26
A9: День недели | B9: Дата | C9: Время | D9: Т1-04-26 | E9: 7 группа | F9: 8 группа | G9: 9 группа
D10: Физкультурно-оздоровительная деятельность и фитнес (ФОДиФ) | E10: Единоборства (армспорт, греко-римская борьба, вольная борьба, дзюдо, самбо, служебно-прикладные единоборства) | F10: киокусинкай, ушу, тхэквондо (ВТФ, ИТФ), тяжелоатлетические виды спорта | G10: Бокс, кикбоксинг, современное пятиборье, фехтование, стрелковые виды спорта, скалолазание
A11: Понедельник | B11: 46335 | C11: 8.50-10.20
C12: 10.40-12.10
C13: 13.00-14.30
C14: 14.50-16.20
C15: 16.40-18.10
A16: Вторник | B16: =B11+1 -> 46336 | C16: 8.50-10.20
C17: 10.40-12.10
C18: 13.00-14.30
C19: 14.50-16.20
C20: 16.40-18.10
A21: Среда | B21: =B16+1 -> 46337 | C21: 8.50-10.20
C22: 10.40-12.10
C23: 13.00-14.30
C24: 14.50-16.20
C25: 16.40-18.10
A26: Четверг | B26: =B21+1 -> 46338 | C26: 8.50-10.20
C27: 10.40-12.10
C28: 13.00-14.30
C29: 14.50-16.20
C30: 16.40-18.10
A31: Пятница | B31: =B26+1 -> 46339 | C31: 8.50-10.20
C32: 10.40-12.10
C33: 13.00-14.30
C34: 14.50-16.20
C35: 16.40-18.10
A36: Суббота | B36: =B31+1 -> 46340 | C36: 8.50-10.20
C37: 10.40-12.10
C38: 13.00-14.30
C39: 14.50-16.20
C40: 16.40-18.10
D41: * Профили (направленность) указанны на титульном листе
C42: ='01.09'!C42 -> *Л. Речевое общение в профессиональной деятельности* | D42: ='02.11'!D42+COUNTIF(D$11:D$40,$C42) -> 5 | E42: ='02.11'!E42+COUNTIF(E$11:E$40,$C42) -> 5 | F42: ='02.11'!F42+COUNTIF(F$11:F$40,$C42) -> 5 | G42: ='02.11'!G42+COUNTIF(G$11:G$40,$C42) -> 5
C43: ='01.09'!C43 -> *Пр. Речевое общение в профессиональной деятельности* | D43: ='02.11'!D43+COUNTIF(D$11:D$40,$C43) -> 4 | E43: ='02.11'!E43+COUNTIF(E$11:E$40,$C43) -> 4 | F43: ='02.11'!F43+COUNTIF(F$11:F$40,$C43) -> 4 | G43: ='02.11'!G43+COUNTIF(G$11:G$40,$C43) -> 4
C44: ='01.09'!C44 -> *Л. Физическая культура и спорт* | D44: ='02.11'!D44+COUNTIF(D$11:D$40,$C44) -> 5 | E44: ='02.11'!E44+COUNTIF(E$11:E$40,$C44) -> 5 | F44: ='02.11'!F44+COUNTIF(F$11:F$40,$C44) -> 5 | G44: ='02.11'!G44+COUNTIF(G$11:G$40,$C44) -> 5
C45: ='01.09'!C45 -> *Пр. Физическая культура и спорт* | D45: ='02.11'!D45+COUNTIF(D$11:D$40,$C45) -> 5 | E45: ='02.11'!E45+COUNTIF(E$11:E$40,$C45) -> 5 | F45: ='02.11'!F45+COUNTIF(F$11:F$40,$C45) -> 5 | G45: ='02.11'!G45+COUNTIF(G$11:G$40,$C45) -> 5
C46: ='01.09'!C46 -> *Л. Анатомия* | D46: ='02.11'!D46+COUNTIF(D$11:D$40,$C46) -> 4 | E46: ='02.11'!E46+COUNTIF(E$11:E$40,$C46) -> 4 | F46: ='02.11'!F46+COUNTIF(F$11:F$40,$C46) -> 4 | G46: ='02.11'!G46+COUNTIF(G$11:G$40,$C46) -> 4
C47: ='01.09'!C47 -> *Пр. Анатомия* | D47: ='02.11'!D47+COUNTIF(D$11:D$40,$C47) -> 4 | E47: ='02.11'!E47+COUNTIF(E$11:E$40,$C47) -> 4 | F47: ='02.11'!F47+COUNTIF(F$11:F$40,$C47) -> 4 | G47: ='02.11'!G47+COUNTIF(G$11:G$40,$C47) -> 4
C48: ='01.09'!C48 -> *Л. Теория и методика* | D48: ='02.11'!D48+COUNTIF(D$11:D$40,$C48) -> 5 | E48: ='02.11'!E48+COUNTIF(E$11:E$40,$C48) -> 5 | F48: ='02.11'!F48+COUNTIF(F$11:F$40,$C48) -> 5 | G48: ='02.11'!G48+COUNTIF(G$11:G$40,$C48) -> 5
C49: ='01.09'!C49 -> *Пр. Теория и методика* | D49: ='02.11'!D49+COUNTIF(D$11:D$40,$C49) -> 24 | E49: ='02.11'!E49+COUNTIF(E$11:E$40,$C49) -> 25 | F49: ='02.11'!F49+COUNTIF(F$11:F$40,$C49) -> 25 | G49: ='02.11'!G49+COUNTIF(G$11:G$40,$C49) -> 25
C50: ='01.09'!C50 -> *Л. Информационные технологии* | D50: ='02.11'!D50+COUNTIF(D$11:D$40,$C50) -> 2 | E50: ='02.11'!E50+COUNTIF(E$11:E$40,$C50) -> 2 | F50: ='02.11'!F50+COUNTIF(F$11:F$40,$C50) -> 2 | G50: ='02.11'!G50+COUNTIF(G$11:G$40,$C50) -> 2
C51: ='01.09'!C51 -> *Пр. Информационные технологии* | D51: ='02.11'!D51+COUNTIF(D$11:D$40,$C51) -> 8 | E51: ='02.11'!E51+COUNTIF(E$11:E$40,$C51) -> 8 | F51: ='02.11'!F51+COUNTIF(F$11:F$40,$C51) -> 8 | G51: ='02.11'!G51+COUNTIF(G$11:G$40,$C51) -> 8
C52: ='01.09'!C52 -> *Л. Гимнастика* | D52: ='02.11'!D52+COUNTIF(D$11:D$40,$C52) -> 3 | E52: ='02.11'!E52+COUNTIF(E$11:E$40,$C52) -> 3 | F52: ='02.11'!F52+COUNTIF(F$11:F$40,$C52) -> 3 | G52: ='02.11'!G52+COUNTIF(G$11:G$40,$C52) -> 3
C53: ='01.09'!C53 -> *Пр. Гимнастика* | D53: ='02.11'!D53+COUNTIF(D$11:D$40,$C53) -> 13 | E53: ='02.11'!E53+COUNTIF(E$11:E$40,$C53) -> 12 | F53: ='02.11'!F53+COUNTIF(F$11:F$40,$C53) -> 12 | G53: ='02.11'!G53+COUNTIF(G$11:G$40,$C53) -> 12
... C67: ='01.09'!C67 -> 0 | D67: ='02.11'!D67+COUNTIF(D$11:D$40,$C67) -> 0 | E67: ='02.11'!E67+COUNTIF(E$11:E$40,$C67) -> 0 | F67: ='02.11'!F67+COUNTIF(F$11:F$40,$C67) -> 0 | G67: ='02.11'!G67+COUNTIF(G$11:G$40,$C67) -> 0

Sheet 16.11
B1: Расписание учебных занятий на второе полугодие 2025-2026 учебного года
B2: ТРЕНЕРСКИЙ ФАКУЛЬТЕТ, направление подготовки (образовательная программа)
A3: 49.03.04 Спорт*
B4: Факультет адаптивной физической культуры, рекреации и туризма, направление подготовки (образовательная программа)
B5: 49.03.01 Физическая культура*
B6: Курс 1, семестр 2, очная форма обучения
B7: группы С2-07-26, С2-08-26, С2-09-26, Т1-04-26
A9: День недели | B9: Дата | C9: Время | D9: Т1-04-26 | E9: 7 группа | F9: 8 группа | G9: 9 группа
D10: Физкультурно-оздоровительная деятельность и фитнес (ФОДиФ) | E10: Единоборства (армспорт, греко-римская борьба, вольная борьба, дзюдо, самбо, служебно-прикладные единоборства) | F10: киокусинкай, ушу, тхэквондо (ВТФ, ИТФ), тяжелоатлетические виды спорта | G10: Бокс, кикбоксинг, современное пятиборье, фехтование, стрелковые виды спорта, скалолазание
A11: Понедельник | B11: 46342 | C11: 8.50-10.20
C12: 10.40-12.10
C13: 13.00-14.30
C14: 14.50-16.20
C15: 16.40-18.10
A16: Вторник | B16: =B11+1 -> 46343 | C16: 8.50-10.20
C17: 10.40-12.10
C18: 13.00-14.30
C19: 14.50-16.20
C20: 16.40-18.10
A21: Среда | B21: =B16+1 -> 46344 | C21: 8.50-10.20
C22: 10.40-12.10
C23: 13.00-14.30
C24: 14.50-16.20
C25: 16.40-18.10
A26: Четверг | B26: =B21+1 -> 46345 | C26: 8.50-10.20
C27: 10.40-12.10
C28: 13.00-14.30
C29: 14.50-16.20
C30: 16.40-18.10
A31: Пятница | B31: =B26+1 -> 46346 | C31: 8.50-10.20
C32: 10.40-12.10
C33: 13.00-14.30
C34: 14.50-16.20
C35: 16.40-18.10
A36: Суббота | B36: =B31+1 -> 46347 | C36: 8.50-10.20
C37: 10.40-12.10
C38: 13.00-14.30
C39: 14.50-16.20
C40: 16.40-18.10
D41: * Профили (направленность) указанны на титульном листе
B42: 2 | C42: ='01.09'!C42 -> *Л. Речевое общение в профессиональной деятельности* | D42: ='09.11'!D42+COUNTIF(D$11:D$40,$C42) -> 5 | E42: ='09.11'!E42+COUNTIF(E$11:E$40,$C42) -> 5 | F42: ='09.11'!F42+COUNTIF(F$11:F$40,$C42) -> 5 | G42: ='09.11'!G42+COUNTIF(G$11:G$40,$C42) -> 5
B43: 14 | C43: ='01.09'!C43 -> *Пр. Речевое общение в профессиональной деятельности* | D43: ='09.11'!D43+COUNTIF(D$11:D$40,$C43) -> 4 | E43: ='09.11'!E43+COUNTIF(E$11:E$40,$C43) -> 4 | F43: ='09.11'!F43+COUNTIF(F$11:F$40,$C43) -> 4 | G43: ='09.11'!G43+COUNTIF(G$11:G$40,$C43) -> 4
B44: 1 | C44: ='01.09'!C44 -> *Л. Физическая культура и спорт* | D44: ='09.11'!D44+COUNTIF(D$11:D$40,$C44) -> 5 | E44: ='09.11'!E44+COUNTIF(E$11:E$40,$C44) -> 5 | F44: ='09.11'!F44+COUNTIF(F$11:F$40,$C44) -> 5 | G44: ='09.11'!G44+COUNTIF(G$11:G$40,$C44) -> 5
B45: 23 | C45: ='01.09'!C45 -> *Пр. Физическая культура и спорт* | D45: ='09.11'!D45+COUNTIF(D$11:D$40,$C45) -> 5 | E45: ='09.11'!E45+COUNTIF(E$11:E$40,$C45) -> 5 | F45: ='09.11'!F45+COUNTIF(F$11:F$40,$C45) -> 5 | G45: ='09.11'!G45+COUNTIF(G$11:G$40,$C45) -> 5
B46: 7 | C46: ='01.09'!C46 -> *Л. Анатомия* | D46: ='09.11'!D46+COUNTIF(D$11:D$40,$C46) -> 4 | E46: ='09.11'!E46+COUNTIF(E$11:E$40,$C46) -> 4 | F46: ='09.11'!F46+COUNTIF(F$11:F$40,$C46) -> 4 | G46: ='09.11'!G46+COUNTIF(G$11:G$40,$C46) -> 4
B47: 17 | C47: ='01.09'!C47 -> *Пр. Анатомия* | D47: ='09.11'!D47+COUNTIF(D$11:D$40,$C47) -> 4 | E47: ='09.11'!E47+COUNTIF(E$11:E$40,$C47) -> 4 | F47: ='09.11'!F47+COUNTIF(F$11:F$40,$C47) -> 4 | G47: ='09.11'!G47+COUNTIF(G$11:G$40,$C47) -> 4
B48: 5 | C48: ='01.09'!C48 -> *Л. Теория и методика* | D48: ='09.11'!D48+COUNTIF(D$11:D$40,$C48) -> 5 | E48: ='09.11'!E48+COUNTIF(E$11:E$40,$C48) -> 5 | F48: ='09.11'!F48+COUNTIF(F$11:F$40,$C48) -> 5 | G48: ='09.11'!G48+COUNTIF(G$11:G$40,$C48) -> 5
B49: 53 | C49: ='01.09'!C49 -> *Пр. Теория и методика* | D49: ='09.11'!D49+COUNTIF(D$11:D$40,$C49) -> 24 | E49: ='09.11'!E49+COUNTIF(E$11:E$40,$C49) -> 25 | F49: ='09.11'!F49+COUNTIF(F$11:F$40,$C49) -> 25 | G49: ='09.11'!G49+COUNTIF(G$11:G$40,$C49) -> 25
B50: 1 | C50: ='01.09'!C50 -> *Л. Информационные технологии* | D50: ='09.11'!D50+COUNTIF(D$11:D$40,$C50) -> 2 | E50: ='09.11'!E50+COUNTIF(E$11:E$40,$C50) -> 2 | F50: ='09.11'!F50+COUNTIF(F$11:F$40,$C50) -> 2 | G50: ='09.11'!G50+COUNTIF(G$11:G$40,$C50) -> 2
B51: 23 | C51: ='01.09'!C51 -> *Пр. Информационные технологии* | D51: ='09.11'!D51+COUNTIF(D$11:D$40,$C51) -> 8 | E51: ='09.11'!E51+COUNTIF(E$11:E$40,$C51) -> 8 | F51: ='09.11'!F51+COUNTIF(F$11:F$40,$C51) -> 8 | G51: ='09.11'!G51+COUNTIF(G$11:G$40,$C51) -> 8
B52: 1 | C52: ='01.09'!C52 -> *Л. Гимнастика* | D52: ='09.11'!D52+COUNTIF(D$11:D$40,$C52) -> 3 | E52: ='09.11'!E52+COUNTIF(E$11:E$40,$C52) -> 3 | F52: ='09.11'!F52+COUNTIF(F$11:F$40,$C52) -> 3 | G52: ='09.11'!G52+COUNTIF(G$11:G$40,$C52) -> 3
B53: 23 | C53: ='01.09'!C53 -> *Пр. Гимнастика* | D53: ='09.11'!D53+COUNTIF(D$11:D$40,$C53) -> 13 | E53: ='09.11'!E53+COUNTIF(E$11:E$40,$C53) -> 12 | F53: ='09.11'!F53+COUNTIF(F$11:F$40,$C53) -> 12 | G53: ='09.11'!G53+COUNTIF(G$11:G$40,$C53) -> 12
... B60: 2 | C60: ='01.09'!C60 -> *Л. Использование электронной* | D60: ='09.11'!D60+COUNTIF(D$11:D$40,$C60) -> 1 | E60: ='09.11'!E60+COUNTIF(E$11:E$40,$C60) -> 0 | F60: ='09.11'!F60+COUNTIF(F$11:F$40,$C60) -> 0 | G60: ='09.11'!G60+COUNTIF(G$11:G$40,$C60) -> 0
C61: ='01.09'!C61 -> *Пр. Использование электронной* | D61: ='09.11'!D61+COUNTIF(D$11:D$40,$C61) -> 2 | E61: ='09.11'!E61+COUNTIF(E$11:E$40,$C61) -> 2 | F61: ='09.11'!F61+COUNTIF(F$11:F$40,$C61) -> 2 | G61: ='09.11'!G61+COUNTIF(G$11:G$40,$C61) -> 2
C62: ='01.09'!C62 -> *Пр. Иностранный* | D62: ='09.11'!D62+COUNTIF(D$11:D$40,$C62) -> 8 | E62: ='09.11'!E62+COUNTIF(E$11:E$40,$C62) -> 8 | F62: ='09.11'!F62+COUNTIF(F$11:F$40,$C62) -> 8 | G62: ='09.11'!G62+COUNTIF(G$11:G$40,$C62) -> 8
C63: ='01.09'!C63 -> 0 | D63: ='09.11'!D63+COUNTIF(D$11:D$40,$C63) -> 0 | E63: ='09.11'!E63+COUNTIF(E$11:E$40,$C63) -> 0 | F63: ='09.11'!F63+COUNTIF(F$11:F$40,$C63) -> 0 | G63: ='09.11'!G63+COUNTIF(G$11:G$40,$C63) -> 0
C64: ='01.09'!C64 -> 0 | D64: ='09.11'!D64+COUNTIF(D$11:D$40,$C64) -> 0 | E64: ='09.11'!E64+COUNTIF(E$11:E$40,$C64) -> 0 | F64: ='09.11'!F64+COUNTIF(F$11:F$40,$C64) -> 0 | G64: ='09.11'!G64+COUNTIF(G$11:G$40,$C64) -> 0
C65: ='01.09'!C65 -> 0 | D65: ='09.11'!D65+COUNTIF(D$11:D$40,$C65) -> 0 | E65: ='09.11'!E65+COUNTIF(E$11:E$40,$C65) -> 0 | F65: ='09.11'!F65+COUNTIF(F$11:F$40,$C65) -> 0 | G65: ='09.11'!G65+COUNTIF(G$11:G$40,$C65) -> 0
C66: ='01.09'!C66 -> 0 | D66: ='09.11'!D66+COUNTIF(D$11:D$40,$C66) -> 0 | E66: ='09.11'!E66+COUNTIF(E$11:E$40,$C66) -> 0 | F66: ='09.11'!F66+COUNTIF(F$11:F$40,$C66) -> 0 | G66: ='09.11'!G66+COUNTIF(G$11:G$40,$C66) -> 0
C67: ='01.09'!C67 -> 0 | D67: ='09.11'!D67+COUNTIF(D$11:D$40,$C67) -> 0 | E67: ='09.11'!E67+COUNTIF(E$11:E$40,$C67) -> 0 | F67: ='09.11'!F67+COUNTIF(F$11:F$40,$C67) -> 0 | G67: ='09.11'!G67+COUNTIF(G$11:G$40,$C67) -> 0

Sheet 23.11
B1: Расписание учебных занятий на второе полугодие 2025-2026 учебного года
B2: ТРЕНЕРСКИЙ ФАКУЛЬТЕТ, направление подготовки (образовательная программа)
A3: 49.03.04 Спорт*
B4: Факультет адаптивной физической культуры, рекреации и туризма, направление подготовки (образовательная программа)
B5: 49.03.01 Физическая культура*
B6: Курс 1, семестр 2, очная форма обучения
B7: группы С2-07-26, С2-08-26, С2-09-26, Т1-04-26
A9: День недели | B9: Дата | C9: Время | D9: Т1-04-26 | E9: 7 группа | F9: 8 группа | G9: 9 группа
D10: Физкультурно-оздоровительная деятельность и фитнес (ФОДиФ) | E10: Единоборства (армспорт, греко-римская борьба, вольная борьба, дзюдо, самбо, служебно-прикладные единоборства) | F10: киокусинкай, ушу, тхэквондо (ВТФ, ИТФ), тяжелоатлетические виды спорта | G10: Бокс, кикбоксинг, современное пятиборье, фехтование, стрелковые виды спорта, скалолазание
A11: Понедельник | B11: 46349 | C11: 8.50-10.20
C12: 10.40-12.10
C13: 13.00-14.30
C14: 14.50-16.20
C15: 16.40-18.10
A16: Вторник | B16: =B11+1 -> 46350 | C16: 8.50-10.20
C17: 10.40-12.10
C18: 13.00-14.30
C19: 14.50-16.20
C20: 16.40-18.10
A21: Среда | B21: =B16+1 -> 46351 | C21: 8.50-10.20
C22: 10.40-12.10
C23: 13.00-14.30
C24: 14.50-16.20
C25: 16.40-18.10
A26: Четверг | B26: =B21+1 -> 46352 | C26: 8.50-10.20
C27: 10.40-12.10
C28: 13.00-14.30
C29: 14.50-16.20
C30: 16.40-18.10
A31: Пятница | B31: =B26+1 -> 46353 | C31: 8.50-10.20
C32: 10.40-12.10
C33: 13.00-14.30
C34: 14.50-16.20
C35: 16.40-18.10
A36: Суббота | B36: =B31+1 -> 46354 | C36: 8.50-10.20
C37: 10.40-12.10
C38: 13.00-14.30
C39: 14.50-16.20
C40: 16.40-18.10
D41: * Профили (направленность) указанны на титульном листе
C42: ='01.09'!C42 -> *Л. Речевое общение в профессиональной деятельности* | D42: ='16.11'!D42+COUNTIF(D$11:D$40,$C42) -> 5 | E42: ='16.11'!E42+COUNTIF(E$11:E$40,$C42) -> 5 | F42: ='16.11'!F42+COUNTIF(F$11:F$40,$C42) -> 5 | G42: ='16.11'!G42+COUNTIF(G$11:G$40,$C42) -> 5
C43: ='01.09'!C43 -> *Пр. Речевое общение в профессиональной деятельности* | D43: ='16.11'!D43+COUNTIF(D$11:D$40,$C43) -> 4 | E43: ='16.11'!E43+COUNTIF(E$11:E$40,$C43) -> 4 | F43: ='16.11'!F43+COUNTIF(F$11:F$40,$C43) -> 4 | G43: ='16.11'!G43+COUNTIF(G$11:G$40,$C43) -> 4
C44: ='01.09'!C44 -> *Л. Физическая культура и спорт* | D44: ='16.11'!D44+COUNTIF(D$11:D$40,$C44) -> 5 | E44: ='16.11'!E44+COUNTIF(E$11:E$40,$C44) -> 5 | F44: ='16.11'!F44+COUNTIF(F$11:F$40,$C44) -> 5 | G44: ='16.11'!G44+COUNTIF(G$11:G$40,$C44) -> 5
C45: ='01.09'!C45 -> *Пр. Физическая культура и спорт* | D45: ='16.11'!D45+COUNTIF(D$11:D$40,$C45) -> 5 | E45: ='16.11'!E45+COUNTIF(E$11:E$40,$C45) -> 5 | F45: ='16.11'!F45+COUNTIF(F$11:F$40,$C45) -> 5 | G45: ='16.11'!G45+COUNTIF(G$11:G$40,$C45) -> 5
C46: ='01.09'!C46 -> *Л. Анатомия* | D46: ='16.11'!D46+COUNTIF(D$11:D$40,$C46) -> 4 | E46: ='16.11'!E46+COUNTIF(E$11:E$40,$C46) -> 4 | F46: ='16.11'!F46+COUNTIF(F$11:F$40,$C46) -> 4 | G46: ='16.11'!G46+COUNTIF(G$11:G$40,$C46) -> 4
C47: ='01.09'!C47 -> *Пр. Анатомия* | D47: ='16.11'!D47+COUNTIF(D$11:D$40,$C47) -> 4 | E47: ='16.11'!E47+COUNTIF(E$11:E$40,$C47) -> 4 | F47: ='16.11'!F47+COUNTIF(F$11:F$40,$C47) -> 4 | G47: ='16.11'!G47+COUNTIF(G$11:G$40,$C47) -> 4
C48: ='01.09'!C48 -> *Л. Теория и методика* | D48: ='16.11'!D48+COUNTIF(D$11:D$40,$C48) -> 5 | E48: ='16.11'!E48+COUNTIF(E$11:E$40,$C48) -> 5 | F48: ='16.11'!F48+COUNTIF(F$11:F$40,$C48) -> 5 | G48: ='16.11'!G48+COUNTIF(G$11:G$40,$C48) -> 5
C49: ='01.09'!C49 -> *Пр. Теория и методика* | D49: ='16.11'!D49+COUNTIF(D$11:D$40,$C49) -> 24 | E49: ='16.11'!E49+COUNTIF(E$11:E$40,$C49) -> 25 | F49: ='16.11'!F49+COUNTIF(F$11:F$40,$C49) -> 25 | G49: ='16.11'!G49+COUNTIF(G$11:G$40,$C49) -> 25
C50: ='01.09'!C50 -> *Л. Информационные технологии* | D50: ='16.11'!D50+COUNTIF(D$11:D$40,$C50) -> 2 | E50: ='16.11'!E50+COUNTIF(E$11:E$40,$C50) -> 2 | F50: ='16.11'!F50+COUNTIF(F$11:F$40,$C50) -> 2 | G50: ='16.11'!G50+COUNTIF(G$11:G$40,$C50) -> 2
C51: ='01.09'!C51 -> *Пр. Информационные технологии* | D51: ='16.11'!D51+COUNTIF(D$11:D$40,$C51) -> 8 | E51: ='16.11'!E51+COUNTIF(E$11:E$40,$C51) -> 8 | F51: ='16.11'!F51+COUNTIF(F$11:F$40,$C51) -> 8 | G51: ='16.11'!G51+COUNTIF(G$11:G$40,$C51) -> 8
C52: ='01.09'!C52 -> *Л. Гимнастика* | D52: ='16.11'!D52+COUNTIF(D$11:D$40,$C52) -> 3 | E52: ='16.11'!E52+COUNTIF(E$11:E$40,$C52) -> 3 | F52: ='16.11'!F52+COUNTIF(F$11:F$40,$C52) -> 3 | G52: ='16.11'!G52+COUNTIF(G$11:G$40,$C52) -> 3
C53: ='01.09'!C53 -> *Пр. Гимнастика* | D53: ='16.11'!D53+COUNTIF(D$11:D$40,$C53) -> 13 | E53: ='16.11'!E53+COUNTIF(E$11:E$40,$C53) -> 12 | F53: ='16.11'!F53+COUNTIF(F$11:F$40,$C53) -> 12 | G53: ='16.11'!G53+COUNTIF(G$11:G$40,$C53) -> 12
... C67: ='01.09'!C67 -> 0 | D67: ='16.11'!D67+COUNTIF(D$11:D$40,$C67) -> 0 | E67: ='16.11'!E67+COUNTIF(E$11:E$40,$C67) -> 0 | F67: ='16.11'!F67+COUNTIF(F$11:F$40,$C67) -> 0 | G67: ='16.11'!G67+COUNTIF(G$11:G$40,$C67) -> 0

Sheet 30.11
B1: Расписание учебных занятий на второе полугодие 2025-2026 учебного года
B2: ТРЕНЕРСКИЙ ФАКУЛЬТЕТ, направление подготовки (образовательная программа)
A3: 49.03.04 Спорт*
B4: Факультет адаптивной физической культуры, рекреации и туризма, направление подготовки (образовательная программа)
B5: 49.03.01 Физическая культура*
B6: Курс 1, семестр 2, очная форма обучения
B7: группы С2-07-26, С2-08-26, С2-09-26, Т1-04-26
A9: День недели | B9: Дата | C9: Время | D9: Т1-04-26 | E9: 7 группа | F9: 8 группа | G9: 9 группа
D10: Физкультурно-оздоровительная деятельность и фитнес (ФОДиФ) | E10: Единоборства (армспорт, греко-римская борьба, вольная борьба, дзюдо, самбо, служебно-прикладные единоборства) | F10: киокусинкай, ушу, тхэквондо (ВТФ, ИТФ), тяжелоатлетические виды спорта | G10: Бокс, кикбоксинг, современное пятиборье, фехтование, стрелковые виды спорта, скалолазание
A11: Понедельник | B11: 46356 | C11: 8.50-10.20
C12: 10.40-12.10
C13: 13.00-14.30
C14: 14.50-16.20
C15: 16.40-18.10
A16: Вторник | B16: =B11+1 -> 46357 | C16: 8.50-10.20
C17: 10.40-12.10
C18: 13.00-14.30
C19: 14.50-16.20
C20: 16.40-18.10
A21: Среда | B21: =B16+1 -> 46358 | C21: 8.50-10.20
C22: 10.40-12.10
C23: 13.00-14.30
C24: 14.50-16.20
C25: 16.40-18.10
A26: Четверг | B26: =B21+1 -> 46359 | C26: 8.50-10.20
C27: 10.40-12.10
C28: 13.00-14.30
C29: 14.50-16.20
C30: 16.40-18.10
A31: Пятница | B31: =B26+1 -> 46360 | C31: 8.50-10.20
C32: 10.40-12.10
C33: 13.00-14.30
C34: 14.50-16.20
C35: 16.40-18.10
A36: Суббота | B36: =B31+1 -> 46361 | C36: 8.50-10.20
C37: 10.40-12.10
C38: 13.00-14.30
C39: 14.50-16.20
C40: 16.40-18.10
D41: * Профили (направленность) указанны на титульном листе
C42: ='01.09'!C42 -> *Л. Речевое общение в профессиональной деятельности* | D42: ='23.11'!D42+COUNTIF(D$11:D$40,$C42) -> 5 | E42: ='23.11'!E42+COUNTIF(E$11:E$40,$C42) -> 5 | F42: ='23.11'!F42+COUNTIF(F$11:F$40,$C42) -> 5 | G42: ='23.11'!G42+COUNTIF(G$11:G$40,$C42) -> 5
C43: ='01.09'!C43 -> *Пр. Речевое общение в профессиональной деятельности* | D43: ='23.11'!D43+COUNTIF(D$11:D$40,$C43) -> 4 | E43: ='23.11'!E43+COUNTIF(E$11:E$40,$C43) -> 4 | F43: ='23.11'!F43+COUNTIF(F$11:F$40,$C43) -> 4 | G43: ='23.11'!G43+COUNTIF(G$11:G$40,$C43) -> 4
C44: ='01.09'!C44 -> *Л. Физическая культура и спорт* | D44: ='23.11'!D44+COUNTIF(D$11:D$40,$C44) -> 5 | E44: ='23.11'!E44+COUNTIF(E$11:E$40,$C44) -> 5 | F44: ='23.11'!F44+COUNTIF(F$11:F$40,$C44) -> 5 | G44: ='23.11'!G44+COUNTIF(G$11:G$40,$C44) -> 5
C45: ='01.09'!C45 -> *Пр. Физическая культура и спорт* | D45: ='23.11'!D45+COUNTIF(D$11:D$40,$C45) -> 5 | E45: ='23.11'!E45+COUNTIF(E$11:E$40,$C45) -> 5 | F45: ='23.11'!F45+COUNTIF(F$11:F$40,$C45) -> 5 | G45: ='23.11'!G45+COUNTIF(G$11:G$40,$C45) -> 5
C46: ='01.09'!C46 -> *Л. Анатомия* | D46: ='23.11'!D46+COUNTIF(D$11:D$40,$C46) -> 4 | E46: ='23.11'!E46+COUNTIF(E$11:E$40,$C46) -> 4 | F46: ='23.11'!F46+COUNTIF(F$11:F$40,$C46) -> 4 | G46: ='23.11'!G46+COUNTIF(G$11:G$40,$C46) -> 4
C47: ='01.09'!C47 -> *Пр. Анатомия* | D47: ='23.11'!D47+COUNTIF(D$11:D$40,$C47) -> 4 | E47: ='23.11'!E47+COUNTIF(E$11:E$40,$C47) -> 4 | F47: ='23.11'!F47+COUNTIF(F$11:F$40,$C47) -> 4 | G47: ='23.11'!G47+COUNTIF(G$11:G$40,$C47) -> 4
C48: ='01.09'!C48 -> *Л. Теория и методика* | D48: ='23.11'!D48+COUNTIF(D$11:D$40,$C48) -> 5 | E48: ='23.11'!E48+COUNTIF(E$11:E$40,$C48) -> 5 | F48: ='23.11'!F48+COUNTIF(F$11:F$40,$C48) -> 5 | G48: ='23.11'!G48+COUNTIF(G$11:G$40,$C48) -> 5
C49: ='01.09'!C49 -> *Пр. Теория и методика* | D49: ='23.11'!D49+COUNTIF(D$11:D$40,$C49) -> 24 | E49: ='23.11'!E49+COUNTIF(E$11:E$40,$C49) -> 25 | F49: ='23.11'!F49+COUNTIF(F$11:F$40,$C49) -> 25 | G49: ='23.11'!G49+COUNTIF(G$11:G$40,$C49) -> 25
C50: ='01.09'!C50 -> *Л. Информационные технологии* | D50: ='23.11'!D50+COUNTIF(D$11:D$40,$C50) -> 2 | E50: ='23.11'!E50+COUNTIF(E$11:E$40,$C50) -> 2 | F50: ='23.11'!F50+COUNTIF(F$11:F$40,$C50) -> 2 | G50: ='23.11'!G50+COUNTIF(G$11:G$40,$C50) -> 2
C51: ='01.09'!C51 -> *Пр. Информационные технологии* | D51: ='23.11'!D51+COUNTIF(D$11:D$40,$C51) -> 8 | E51: ='23.11'!E51+COUNTIF(E$11:E$40,$C51) -> 8 | F51: ='23.11'!F51+COUNTIF(F$11:F$40,$C51) -> 8 | G51: ='23.11'!G51+COUNTIF(G$11:G$40,$C51) -> 8
C52: ='01.09'!C52 -> *Л. Гимнастика* | D52: ='23.11'!D52+COUNTIF(D$11:D$40,$C52) -> 3 | E52: ='23.11'!E52+COUNTIF(E$11:E$40,$C52) -> 3 | F52: ='23.11'!F52+COUNTIF(F$11:F$40,$C52) -> 3 | G52: ='23.11'!G52+COUNTIF(G$11:G$40,$C52) -> 3
C53: ='01.09'!C53 -> *Пр. Гимнастика* | D53: ='23.11'!D53+COUNTIF(D$11:D$40,$C53) -> 13 | E53: ='23.11'!E53+COUNTIF(E$11:E$40,$C53) -> 12 | F53: ='23.11'!F53+COUNTIF(F$11:F$40,$C53) -> 12 | G53: ='23.11'!G53+COUNTIF(G$11:G$40,$C53) -> 12
... C67: ='01.09'!C67 -> 0 | D67: ='23.11'!D67+COUNTIF(D$11:D$40,$C67) -> 0 | E67: ='23.11'!E67+COUNTIF(E$11:E$40,$C67) -> 0 | F67: ='23.11'!F67+COUNTIF(F$11:F$40,$C67) -> 0 | G67: ='23.11'!G67+COUNTIF(G$11:G$40,$C67) -> 0

Sheet 07.12
B1: Расписание учебных занятий на второе полугодие 2025-2026 учебного года
B2: ТРЕНЕРСКИЙ ФАКУЛЬТЕТ, направление подготовки (образовательная программа)
A3: 49.03.04 Спорт*
B4: Факультет адаптивной физической культуры, рекреации и туризма, направление подготовки (образовательная программа)
B5: 49.03.01 Физическая культура*
B6: Курс 1, семестр 2, очная форма обучения
B7: группы С2-07-26, С2-08-26, С2-09-26, Т1-04-26
A9: День недели | B9: Дата | C9: Время | D9: Т1-04-26 | E9: 7 группа | F9: 8 группа | G9: 9 группа
D10: Физкультурно-оздоровительная деятельность и фитнес (ФОДиФ) | E10: Единоборства (армспорт, греко-римская борьба, вольная борьба, дзюдо, самбо, служебно-прикладные единоборства) | F10: киокусинкай, ушу, тхэквондо (ВТФ, ИТФ), тяжелоатлетические виды спорта | G10: Бокс, кикбоксинг, современное пятиборье, фехтование, стрелковые виды спорта, скалолазание
A11: Понедельник | B11: 46363 | C11: 8.50-10.20
C12: 10.40-12.10
C13: 13.00-14.30
C14: 14.50-16.20
C15: 16.40-18.10
A16: Вторник | B16: =B11+1 -> 46364 | C16: 8.50-10.20
C17: 10.40-12.10
C18: 13.00-14.30
C19: 14.50-16.20
C20: 16.40-18.10
A21: Среда | B21: =B16+1 -> 46365 | C21: 8.50-10.20
C22: 10.40-12.10
C23: 13.00-14.30
C24: 14.50-16.20
C25: 16.40-18.10
A26: Четверг | B26: =B21+1 -> 46366 | C26: 8.50-10.20
C27: 10.40-12.10
C28: 13.00-14.30
C29: 14.50-16.20
C30: 16.40-18.10
A31: Пятница | B31: =B26+1 -> 46367 | C31: 8.50-10.20
C32: 10.40-12.10
C33: 13.00-14.30
C34: 14.50-16.20
C35: 16.40-18.10
A36: Суббота | B36: =B31+1 -> 46368 | C36: 8.50-10.20
C37: 10.40-12.10
C38: 13.00-14.30
C39: 14.50-16.20
C40: 16.40-18.10
D41: * Профили (направленность) указанны на титульном листе
C42: ='01.09'!C42 -> *Л. Речевое общение в профессиональной деятельности* | D42: ='30.11'!D42+COUNTIF(D$11:D$40,$C42) -> 5 | E42: ='30.11'!E42+COUNTIF(E$11:E$40,$C42) -> 5 | F42: ='30.11'!F42+COUNTIF(F$11:F$40,$C42) -> 5 | G42: ='30.11'!G42+COUNTIF(G$11:G$40,$C42) -> 5
C43: ='01.09'!C43 -> *Пр. Речевое общение в профессиональной деятельности* | D43: ='30.11'!D43+COUNTIF(D$11:D$40,$C43) -> 4 | E43: ='30.11'!E43+COUNTIF(E$11:E$40,$C43) -> 4 | F43: ='30.11'!F43+COUNTIF(F$11:F$40,$C43) -> 4 | G43: ='30.11'!G43+COUNTIF(G$11:G$40,$C43) -> 4
C44: ='01.09'!C44 -> *Л. Физическая культура и спорт* | D44: ='30.11'!D44+COUNTIF(D$11:D$40,$C44) -> 5 | E44: ='30.11'!E44+COUNTIF(E$11:E$40,$C44) -> 5 | F44: ='30.11'!F44+COUNTIF(F$11:F$40,$C44) -> 5 | G44: ='30.11'!G44+COUNTIF(G$11:G$40,$C44) -> 5
C45: ='01.09'!C45 -> *Пр. Физическая культура и спорт* | D45: ='30.11'!D45+COUNTIF(D$11:D$40,$C45) -> 5 | E45: ='30.11'!E45+COUNTIF(E$11:E$40,$C45) -> 5 | F45: ='30.11'!F45+COUNTIF(F$11:F$40,$C45) -> 5 | G45: ='30.11'!G45+COUNTIF(G$11:G$40,$C45) -> 5
C46: ='01.09'!C46 -> *Л. Анатомия* | D46: ='30.11'!D46+COUNTIF(D$11:D$40,$C46) -> 4 | E46: ='30.11'!E46+COUNTIF(E$11:E$40,$C46) -> 4 | F46: ='30.11'!F46+COUNTIF(F$11:F$40,$C46) -> 4 | G46: ='30.11'!G46+COUNTIF(G$11:G$40,$C46) -> 4
C47: ='01.09'!C47 -> *Пр. Анатомия* | D47: ='30.11'!D47+COUNTIF(D$11:D$40,$C47) -> 4 | E47: ='30.11'!E47+COUNTIF(E$11:E$40,$C47) -> 4 | F47: ='30.11'!F47+COUNTIF(F$11:F$40,$C47) -> 4 | G47: ='30.11'!G47+COUNTIF(G$11:G$40,$C47) -> 4
C48: ='01.09'!C48 -> *Л. Теория и методика* | D48: ='30.11'!D48+COUNTIF(D$11:D$40,$C48) -> 5 | E48: ='30.11'!E48+COUNTIF(E$11:E$40,$C48) -> 5 | F48: ='30.11'!F48+COUNTIF(F$11:F$40,$C48) -> 5 | G48: ='30.11'!G48+COUNTIF(G$11:G$40,$C48) -> 5
C49: ='01.09'!C49 -> *Пр. Теория и методика* | D49: ='30.11'!D49+COUNTIF(D$11:D$40,$C49) -> 24 | E49: ='30.11'!E49+COUNTIF(E$11:E$40,$C49) -> 25 | F49: ='30.11'!F49+COUNTIF(F$11:F$40,$C49) -> 25 | G49: ='30.11'!G49+COUNTIF(G$11:G$40,$C49) -> 25
C50: ='01.09'!C50 -> *Л. Информационные технологии* | D50: ='30.11'!D50+COUNTIF(D$11:D$40,$C50) -> 2 | E50: ='30.11'!E50+COUNTIF(E$11:E$40,$C50) -> 2 | F50: ='30.11'!F50+COUNTIF(F$11:F$40,$C50) -> 2 | G50: ='30.11'!G50+COUNTIF(G$11:G$40,$C50) -> 2
C51: ='01.09'!C51 -> *Пр. Информационные технологии* | D51: ='30.11'!D51+COUNTIF(D$11:D$40,$C51) -> 8 | E51: ='30.11'!E51+COUNTIF(E$11:E$40,$C51) -> 8 | F51: ='30.11'!F51+COUNTIF(F$11:F$40,$C51) -> 8 | G51: ='30.11'!G51+COUNTIF(G$11:G$40,$C51) -> 8
C52: ='01.09'!C52 -> *Л. Гимнастика* | D52: ='30.11'!D52+COUNTIF(D$11:D$40,$C52) -> 3 | E52: ='30.11'!E52+COUNTIF(E$11:E$40,$C52) -> 3 | F52: ='30.11'!F52+COUNTIF(F$11:F$40,$C52) -> 3 | G52: ='30.11'!G52+COUNTIF(G$11:G$40,$C52) -> 3
C53: ='01.09'!C53 -> *Пр. Гимнастика* | D53: ='30.11'!D53+COUNTIF(D$11:D$40,$C53) -> 13 | E53: ='30.11'!E53+COUNTIF(E$11:E$40,$C53) -> 12 | F53: ='30.11'!F53+COUNTIF(F$11:F$40,$C53) -> 12 | G53: ='30.11'!G53+COUNTIF(G$11:G$40,$C53) -> 12
... C67: ='01.09'!C67 -> 0 | D67: ='30.11'!D67+COUNTIF(D$11:D$40,$C67) -> 0 | E67: ='30.11'!E67+COUNTIF(E$11:E$40,$C67) -> 0 | F67: ='30.11'!F67+COUNTIF(F$11:F$40,$C67) -> 0 | G67: ='30.11'!G67+COUNTIF(G$11:G$40,$C67) -> 0

Sheet 14.12
B1: Расписание учебных занятий на второе полугодие 2025-2026 учебного года
B2: ТРЕНЕРСКИЙ ФАКУЛЬТЕТ, направление подготовки (образовательная программа)
A3: 49.03.04 Спорт*
B4: Факультет адаптивной физической культуры, рекреации и туризма, направление подготовки (образовательная программа)
B5: 49.03.01 Физическая культура*
B6: Курс 1, семестр 2, очная форма обучения
B7: группы С2-07-26, С2-08-26, С2-09-26, Т1-04-26
A9: День недели | B9: Дата | C9: Время | D9: Т1-04-26 | E9: 7 группа | F9: 8 группа | G9: 9 группа
D10: Физкультурно-оздоровительная деятельность и фитнес (ФОДиФ) | E10: Единоборства (армспорт, греко-римская борьба, вольная борьба, дзюдо, самбо, служебно-прикладные единоборства) | F10: киокусинкай, ушу, тхэквондо (ВТФ, ИТФ), тяжелоатлетические виды спорта | G10: Бокс, кикбоксинг, современное пятиборье, фехтование, стрелковые виды спорта, скалолазание
A11: Понедельник | B11: 46370 | C11: 8.50-10.20
C12: 10.40-12.10
C13: 13.00-14.30
C14: 14.50-16.20
C15: 16.40-18.10
A16: Вторник | B16: =B11+1 -> 46371 | C16: 8.50-10.20
C17: 10.40-12.10
C18: 13.00-14.30
C19: 14.50-16.20
C20: 16.40-18.10
A21: Среда | B21: =B16+1 -> 46372 | C21: 8.50-10.20
C22: 10.40-12.10
C23: 13.00-14.30
C24: 14.50-16.20
C25: 16.40-18.10
A26: Четверг | B26: =B21+1 -> 46373 | C26: 8.50-10.20
C27: 10.40-12.10
C28: 13.00-14.30
C29: 14.50-16.20
C30: 16.40-18.10
A31: Пятница | B31: =B26+1 -> 46374 | C31: 8.50-10.20
C32: 10.40-12.10
C33: 13.00-14.30
C34: 14.50-16.20
C35: 16.40-18.10
A36: Суббота | B36: =B31+1 -> 46375 | C36: 8.50-10.20
C37: 10.40-12.10
C38: 13.00-14.30
C39: 14.50-16.20
C40: 16.40-18.10
D41: * Профили (направленность) указанны на титульном листе
B42: 5 | C42: ='01.09'!C42 -> *Л. Речевое общение в профессиональной деятельности* | D42: ='07.12'!D42+COUNTIF(D$11:D$40,$C42) -> 5 | E42: ='07.12'!E42+COUNTIF(E$11:E$40,$C42) -> 5 | F42: ='07.12'!F42+COUNTIF(F$11:F$40,$C42) -> 5 | G42: ='07.12'!G42+COUNTIF(G$11:G$40,$C42) -> 5
B43: 11 | C43: ='01.09'!C43 -> *Пр. Речевое общение в профессиональной деятельности* | D43: ='07.12'!D43+COUNTIF(D$11:D$40,$C43) -> 4 | E43: ='07.12'!E43+COUNTIF(E$11:E$40,$C43) -> 4 | F43: ='07.12'!F43+COUNTIF(F$11:F$40,$C43) -> 4 | G43: ='07.12'!G43+COUNTIF(G$11:G$40,$C43) -> 4
B44: 5 | C44: ='01.09'!C44 -> *Л. Физическая культура и спорт* | D44: ='07.12'!D44+COUNTIF(D$11:D$40,$C44) -> 5 | E44: ='07.12'!E44+COUNTIF(E$11:E$40,$C44) -> 5 | F44: ='07.12'!F44+COUNTIF(F$11:F$40,$C44) -> 5 | G44: ='07.12'!G44+COUNTIF(G$11:G$40,$C44) -> 5
B45: 5 | C45: ='01.09'!C45 -> *Пр. Физическая культура и спорт* | D45: ='07.12'!D45+COUNTIF(D$11:D$40,$C45) -> 5 | E45: ='07.12'!E45+COUNTIF(E$11:E$40,$C45) -> 5 | F45: ='07.12'!F45+COUNTIF(F$11:F$40,$C45) -> 5 | G45: ='07.12'!G45+COUNTIF(G$11:G$40,$C45) -> 5
B46: 4 | C46: ='01.09'!C46 -> *Л. Анатомия* | D46: ='07.12'!D46+COUNTIF(D$11:D$40,$C46) -> 4 | E46: ='07.12'!E46+COUNTIF(E$11:E$40,$C46) -> 4 | F46: ='07.12'!F46+COUNTIF(F$11:F$40,$C46) -> 4 | G46: ='07.12'!G46+COUNTIF(G$11:G$40,$C46) -> 4
B47: 12 | C47: ='01.09'!C47 -> *Пр. Анатомия* | D47: ='07.12'!D47+COUNTIF(D$11:D$40,$C47) -> 4 | E47: ='07.12'!E47+COUNTIF(E$11:E$40,$C47) -> 4 | F47: ='07.12'!F47+COUNTIF(F$11:F$40,$C47) -> 4 | G47: ='07.12'!G47+COUNTIF(G$11:G$40,$C47) -> 4
B48: 5 | C48: ='01.09'!C48 -> *Л. Теория и методика* | D48: ='07.12'!D48+COUNTIF(D$11:D$40,$C48) -> 5 | E48: ='07.12'!E48+COUNTIF(E$11:E$40,$C48) -> 5 | F48: ='07.12'!F48+COUNTIF(F$11:F$40,$C48) -> 5 | G48: ='07.12'!G48+COUNTIF(G$11:G$40,$C48) -> 5
B49: 45 | C49: ='01.09'!C49 -> *Пр. Теория и методика* | D49: ='07.12'!D49+COUNTIF(D$11:D$40,$C49) -> 24 | E49: ='07.12'!E49+COUNTIF(E$11:E$40,$C49) -> 25 | F49: ='07.12'!F49+COUNTIF(F$11:F$40,$C49) -> 25 | G49: ='07.12'!G49+COUNTIF(G$11:G$40,$C49) -> 25
B50: 2 | C50: ='01.09'!C50 -> *Л. Информационные технологии* | D50: ='07.12'!D50+COUNTIF(D$11:D$40,$C50) -> 2 | E50: ='07.12'!E50+COUNTIF(E$11:E$40,$C50) -> 2 | F50: ='07.12'!F50+COUNTIF(F$11:F$40,$C50) -> 2 | G50: ='07.12'!G50+COUNTIF(G$11:G$40,$C50) -> 2
B51: 14 | C51: ='01.09'!C51 -> *Пр. Информационные технологии* | D51: ='07.12'!D51+COUNTIF(D$11:D$40,$C51) -> 8 | E51: ='07.12'!E51+COUNTIF(E$11:E$40,$C51) -> 8 | F51: ='07.12'!F51+COUNTIF(F$11:F$40,$C51) -> 8 | G51: ='07.12'!G51+COUNTIF(G$11:G$40,$C51) -> 8
B52: 1 | C52: ='01.09'!C52 -> *Л. Гимнастика* | D52: ='07.12'!D52+COUNTIF(D$11:D$40,$C52) -> 3 | E52: ='07.12'!E52+COUNTIF(E$11:E$40,$C52) -> 3 | F52: ='07.12'!F52+COUNTIF(F$11:F$40,$C52) -> 3 | G52: ='07.12'!G52+COUNTIF(G$11:G$40,$C52) -> 3
B53: 23 | C53: ='01.09'!C53 -> *Пр. Гимнастика* | D53: ='07.12'!D53+COUNTIF(D$11:D$40,$C53) -> 13 | E53: ='07.12'!E53+COUNTIF(E$11:E$40,$C53) -> 12 | F53: ='07.12'!F53+COUNTIF(F$11:F$40,$C53) -> 12 | G53: ='07.12'!G53+COUNTIF(G$11:G$40,$C53) -> 12
... B62: 31 | C62: ='01.09'!C62 -> *Пр. Иностранный* | D62: ='07.12'!D62+COUNTIF(D$11:D$40,$C62) -> 8 | E62: ='07.12'!E62+COUNTIF(E$11:E$40,$C62) -> 8 | F62: ='07.12'!F62+COUNTIF(F$11:F$40,$C62) -> 8 | G62: ='07.12'!G62+COUNTIF(G$11:G$40,$C62) -> 8
C63: ='01.09'!C63 -> 0 | D63: ='07.12'!D63+COUNTIF(D$11:D$40,$C63) -> 0 | E63: ='07.12'!E63+COUNTIF(E$11:E$40,$C63) -> 0 | F63: ='07.12'!F63+COUNTIF(F$11:F$40,$C63) -> 0 | G63: ='07.12'!G63+COUNTIF(G$11:G$40,$C63) -> 0
C64: ='01.09'!C64 -> 0 | D64: ='07.12'!D64+COUNTIF(D$11:D$40,$C64) -> 0 | E64: ='07.12'!E64+COUNTIF(E$11:E$40,$C64) -> 0 | F64: ='07.12'!F64+COUNTIF(F$11:F$40,$C64) -> 0 | G64: ='07.12'!G64+COUNTIF(G$11:G$40,$C64) -> 0
C65: ='01.09'!C65 -> 0 | D65: ='07.12'!D65+COUNTIF(D$11:D$40,$C65) -> 0 | E65: ='07.12'!E65+COUNTIF(E$11:E$40,$C65) -> 0 | F65: ='07.12'!F65+COUNTIF(F$11:F$40,$C65) -> 0 | G65: ='07.12'!G65+COUNTIF(G$11:G$40,$C65) -> 0
C66: ='01.09'!C66 -> 0 | D66: ='07.12'!D66+COUNTIF(D$11:D$40,$C66) -> 0 | E66: ='07.12'!E66+COUNTIF(E$11:E$40,$C66) -> 0 | F66: ='07.12'!F66+COUNTIF(F$11:F$40,$C66) -> 0 | G66: ='07.12'!G66+COUNTIF(G$11:G$40,$C66) -> 0
C67: ='01.09'!C67 -> 0 | D67: ='07.12'!D67+COUNTIF(D$11:D$40,$C67) -> 0 | E67: ='07.12'!E67+COUNTIF(E$11:E$40,$C67) -> 0 | F67: ='07.12'!F67+COUNTIF(F$11:F$40,$C67) -> 0 | G67: ='07.12'!G67+COUNTIF(G$11:G$40,$C67) -> 0

Sheet 21.12
B1: Расписание учебных занятий на второе полугодие 2025-2026 учебного года
B2: ТРЕНЕРСКИЙ ФАКУЛЬТЕТ, направление подготовки (образовательная программа)
A3: 49.03.04 Спорт*
B4: Факультет адаптивной физической культуры, рекреации и туризма, направление подготовки (образовательная программа)
B5: 49.03.01 Физическая культура*
B6: Курс 1, семестр 2, очная форма обучения
B7: группы С2-07-26, С2-08-26, С2-09-26, Т1-04-26
A9: День недели | B9: Дата | C9: Время | D9: Т1-04-26 | E9: 7 группа | F9: 8 группа | G9: 9 группа
D10: Физкультурно-оздоровительная деятельность и фитнес (ФОДиФ) | E10: Единоборства (армспорт, греко-римская борьба, вольная борьба, дзюдо, самбо, служебно-прикладные единоборства) | F10: киокусинкай, ушу, тхэквондо (ВТФ, ИТФ), тяжелоатлетические виды спорта | G10: Бокс, кикбоксинг, современное пятиборье, фехтование, стрелковые виды спорта, скалолазание
A11: Понедельник | B11: 46377 | C11: 8.50-10.20
C12: 10.40-12.10
C13: 13.00-14.30
C14: 14.50-16.20
C15: 16.40-18.10
A16: Вторник | B16: =B11+1 -> 46378 | C16: 8.50-10.20
C17: 10.40-12.10
C18: 13.00-14.30
C19: 14.50-16.20
C20: 16.40-18.10
A21: Среда | B21: =B16+1 -> 46379 | C21: 8.50-10.20
C22: 10.40-12.10
C23: 13.00-14.30
C24: 14.50-16.20
C25: 16.40-18.10
A26: Четверг | B26: =B21+1 -> 46380 | C26: 8.50-10.20
C27: 10.40-12.10
C28: 13.00-14.30
C29: 14.50-16.20
C30: 16.40-18.10
A31: Пятница | B31: =B26+1 -> 46381 | C31: 8.50-10.20
C32: 10.40-12.10
C33: 13.00-14.30
C34: 14.50-16.20
C35: 16.40-18.10
A36: Суббота | B36: =B31+1 -> 46382 | C36: 8.50-10.20
C37: 10.40-12.10
C38: 13.00-14.30
C39: 14.50-16.20
C40: 16.40-18.10
D41: * Профили (направленность) указанны на титульном листе
B42: 5 | C42: ='01.09'!C42 -> *Л. Речевое общение в профессиональной деятельности* | D42: ='14.12'!D42+COUNTIF(D$11:D$40,$C42) -> 5 | E42: ='14.12'!E42+COUNTIF(E$11:E$40,$C42) -> 5 | F42: ='14.12'!F42+COUNTIF(F$11:F$40,$C42) -> 5 | G42: ='14.12'!G42+COUNTIF(G$11:G$40,$C42) -> 5
B43: 11 | C43: ='01.09'!C43 -> *Пр. Речевое общение в профессиональной деятельности* | D43: ='14.12'!D43+COUNTIF(D$11:D$40,$C43) -> 4 | E43: ='14.12'!E43+COUNTIF(E$11:E$40,$C43) -> 4 | F43: ='14.12'!F43+COUNTIF(F$11:F$40,$C43) -> 4 | G43: ='14.12'!G43+COUNTIF(G$11:G$40,$C43) -> 4
B44: 5 | C44: ='01.09'!C44 -> *Л. Физическая культура и спорт* | D44: ='14.12'!D44+COUNTIF(D$11:D$40,$C44) -> 5 | E44: ='14.12'!E44+COUNTIF(E$11:E$40,$C44) -> 5 | F44: ='14.12'!F44+COUNTIF(F$11:F$40,$C44) -> 5 | G44: ='14.12'!G44+COUNTIF(G$11:G$40,$C44) -> 5
B45: 5 | C45: ='01.09'!C45 -> *Пр. Физическая культура и спорт* | D45: ='14.12'!D45+COUNTIF(D$11:D$40,$C45) -> 5 | E45: ='14.12'!E45+COUNTIF(E$11:E$40,$C45) -> 5 | F45: ='14.12'!F45+COUNTIF(F$11:F$40,$C45) -> 5 | G45: ='14.12'!G45+COUNTIF(G$11:G$40,$C45) -> 5
B46: 4 | C46: ='01.09'!C46 -> *Л. Анатомия* | D46: ='14.12'!D46+COUNTIF(D$11:D$40,$C46) -> 4 | E46: ='14.12'!E46+COUNTIF(E$11:E$40,$C46) -> 4 | F46: ='14.12'!F46+COUNTIF(F$11:F$40,$C46) -> 4 | G46: ='14.12'!G46+COUNTIF(G$11:G$40,$C46) -> 4
B47: 12 | C47: ='01.09'!C47 -> *Пр. Анатомия* | D47: ='14.12'!D47+COUNTIF(D$11:D$40,$C47) -> 4 | E47: ='14.12'!E47+COUNTIF(E$11:E$40,$C47) -> 4 | F47: ='14.12'!F47+COUNTIF(F$11:F$40,$C47) -> 4 | G47: ='14.12'!G47+COUNTIF(G$11:G$40,$C47) -> 4
B48: 5 | C48: ='01.09'!C48 -> *Л. Теория и методика* | D48: ='14.12'!D48+COUNTIF(D$11:D$40,$C48) -> 5 | E48: ='14.12'!E48+COUNTIF(E$11:E$40,$C48) -> 5 | F48: ='14.12'!F48+COUNTIF(F$11:F$40,$C48) -> 5 | G48: ='14.12'!G48+COUNTIF(G$11:G$40,$C48) -> 5
B49: 45 | C49: ='01.09'!C49 -> *Пр. Теория и методика* | D49: ='14.12'!D49+COUNTIF(D$11:D$40,$C49) -> 24 | E49: ='14.12'!E49+COUNTIF(E$11:E$40,$C49) -> 25 | F49: ='14.12'!F49+COUNTIF(F$11:F$40,$C49) -> 25 | G49: ='14.12'!G49+COUNTIF(G$11:G$40,$C49) -> 25
B50: 2 | C50: ='01.09'!C50 -> *Л. Информационные технологии* | D50: ='14.12'!D50+COUNTIF(D$11:D$40,$C50) -> 2 | E50: ='14.12'!E50+COUNTIF(E$11:E$40,$C50) -> 2 | F50: ='14.12'!F50+COUNTIF(F$11:F$40,$C50) -> 2 | G50: ='14.12'!G50+COUNTIF(G$11:G$40,$C50) -> 2
B51: 14 | C51: ='01.09'!C51 -> *Пр. Информационные технологии* | D51: ='14.12'!D51+COUNTIF(D$11:D$40,$C51) -> 8 | E51: ='14.12'!E51+COUNTIF(E$11:E$40,$C51) -> 8 | F51: ='14.12'!F51+COUNTIF(F$11:F$40,$C51) -> 8 | G51: ='14.12'!G51+COUNTIF(G$11:G$40,$C51) -> 8
B52: 3 | C52: ='01.09'!C52 -> *Л. Гимнастика* | D52: ='14.12'!D52+COUNTIF(D$11:D$40,$C52) -> 3 | E52: ='14.12'!E52+COUNTIF(E$11:E$40,$C52) -> 3 | F52: ='14.12'!F52+COUNTIF(F$11:F$40,$C52) -> 3 | G52: ='14.12'!G52+COUNTIF(G$11:G$40,$C52) -> 3
B53: 20 | C53: ='01.09'!C53 -> *Пр. Гимнастика* | D53: ='14.12'!D53+COUNTIF(D$11:D$40,$C53) -> 13 | E53: ='14.12'!E53+COUNTIF(E$11:E$40,$C53) -> 12 | F53: ='14.12'!F53+COUNTIF(F$11:F$40,$C53) -> 12 | G53: ='14.12'!G53+COUNTIF(G$11:G$40,$C53) -> 12
... B62: 2 | C62: ='01.09'!C62 -> *Пр. Иностранный* | D62: ='14.12'!D62+COUNTIF(D$11:D$40,$C62) -> 8 | E62: ='14.12'!E62+COUNTIF(E$11:E$40,$C62) -> 8 | F62: ='14.12'!F62+COUNTIF(F$11:F$40,$C62) -> 8 | G62: ='14.12'!G62+COUNTIF(G$11:G$40,$C62) -> 8
C63: ='01.09'!C63 -> 0 | D63: ='14.12'!D63+COUNTIF(D$11:D$40,$C63) -> 0 | E63: ='14.12'!E63+COUNTIF(E$11:E$40,$C63) -> 0 | F63: ='14.12'!F63+COUNTIF(F$11:F$40,$C63) -> 0 | G63: ='14.12'!G63+COUNTIF(G$11:G$40,$C63) -> 0
C64: ='01.09'!C64 -> 0 | D64: ='14.12'!D64+COUNTIF(D$11:D$40,$C64) -> 0 | E64: ='14.12'!E64+COUNTIF(E$11:E$40,$C64) -> 0 | F64: ='14.12'!F64+COUNTIF(F$11:F$40,$C64) -> 0 | G64: ='14.12'!G64+COUNTIF(G$11:G$40,$C64) -> 0
C65: ='01.09'!C65 -> 0 | D65: ='14.12'!D65+COUNTIF(D$11:D$40,$C65) -> 0 | E65: ='14.12'!E65+COUNTIF(E$11:E$40,$C65) -> 0 | F65: ='14.12'!F65+COUNTIF(F$11:F$40,$C65) -> 0 | G65: ='14.12'!G65+COUNTIF(G$11:G$40,$C65) -> 0
C66: ='01.09'!C66 -> 0 | D66: ='14.12'!D66+COUNTIF(D$11:D$40,$C66) -> 0 | E66: ='14.12'!E66+COUNTIF(E$11:E$40,$C66) -> 0 | F66: ='14.12'!F66+COUNTIF(F$11:F$40,$C66) -> 0 | G66: ='14.12'!G66+COUNTIF(G$11:G$40,$C66) -> 0
C67: ='01.09'!C67 -> 0 | D67: ='14.12'!D67+COUNTIF(D$11:D$40,$C67) -> 0 | E67: ='14.12'!E67+COUNTIF(E$11:E$40,$C67) -> 0 | F67: ='14.12'!F67+COUNTIF(F$11:F$40,$C67) -> 0 | G67: ='14.12'!G67+COUNTIF(G$11:G$40,$C67) -> 0

Sheet 28.12
B1: Расписание учебных занятий на второе полугодие 2025-2026 учебного года
B2: ТРЕНЕРСКИЙ ФАКУЛЬТЕТ, направление подготовки (образовательная программа)
A3: 49.03.04 Спорт*
B4: Факультет адаптивной физической культуры, рекреации и туризма, направление подготовки (образовательная программа)
B5: 49.03.01 Физическая культура*
B6: Курс 1, семестр 2, очная форма обучения
B7: группы С2-07-26, С2-08-26, С2-09-26, Т1-04-26
A9: День недели | B9: Дата | C9: Время | D9: Т1-04-26 | E9: 7 группа | F9: 8 группа | G9: 9 группа
D10: Физкультурно-оздоровительная деятельность и фитнес (ФОДиФ) | E10: Единоборства (армспорт, греко-римская борьба, вольная борьба, дзюдо, самбо, служебно-прикладные единоборства) | F10: киокусинкай, ушу, тхэквондо (ВТФ, ИТФ), тяжелоатлетические виды спорта | G10: Бокс, кикбоксинг, современное пятиборье, фехтование, стрелковые виды спорта, скалолазание
A11: Понедельник | B11: 46384 | C11: 8.50-10.20
C12: 10.40-12.10
C13: 13.00-14.30
C14: 14.50-16.20
C15: 16.40-18.10
A16: Вторник | B16: =B11+1 -> 46385 | C16: 8.50-10.20
C17: 10.40-12.10
C18: 13.00-14.30
C19: 14.50-16.20
C20: 16.40-18.10
A21: Среда | B21: =B16+1 -> 46386 | C21: 8.50-10.20
C22: 10.40-12.10
C23: 13.00-14.30
C24: 14.50-16.20
C25: 16.40-18.10
A26: Четверг | B26: =B21+1 -> 46387 | C26: 8.50-10.20
C27: 10.40-12.10
C28: 13.00-14.30
C29: 14.50-16.20
C30: 16.40-18.10
A31: Пятница | B31: =B26+1 -> 46388 | C31: 8.50-10.20
C32: 10.40-12.10
C33: 13.00-14.30
C34: 14.50-16.20
C35: 16.40-18.10
A36: Суббота | B36: =B31+1 -> 46389 | C36: 8.50-10.20
C37: 10.40-12.10
C38: 13.00-14.30
C39: 14.50-16.20
C40: 16.40-18.10
D41: * Профили (направленность) указанны на титульном листе
B42: 5 | C42: ='01.09'!C42 -> *Л. Речевое общение в профессиональной деятельности* | D42: ='21.12'!D42+COUNTIF(D$11:D$40,$C42) -> 5 | E42: ='21.12'!E42+COUNTIF(E$11:E$40,$C42) -> 5 | F42: ='21.12'!F42+COUNTIF(F$11:F$40,$C42) -> 5 | G42: ='21.12'!G42+COUNTIF(G$11:G$40,$C42) -> 5
B43: 11 | C43: ='01.09'!C43 -> *Пр. Речевое общение в профессиональной деятельности* | D43: ='21.12'!D43+COUNTIF(D$11:D$40,$C43) -> 4 | E43: ='21.12'!E43+COUNTIF(E$11:E$40,$C43) -> 4 | F43: ='21.12'!F43+COUNTIF(F$11:F$40,$C43) -> 4 | G43: ='21.12'!G43+COUNTIF(G$11:G$40,$C43) -> 4
B44: 5 | C44: ='01.09'!C44 -> *Л. Физическая культура и спорт* | D44: ='21.12'!D44+COUNTIF(D$11:D$40,$C44) -> 5 | E44: ='21.12'!E44+COUNTIF(E$11:E$40,$C44) -> 5 | F44: ='21.12'!F44+COUNTIF(F$11:F$40,$C44) -> 5 | G44: ='21.12'!G44+COUNTIF(G$11:G$40,$C44) -> 5
B45: 5 | C45: ='01.09'!C45 -> *Пр. Физическая культура и спорт* | D45: ='21.12'!D45+COUNTIF(D$11:D$40,$C45) -> 5 | E45: ='21.12'!E45+COUNTIF(E$11:E$40,$C45) -> 5 | F45: ='21.12'!F45+COUNTIF(F$11:F$40,$C45) -> 5 | G45: ='21.12'!G45+COUNTIF(G$11:G$40,$C45) -> 5
B46: 4 | C46: ='01.09'!C46 -> *Л. Анатомия* | D46: ='21.12'!D46+COUNTIF(D$11:D$40,$C46) -> 4 | E46: ='21.12'!E46+COUNTIF(E$11:E$40,$C46) -> 4 | F46: ='21.12'!F46+COUNTIF(F$11:F$40,$C46) -> 4 | G46: ='21.12'!G46+COUNTIF(G$11:G$40,$C46) -> 4
B47: 12 | C47: ='01.09'!C47 -> *Пр. Анатомия* | D47: ='21.12'!D47+COUNTIF(D$11:D$40,$C47) -> 4 | E47: ='21.12'!E47+COUNTIF(E$11:E$40,$C47) -> 4 | F47: ='21.12'!F47+COUNTIF(F$11:F$40,$C47) -> 4 | G47: ='21.12'!G47+COUNTIF(G$11:G$40,$C47) -> 4
B48: 5 | C48: ='01.09'!C48 -> *Л. Теория и методика* | D48: ='21.12'!D48+COUNTIF(D$11:D$40,$C48) -> 5 | E48: ='21.12'!E48+COUNTIF(E$11:E$40,$C48) -> 5 | F48: ='21.12'!F48+COUNTIF(F$11:F$40,$C48) -> 5 | G48: ='21.12'!G48+COUNTIF(G$11:G$40,$C48) -> 5
B49: 45 | C49: ='01.09'!C49 -> *Пр. Теория и методика* | D49: ='21.12'!D49+COUNTIF(D$11:D$40,$C49) -> 24 | E49: ='21.12'!E49+COUNTIF(E$11:E$40,$C49) -> 25 | F49: ='21.12'!F49+COUNTIF(F$11:F$40,$C49) -> 25 | G49: ='21.12'!G49+COUNTIF(G$11:G$40,$C49) -> 25
B50: 2 | C50: ='01.09'!C50 -> *Л. Информационные технологии* | D50: ='21.12'!D50+COUNTIF(D$11:D$40,$C50) -> 2 | E50: ='21.12'!E50+COUNTIF(E$11:E$40,$C50) -> 2 | F50: ='21.12'!F50+COUNTIF(F$11:F$40,$C50) -> 2 | G50: ='21.12'!G50+COUNTIF(G$11:G$40,$C50) -> 2
B51: 14 | C51: ='01.09'!C51 -> *Пр. Информационные технологии* | D51: ='21.12'!D51+COUNTIF(D$11:D$40,$C51) -> 8 | E51: ='21.12'!E51+COUNTIF(E$11:E$40,$C51) -> 8 | F51: ='21.12'!F51+COUNTIF(F$11:F$40,$C51) -> 8 | G51: ='21.12'!G51+COUNTIF(G$11:G$40,$C51) -> 8
B52: 3 | C52: ='01.09'!C52 -> *Л. Гимнастика* | D52: ='21.12'!D52+COUNTIF(D$11:D$40,$C52) -> 3 | E52: ='21.12'!E52+COUNTIF(E$11:E$40,$C52) -> 3 | F52: ='21.12'!F52+COUNTIF(F$11:F$40,$C52) -> 3 | G52: ='21.12'!G52+COUNTIF(G$11:G$40,$C52) -> 3
B53: 20 | C53: ='01.09'!C53 -> *Пр. Гимнастика* | D53: ='21.12'!D53+COUNTIF(D$11:D$40,$C53) -> 13 | E53: ='21.12'!E53+COUNTIF(E$11:E$40,$C53) -> 12 | F53: ='21.12'!F53+COUNTIF(F$11:F$40,$C53) -> 12 | G53: ='21.12'!G53+COUNTIF(G$11:G$40,$C53) -> 12
... B62: 16 | C62: ='01.09'!C62 -> *Пр. Иностранный* | D62: ='21.12'!D62+COUNTIF(D$11:D$40,$C62) -> 8 | E62: ='21.12'!E62+COUNTIF(E$11:E$40,$C62) -> 8 | F62: ='21.12'!F62+COUNTIF(F$11:F$40,$C62) -> 8 | G62: ='21.12'!G62+COUNTIF(G$11:G$40,$C62) -> 8
C63: ='01.09'!C63 -> 0 | D63: ='21.12'!D63+COUNTIF(D$11:D$40,$C63) -> 0 | E63: ='21.12'!E63+COUNTIF(E$11:E$40,$C63) -> 0 | F63: ='21.12'!F63+COUNTIF(F$11:F$40,$C63) -> 0 | G63: ='21.12'!G63+COUNTIF(G$11:G$40,$C63) -> 0
C64: ='01.09'!C64 -> 0 | D64: ='21.12'!D64+COUNTIF(D$11:D$40,$C64) -> 0 | E64: ='21.12'!E64+COUNTIF(E$11:E$40,$C64) -> 0 | F64: ='21.12'!F64+COUNTIF(F$11:F$40,$C64) -> 0 | G64: ='21.12'!G64+COUNTIF(G$11:G$40,$C64) -> 0
C65: ='01.09'!C65 -> 0 | D65: ='21.12'!D65+COUNTIF(D$11:D$40,$C65) -> 0 | E65: ='21.12'!E65+COUNTIF(E$11:E$40,$C65) -> 0 | F65: ='21.12'!F65+COUNTIF(F$11:F$40,$C65) -> 0 | G65: ='21.12'!G65+COUNTIF(G$11:G$40,$C65) -> 0
C66: ='01.09'!C66 -> 0 | D66: ='21.12'!D66+COUNTIF(D$11:D$40,$C66) -> 0 | E66: ='21.12'!E66+COUNTIF(E$11:E$40,$C66) -> 0 | F66: ='21.12'!F66+COUNTIF(F$11:F$40,$C66) -> 0 | G66: ='21.12'!G66+COUNTIF(G$11:G$40,$C66) -> 0
C67: ='01.09'!C67 -> 0 | D67: ='21.12'!D67+COUNTIF(D$11:D$40,$C67) -> 0 | E67: ='21.12'!E67+COUNTIF(E$11:E$40,$C67) -> 0 | F67: ='21.12'!F67+COUNTIF(F$11:F$40,$C67) -> 0 | G67: ='21.12'!G67+COUNTIF(G$11:G$40,$C67) -> 0

Sheet 08.06
B1: Расписание учебных занятий на второе полугодие 2025-2026 учебного года
B2: ТРЕНЕРСКИЙ ФАКУЛЬТЕТ, направление подготовки (образовательная программа)
A3: 49.03.04 Спорт*
B4: Факультет адаптивной физической культуры, рекреации и туризма, направление подготовки (образовательная программа)
B5: 49.03.01 Физическая культура*
B6: Курс 1, семестр 2, очная форма обучения
B7: группы С2-06-25, С2-07-25, С2-08А-25, С2-08Б-25, С2-09-25, Т1-04-25
A9: День недели | B9: Дата | C9: Время | D9: 6 группа, Т1-04-25 | E9: 7 группа | F9: 8 группа | G9: 9 группа
D10: Физкультурно-оздоровительная деятельность и фитнес (ФОДиФ), скалолазание | E10: Единоборства (армспорт, греко-римская борьба, вольная борьба, дзюдо, самбо, служебно-прикладные единоборства) | F10: каратэдо, киокусинкай, ушу, тхэквондо (ВТФ, ИТФ), тяжелоатлетические виды спорта | G10: Бокс, кикбоксинг, современное пятиборье, фехтование, стрелковые виды спорта
A11: Понедельник | B11: 46181 | C11: 8.50-10.20
C12: 10.40-12.10
C13: 13.00-14.30
C14: 14.50-16.20
C15: 16.40-18.10
A16: Вторник | B16: =B11+1 -> 46182 | C16: 8.50-10.20
C17: 10.40-12.10
C18: 13.00-14.30
C19: 14.50-16.20
C20: 16.40-18.10
A21: Среда | B21: =B16+1 -> 46183 | C21: 8.50-10.20
C22: 10.40-12.10
C23: 13.00-14.30
C24: 14.50-16.20
C25: 16.40-18.10
A26: Четверг | B26: =B21+1 -> 46184 | C26: 8.50-10.20
C27: 10.40-12.10
C28: 13.00-14.30
C29: 14.50-16.20
C30: 16.40-18.10
A31: Пятница | B31: =B26+1 -> 46185 | C31: 8.50-10.20
C32: 10.40-12.10
C33: 13.00-14.30
C34: 14.50-16.20
C35: 16.40-18.10
A36: Суббота | B36: =B31+1 -> 46186 | C36: 8.50-10.20
C37: 10.40-12.10
C38: 13.00-14.30
C39: 14.50-16.20
C40: 16.40-18.10
D41: * Профили (направленность) указанны на титульном листе
C42: ='01.09'!C42 -> *Л. Речевое общение в профессиональной деятельности* | D42: ='28.12'!D42+COUNTIF(D$11:D$40,$C42) -> 5 | E42: ='28.12'!E42+COUNTIF(E$11:E$40,$C42) -> 5 | F42: ='28.12'!F42+COUNTIF(F$11:F$40,$C42) -> 5 | G42: ='28.12'!G42+COUNTIF(G$11:G$40,$C42) -> 5
C43: ='01.09'!C43 -> *Пр. Речевое общение в профессиональной деятельности* | D43: ='28.12'!D43+COUNTIF(D$11:D$40,$C43) -> 4 | E43: ='28.12'!E43+COUNTIF(E$11:E$40,$C43) -> 4 | F43: ='28.12'!F43+COUNTIF(F$11:F$40,$C43) -> 4 | G43: ='28.12'!G43+COUNTIF(G$11:G$40,$C43) -> 4
C44: ='01.09'!C44 -> *Л. Физическая культура и спорт* | D44: ='28.12'!D44+COUNTIF(D$11:D$40,$C44) -> 5 | E44: ='28.12'!E44+COUNTIF(E$11:E$40,$C44) -> 5 | F44: ='28.12'!F44+COUNTIF(F$11:F$40,$C44) -> 5 | G44: ='28.12'!G44+COUNTIF(G$11:G$40,$C44) -> 5
C45: ='01.09'!C45 -> *Пр. Физическая культура и спорт* | D45: ='28.12'!D45+COUNTIF(D$11:D$40,$C45) -> 5 | E45: ='28.12'!E45+COUNTIF(E$11:E$40,$C45) -> 5 | F45: ='28.12'!F45+COUNTIF(F$11:F$40,$C45) -> 5 | G45: ='28.12'!G45+COUNTIF(G$11:G$40,$C45) -> 5
C46: ='01.09'!C46 -> *Л. Анатомия* | D46: ='28.12'!D46+COUNTIF(D$11:D$40,$C46) -> 4 | E46: ='28.12'!E46+COUNTIF(E$11:E$40,$C46) -> 4 | F46: ='28.12'!F46+COUNTIF(F$11:F$40,$C46) -> 4 | G46: ='28.12'!G46+COUNTIF(G$11:G$40,$C46) -> 4
C47: ='01.09'!C47 -> *Пр. Анатомия* | D47: ='28.12'!D47+COUNTIF(D$11:D$40,$C47) -> 4 | E47: ='28.12'!E47+COUNTIF(E$11:E$40,$C47) -> 4 | F47: ='28.12'!F47+COUNTIF(F$11:F$40,$C47) -> 4 | G47: ='28.12'!G47+COUNTIF(G$11:G$40,$C47) -> 4
C48: ='01.09'!C48 -> *Л. Теория и методика* | D48: ='28.12'!D48+COUNTIF(D$11:D$40,$C48) -> 5 | E48: ='28.12'!E48+COUNTIF(E$11:E$40,$C48) -> 5 | F48: ='28.12'!F48+COUNTIF(F$11:F$40,$C48) -> 5 | G48: ='28.12'!G48+COUNTIF(G$11:G$40,$C48) -> 5
C49: ='01.09'!C49 -> *Пр. Теория и методика* | D49: ='28.12'!D49+COUNTIF(D$11:D$40,$C49) -> 24 | E49: ='28.12'!E49+COUNTIF(E$11:E$40,$C49) -> 25 | F49: ='28.12'!F49+COUNTIF(F$11:F$40,$C49) -> 25 | G49: ='28.12'!G49+COUNTIF(G$11:G$40,$C49) -> 25
C50: ='01.09'!C50 -> *Л. Информационные технологии* | D50: ='28.12'!D50+COUNTIF(D$11:D$40,$C50) -> 2 | E50: ='28.12'!E50+COUNTIF(E$11:E$40,$C50) -> 2 | F50: ='28.12'!F50+COUNTIF(F$11:F$40,$C50) -> 2 | G50: ='28.12'!G50+COUNTIF(G$11:G$40,$C50) -> 2
C51: ='01.09'!C51 -> *Пр. Информационные технологии* | D51: ='28.12'!D51+COUNTIF(D$11:D$40,$C51) -> 8 | E51: ='28.12'!E51+COUNTIF(E$11:E$40,$C51) -> 8 | F51: ='28.12'!F51+COUNTIF(F$11:F$40,$C51) -> 8 | G51: ='28.12'!G51+COUNTIF(G$11:G$40,$C51) -> 8
C52: ='01.09'!C53 -> *Пр. Гимнастика* | D52: ='28.12'!D52+COUNTIF(D$11:D$40,$C52) -> 3 | E52: ='28.12'!E52+COUNTIF(E$11:E$40,$C52) -> 3 | F52: ='28.12'!F52+COUNTIF(F$11:F$40,$C52) -> 3 | G52: ='28.12'!G52+COUNTIF(G$11:G$40,$C52) -> 3
C53: ='01.09'!C54 -> *Л. Элективные дисциплины по ФКиС: Подвижные игры* | D53: ='28.12'!D53+COUNTIF(D$11:D$40,$C53) -> 13 | E53: ='28.12'!E53+COUNTIF(E$11:E$40,$C53) -> 12 | F53: ='28.12'!F53+COUNTIF(F$11:F$40,$C53) -> 12 | G53: ='28.12'!G53+COUNTIF(G$11:G$40,$C53) -> 12
C54: ='01.09'!C55 -> *Пр. Элективные дисциплины по ФКиС: Подвижные игры* | D54: ='28.12'!D54+COUNTIF(D$11:D$40,$C54) -> 1 | E54: ='28.12'!E54+COUNTIF(E$11:E$40,$C54) -> 1 | F54: ='28.12'!F54+COUNTIF(F$11:F$40,$C54) -> 1 | G54: ='28.12'!G54+COUNTIF(G$11:G$40,$C54) -> 1
C55: ='01.09'!C56 -> *Л. Волейбол* | D55: ='28.12'!D55+COUNTIF(D$11:D$40,$C55) -> 8 | E55: ='28.12'!E55+COUNTIF(E$11:E$40,$C55) -> 8 | F55: ='28.12'!F55+COUNTIF(F$11:F$40,$C55) -> 9 | G55: ='28.12'!G55+COUNTIF(G$11:G$40,$C55) -> 9
C56: ='01.09'!C57 -> *Пр. Волейбол* | D56: ='28.12'!D56+COUNTIF(D$11:D$40,$C56) -> 1 | E56: ='28.12'!E56+COUNTIF(E$11:E$40,$C56) -> 1 | F56: ='28.12'!F56+COUNTIF(F$11:F$40,$C56) -> 1 | G56: ='28.12'!G56+COUNTIF(G$11:G$40,$C56) -> 1
C57: ='01.09'!C58 -> *Л. Лыжные гонки* | D57: ='28.12'!D57+COUNTIF(D$11:D$40,$C57) -> 16 | E57: ='28.12'!E57+COUNTIF(E$11:E$40,$C57) -> 16 | F57: ='28.12'!F57+COUNTIF(F$11:F$40,$C57) -> 16 | G57: ='28.12'!G57+COUNTIF(G$11:G$40,$C57) -> 16
C58: ='01.09'!C59 -> *Пр. Лыжные гонки* | D58: ='28.12'!D58+COUNTIF(D$11:D$40,$C58) -> 0 | E58: ='28.12'!E58+COUNTIF(E$11:E$40,$C58) -> 0 | F58: ='28.12'!F58+COUNTIF(F$11:F$40,$C58) -> 0 | G58: ='28.12'!G58+COUNTIF(G$11:G$40,$C58) -> 0
C59: ='01.09'!C60 -> *Л. Использование электронной* | D59: ='28.12'!D59+COUNTIF(D$11:D$40,$C59) -> 0 | E59: ='28.12'!E59+COUNTIF(E$11:E$40,$C59) -> 0 | F59: ='28.12'!F59+COUNTIF(F$11:F$40,$C59) -> 0 | G59: ='28.12'!G59+COUNTIF(G$11:G$40,$C59) -> 0
C60: ='01.09'!C61 -> *Пр. Использование электронной* | D60: ='28.12'!D60+COUNTIF(D$11:D$40,$C60) -> 1 | E60: ='28.12'!E60+COUNTIF(E$11:E$40,$C60) -> 0 | F60: ='28.12'!F60+COUNTIF(F$11:F$40,$C60) -> 0 | G60: ='28.12'!G60+COUNTIF(G$11:G$40,$C60) -> 0
C61: ='01.09'!C62 -> *Пр. Иностранный* | D61: ='28.12'!D61+COUNTIF(D$11:D$40,$C61) -> 2 | E61: ='28.12'!E61+COUNTIF(E$11:E$40,$C61) -> 2 | F61: ='28.12'!F61+COUNTIF(F$11:F$40,$C61) -> 2 | G61: ='28.12'!G61+COUNTIF(G$11:G$40,$C61) -> 2
C62: ='01.09'!#REF! -> #REF! | D62: ='28.12'!D62+COUNTIF(D$11:D$40,$C62) -> 8 | E62: ='28.12'!E62+COUNTIF(E$11:E$40,$C62) -> 8 | F62: ='28.12'!F62+COUNTIF(F$11:F$40,$C62) -> 8 | G62: ='28.12'!G62+COUNTIF(G$11:G$40,$C62) -> 8
C63: ='01.09'!C63 -> 0 | D63: ='28.12'!D63+COUNTIF(D$11:D$40,$C63) -> 0 | E63: ='28.12'!E63+COUNTIF(E$11:E$40,$C63) -> 0 | F63: ='28.12'!F63+COUNTIF(F$11:F$40,$C63) -> 0 | G63: ='28.12'!G63+COUNTIF(G$11:G$40,$C63) -> 0
C64: ='01.09'!C64 -> 0 | D64: ='28.12'!D64+COUNTIF(D$11:D$40,$C64) -> 0 | E64: ='28.12'!E64+COUNTIF(E$11:E$40,$C64) -> 0 | F64: ='28.12'!F64+COUNTIF(F$11:F$40,$C64) -> 0 | G64: ='28.12'!G64+COUNTIF(G$11:G$40,$C64) -> 0
C65: ='01.09'!C65 -> 0 | D65: ='28.12'!D65+COUNTIF(D$11:D$40,$C65) -> 0 | E65: ='28.12'!E65+COUNTIF(E$11:E$40,$C65) -> 0 | F65: ='28.12'!F65+COUNTIF(F$11:F$40,$C65) -> 0 | G65: ='28.12'!G65+COUNTIF(G$11:G$40,$C65) -> 0
C66: ='01.09'!C66 -> 0 | D66: ='28.12'!D66+COUNTIF(D$11:D$40,$C66) -> 0 | E66: ='28.12'!E66+COUNTIF(E$11:E$40,$C66) -> 0 | F66: ='28.12'!F66+COUNTIF(F$11:F$40,$C66) -> 0 | G66: ='28.12'!G66+COUNTIF(G$11:G$40,$C66) -> 0
C67: ='01.09'!C67 -> 0 | D67: ='28.12'!D67+COUNTIF(D$11:D$40,$C67) -> 0 | E67: ='28.12'!E67+COUNTIF(E$11:E$40,$C67) -> 0 | F67: ='28.12'!F67+COUNTIF(F$11:F$40,$C67) -> 0 | G67: ='28.12'!G67+COUNTIF(G$11:G$40,$C67) -> 0

Sheet 15.06
B1: Расписание учебных занятий на второе полугодие 2025-2026 учебного года
B2: ТРЕНЕРСКИЙ ФАКУЛЬТЕТ, направление подготовки (образовательная программа)
A3: 49.03.04 Спорт*
B4: Факультет адаптивной физической культуры, рекреации и туризма, направление подготовки (образовательная программа)
B5: 49.03.01 Физическая культура*
B6: Курс 1, семестр 2, очная форма обучения
B7: группы С2-06-25, С2-07-25, С2-08А-25, С2-08Б-25, С2-09-25, Т1-04-25
A9: День недели | B9: Дата | C9: Время | D9: 6 группа, Т1-04-25 | E9: 7 группа | F9: 8 группа | G9: 9 группа
D10: Физкультурно-оздоровительная деятельность и фитнес (ФОДиФ), скалолазание | E10: Единоборства (армспорт, греко-римская борьба, вольная борьба, дзюдо, самбо, служебно-прикладные единоборства) | F10: каратэдо, киокусинкай, ушу, тхэквондо (ВТФ, ИТФ), тяжелоатлетические виды спорта | G10: Бокс, кикбоксинг, современное пятиборье, фехтование, стрелковые виды спорта
A11: Понедельник | B11: 46188 | C11: 8.50-10.20
C12: 10.40-12.10
C13: 13.00-14.30
C14: 14.50-16.20
C15: 16.40-18.10
A16: Вторник | B16: =B11+1 -> 46189 | C16: 8.50-10.20
C17: 10.40-12.10
C18: 13.00-14.30
C19: 14.50-16.20
C20: 16.40-18.10
A21: Среда | B21: =B16+1 -> 46190 | C21: 8.50-10.20
C22: 10.40-12.10
C23: 13.00-14.30
C24: 14.50-16.20
C25: 16.40-18.10
A26: Четверг | B26: =B21+1 -> 46191 | C26: 8.50-10.20
C27: 10.40-12.10
C28: 13.00-14.30
C29: 14.50-16.20
C30: 16.40-18.10
A31: Пятница | B31: =B26+1 -> 46192 | C31: 8.50-10.20
C32: 10.40-12.10
C33: 13.00-14.30
C34: 14.50-16.20
C35: 16.40-18.10
A36: Суббота | B36: =B31+1 -> 46193 | C36: 8.50-10.20
C37: 10.40-12.10
C38: 13.00-14.30
C39: 14.50-16.20
C40: 16.40-18.10
D41: * Профили (направленность) указанны на титульном листе
C42: ='01.09'!C42 -> *Л. Речевое общение в профессиональной деятельности* | D42: ='08.06'!D42+COUNTIF(D$11:D$40,$C42) -> 5 | E42: ='08.06'!E42+COUNTIF(E$11:E$40,$C42) -> 5 | F42: ='08.06'!F42+COUNTIF(F$11:F$40,$C42) -> 5 | G42: ='08.06'!G42+COUNTIF(G$11:G$40,$C42) -> 5
C43: ='01.09'!C43 -> *Пр. Речевое общение в профессиональной деятельности* | D43: ='08.06'!D43+COUNTIF(D$11:D$40,$C43) -> 4 | E43: ='08.06'!E43+COUNTIF(E$11:E$40,$C43) -> 4 | F43: ='08.06'!F43+COUNTIF(F$11:F$40,$C43) -> 4 | G43: ='08.06'!G43+COUNTIF(G$11:G$40,$C43) -> 4
C44: ='01.09'!C44 -> *Л. Физическая культура и спорт* | D44: ='08.06'!D44+COUNTIF(D$11:D$40,$C44) -> 5 | E44: ='08.06'!E44+COUNTIF(E$11:E$40,$C44) -> 5 | F44: ='08.06'!F44+COUNTIF(F$11:F$40,$C44) -> 5 | G44: ='08.06'!G44+COUNTIF(G$11:G$40,$C44) -> 5
C45: ='01.09'!C45 -> *Пр. Физическая культура и спорт* | D45: ='08.06'!D45+COUNTIF(D$11:D$40,$C45) -> 5 | E45: ='08.06'!E45+COUNTIF(E$11:E$40,$C45) -> 5 | F45: ='08.06'!F45+COUNTIF(F$11:F$40,$C45) -> 5 | G45: ='08.06'!G45+COUNTIF(G$11:G$40,$C45) -> 5
C46: ='01.09'!C46 -> *Л. Анатомия* | D46: ='08.06'!D46+COUNTIF(D$11:D$40,$C46) -> 4 | E46: ='08.06'!E46+COUNTIF(E$11:E$40,$C46) -> 4 | F46: ='08.06'!F46+COUNTIF(F$11:F$40,$C46) -> 4 | G46: ='08.06'!G46+COUNTIF(G$11:G$40,$C46) -> 4
C47: ='01.09'!C47 -> *Пр. Анатомия* | D47: ='08.06'!D47+COUNTIF(D$11:D$40,$C47) -> 4 | E47: ='08.06'!E47+COUNTIF(E$11:E$40,$C47) -> 4 | F47: ='08.06'!F47+COUNTIF(F$11:F$40,$C47) -> 4 | G47: ='08.06'!G47+COUNTIF(G$11:G$40,$C47) -> 4
C48: ='01.09'!C48 -> *Л. Теория и методика* | D48: ='08.06'!D48+COUNTIF(D$11:D$40,$C48) -> 5 | E48: ='08.06'!E48+COUNTIF(E$11:E$40,$C48) -> 5 | F48: ='08.06'!F48+COUNTIF(F$11:F$40,$C48) -> 5 | G48: ='08.06'!G48+COUNTIF(G$11:G$40,$C48) -> 5
C49: ='01.09'!C49 -> *Пр. Теория и методика* | D49: ='08.06'!D49+COUNTIF(D$11:D$40,$C49) -> 24 | E49: ='08.06'!E49+COUNTIF(E$11:E$40,$C49) -> 25 | F49: ='08.06'!F49+COUNTIF(F$11:F$40,$C49) -> 25 | G49: ='08.06'!G49+COUNTIF(G$11:G$40,$C49) -> 25
C50: ='01.09'!C50 -> *Л. Информационные технологии* | D50: ='08.06'!D50+COUNTIF(D$11:D$40,$C50) -> 2 | E50: ='08.06'!E50+COUNTIF(E$11:E$40,$C50) -> 2 | F50: ='08.06'!F50+COUNTIF(F$11:F$40,$C50) -> 2 | G50: ='08.06'!G50+COUNTIF(G$11:G$40,$C50) -> 2
C51: ='01.09'!C51 -> *Пр. Информационные технологии* | D51: ='08.06'!D51+COUNTIF(D$11:D$40,$C51) -> 8 | E51: ='08.06'!E51+COUNTIF(E$11:E$40,$C51) -> 8 | F51: ='08.06'!F51+COUNTIF(F$11:F$40,$C51) -> 8 | G51: ='08.06'!G51+COUNTIF(G$11:G$40,$C51) -> 8
C52: ='01.09'!C53 -> *Пр. Гимнастика* | D52: ='08.06'!D52+COUNTIF(D$11:D$40,$C52) -> 3 | E52: ='08.06'!E52+COUNTIF(E$11:E$40,$C52) -> 3 | F52: ='08.06'!F52+COUNTIF(F$11:F$40,$C52) -> 3 | G52: ='08.06'!G52+COUNTIF(G$11:G$40,$C52) -> 3
C53: ='01.09'!C54 -> *Л. Элективные дисциплины по ФКиС: Подвижные игры* | D53: ='08.06'!D53+COUNTIF(D$11:D$40,$C53) -> 13 | E53: ='08.06'!E53+COUNTIF(E$11:E$40,$C53) -> 12 | F53: ='08.06'!F53+COUNTIF(F$11:F$40,$C53) -> 12 | G53: ='08.06'!G53+COUNTIF(G$11:G$40,$C53) -> 12
C54: ='01.09'!C55 -> *Пр. Элективные дисциплины по ФКиС: Подвижные игры* | D54: ='08.06'!D54+COUNTIF(D$11:D$40,$C54) -> 1 | E54: ='08.06'!E54+COUNTIF(E$11:E$40,$C54) -> 1 | F54: ='08.06'!F54+COUNTIF(F$11:F$40,$C54) -> 1 | G54: ='08.06'!G54+COUNTIF(G$11:G$40,$C54) -> 1
C55: ='01.09'!C56 -> *Л. Волейбол* | D55: ='08.06'!D55+COUNTIF(D$11:D$40,$C55) -> 8 | E55: ='08.06'!E55+COUNTIF(E$11:E$40,$C55) -> 8 | F55: ='08.06'!F55+COUNTIF(F$11:F$40,$C55) -> 9 | G55: ='08.06'!G55+COUNTIF(G$11:G$40,$C55) -> 9
C56: ='01.09'!C57 -> *Пр. Волейбол* | D56: ='08.06'!D56+COUNTIF(D$11:D$40,$C56) -> 1 | E56: ='08.06'!E56+COUNTIF(E$11:E$40,$C56) -> 1 | F56: ='08.06'!F56+COUNTIF(F$11:F$40,$C56) -> 1 | G56: ='08.06'!G56+COUNTIF(G$11:G$40,$C56) -> 1
C57: ='01.09'!C58 -> *Л. Лыжные гонки* | D57: ='08.06'!D57+COUNTIF(D$11:D$40,$C57) -> 16 | E57: ='08.06'!E57+COUNTIF(E$11:E$40,$C57) -> 16 | F57: ='08.06'!F57+COUNTIF(F$11:F$40,$C57) -> 16 | G57: ='08.06'!G57+COUNTIF(G$11:G$40,$C57) -> 16
C58: ='01.09'!C59 -> *Пр. Лыжные гонки* | D58: ='08.06'!D58+COUNTIF(D$11:D$40,$C58) -> 0 | E58: ='08.06'!E58+COUNTIF(E$11:E$40,$C58) -> 0 | F58: ='08.06'!F58+COUNTIF(F$11:F$40,$C58) -> 0 | G58: ='08.06'!G58+COUNTIF(G$11:G$40,$C58) -> 0
C59: ='01.09'!C60 -> *Л. Использование электронной* | D59: ='08.06'!D59+COUNTIF(D$11:D$40,$C59) -> 0 | E59: ='08.06'!E59+COUNTIF(E$11:E$40,$C59) -> 0 | F59: ='08.06'!F59+COUNTIF(F$11:F$40,$C59) -> 0 | G59: ='08.06'!G59+COUNTIF(G$11:G$40,$C59) -> 0
C60: ='01.09'!C61 -> *Пр. Использование электронной* | D60: ='08.06'!D60+COUNTIF(D$11:D$40,$C60) -> 1 | E60: ='08.06'!E60+COUNTIF(E$11:E$40,$C60) -> 0 | F60: ='08.06'!F60+COUNTIF(F$11:F$40,$C60) -> 0 | G60: ='08.06'!G60+COUNTIF(G$11:G$40,$C60) -> 0
C61: ='01.09'!C62 -> *Пр. Иностранный* | D61: ='08.06'!D61+COUNTIF(D$11:D$40,$C61) -> 2 | E61: ='08.06'!E61+COUNTIF(E$11:E$40,$C61) -> 2 | F61: ='08.06'!F61+COUNTIF(F$11:F$40,$C61) -> 2 | G61: ='08.06'!G61+COUNTIF(G$11:G$40,$C61) -> 2
C62: ='01.09'!#REF! -> #REF! | D62: ='08.06'!D62+COUNTIF(D$11:D$40,$C62) -> 8 | E62: ='08.06'!E62+COUNTIF(E$11:E$40,$C62) -> 8 | F62: ='08.06'!F62+COUNTIF(F$11:F$40,$C62) -> 8 | G62: ='08.06'!G62+COUNTIF(G$11:G$40,$C62) -> 8
C63: ='01.09'!C63 -> 0 | D63: ='08.06'!D63+COUNTIF(D$11:D$40,$C63) -> 0 | E63: ='08.06'!E63+COUNTIF(E$11:E$40,$C63) -> 0 | F63: ='08.06'!F63+COUNTIF(F$11:F$40,$C63) -> 0 | G63: ='08.06'!G63+COUNTIF(G$11:G$40,$C63) -> 0
C64: ='01.09'!C64 -> 0 | D64: ='08.06'!D64+COUNTIF(D$11:D$40,$C64) -> 0 | E64: ='08.06'!E64+COUNTIF(E$11:E$40,$C64) -> 0 | F64: ='08.06'!F64+COUNTIF(F$11:F$40,$C64) -> 0 | G64: ='08.06'!G64+COUNTIF(G$11:G$40,$C64) -> 0
C65: ='01.09'!C65 -> 0 | D65: ='08.06'!D65+COUNTIF(D$11:D$40,$C65) -> 0 | E65: ='08.06'!E65+COUNTIF(E$11:E$40,$C65) -> 0 | F65: ='08.06'!F65+COUNTIF(F$11:F$40,$C65) -> 0 | G65: ='08.06'!G65+COUNTIF(G$11:G$40,$C65) -> 0
C66: ='01.09'!C66 -> 0 | D66: ='08.06'!D66+COUNTIF(D$11:D$40,$C66) -> 0 | E66: ='08.06'!E66+COUNTIF(E$11:E$40,$C66) -> 0 | F66: ='08.06'!F66+COUNTIF(F$11:F$40,$C66) -> 0 | G66: ='08.06'!G66+COUNTIF(G$11:G$40,$C66) -> 0
C67: ='01.09'!C67 -> 0 | D67: ='08.06'!D67+COUNTIF(D$11:D$40,$C67) -> 0 | E67: ='08.06'!E67+COUNTIF(E$11:E$40,$C67) -> 0 | F67: ='08.06'!F67+COUNTIF(F$11:F$40,$C67) -> 0 | G67: ='08.06'!G67+COUNTIF(G$11:G$40,$C67) -> 0

Sheet 09.01
B1: Расписание учебных занятий на первое полугодие 2022-2023 учебного года
B2: ТРЕНЕРСКИЙ ФАКУЛЬТЕТ, направление подготовки (образовательная программа)
A3: 49.03.04 Спорт*
B4: Курс 1, семестр 1, очная форма обучения
B5: группы С2-07-22, С2-08-22, С2-09-22, С2-06-22
A7: День недели | B7: Дата | C7: Время | D7: 7 группа | E7: 8 группа | F7: 9 группа | G7: 6 группа
D8: Единоборства (армспорт, греко-римская борьба, вольная борьба, дзюдо, самбо, служебно-прикладные единоборства) | E8: каратэдо, тхэквондо, киокусинкай, ушу | F8: бокс, кикбоксинг, тяжелая атлетика | G8: современное пятиборье, фехтование, стрелковые виды спорта
A9: Понедельник | B9: 44935 | C9: 8.50-10.20
C10: 10.40-12.10
C11: 13.00-14.30
C12: 14.50-16.20
C13: 16.40-18.10
A14: Вторник | B14: =B9+1 -> 44936 | C14: 8.50-10.20
C15: 10.40-12.10
C16: 13.00-14.30
C17: 14.50-16.20
C18: 16.40-18.10
A19: Среда | B19: =B14+1 -> 44937 | C19: 8.50-10.20
C20: 10.40-12.10
C21: 13.00-14.30
C22: 14.50-16.20
C23: 16.40-18.10
A24: Четверг | B24: =B19+1 -> 44938 | C24: 8.50-10.20
C25: 10.40-12.10
C26: 13.00-14.30
C27: 14.50-16.20
C28: 16.40-18.10
A29: Пятница | B29: =B24+1 -> 44939 | C29: 8.50-10.20
C30: 10.40-12.10
C31: 13.00-14.30
C32: 14.50-16.20
C33: 16.40-18.10
A34: Суббота | B34: =B29+1 -> 44940 | C34: 8.50-10.20
C35: 10.40-12.10
C36: 13.00-14.30
C37: 14.50-16.20
C38: 16.40-18.10
D39: * Профили (направленность) указанны на титульном листе
B40: 5 | C40: ='01.09'!C42 -> *Л. Речевое общение в профессиональной деятельности* | D40: ='14.12'!D42+COUNTIF(D$9:D$38,$C40) -> 5 | E40: ='14.12'!E42+COUNTIF(E$9:E$38,$C40) -> 5 | F40: ='14.12'!F42+COUNTIF(F$9:F$38,$C40) -> 5 | G40: ='14.12'!G42+COUNTIF(G$9:G$38,$C40) -> 5
B41: 11 | C41: ='01.09'!C43 -> *Пр. Речевое общение в профессиональной деятельности* | D41: ='14.12'!D43+COUNTIF(D$9:D$38,$C41) -> 4 | E41: ='14.12'!E43+COUNTIF(E$9:E$38,$C41) -> 4 | F41: ='14.12'!F43+COUNTIF(F$9:F$38,$C41) -> 4 | G41: ='14.12'!G43+COUNTIF(G$9:G$38,$C41) -> 4
B42: 5 | C42: ='01.09'!C44 -> *Л. Физическая культура и спорт* | D42: ='14.12'!D44+COUNTIF(D$9:D$38,$C42) -> 5 | E42: ='14.12'!E44+COUNTIF(E$9:E$38,$C42) -> 5 | F42: ='14.12'!F44+COUNTIF(F$9:F$38,$C42) -> 5 | G42: ='14.12'!G44+COUNTIF(G$9:G$38,$C42) -> 5
B43: 5 | C43: ='01.09'!C45 -> *Пр. Физическая культура и спорт* | D43: ='14.12'!D45+COUNTIF(D$9:D$38,$C43) -> 5 | E43: ='14.12'!E45+COUNTIF(E$9:E$38,$C43) -> 5 | F43: ='14.12'!F45+COUNTIF(F$9:F$38,$C43) -> 5 | G43: ='14.12'!G45+COUNTIF(G$9:G$38,$C43) -> 5
B44: 4 | C44: ='01.09'!C46 -> *Л. Анатомия* | D44: ='14.12'!D46+COUNTIF(D$9:D$38,$C44) -> 4 | E44: ='14.12'!E46+COUNTIF(E$9:E$38,$C44) -> 4 | F44: ='14.12'!F46+COUNTIF(F$9:F$38,$C44) -> 4 | G44: ='14.12'!G46+COUNTIF(G$9:G$38,$C44) -> 4
B45: 12 | C45: ='01.09'!C47 -> *Пр. Анатомия* | D45: ='14.12'!D47+COUNTIF(D$9:D$38,$C45) -> 4 | E45: ='14.12'!E47+COUNTIF(E$9:E$38,$C45) -> 4 | F45: ='14.12'!F47+COUNTIF(F$9:F$38,$C45) -> 4 | G45: ='14.12'!G47+COUNTIF(G$9:G$38,$C45) -> 4
B46: 5 | C46: ='01.09'!C48 -> *Л. Теория и методика* | D46: ='14.12'!D48+COUNTIF(D$9:D$38,$C46) -> 5 | E46: ='14.12'!E48+COUNTIF(E$9:E$38,$C46) -> 5 | F46: ='14.12'!F48+COUNTIF(F$9:F$38,$C46) -> 5 | G46: ='14.12'!G48+COUNTIF(G$9:G$38,$C46) -> 5
B47: 45 | C47: ='01.09'!C49 -> *Пр. Теория и методика* | D47: ='14.12'!D49+COUNTIF(D$9:D$38,$C47) -> 24 | E47: ='14.12'!E49+COUNTIF(E$9:E$38,$C47) -> 25 | F47: ='14.12'!F49+COUNTIF(F$9:F$38,$C47) -> 25 | G47: ='14.12'!G49+COUNTIF(G$9:G$38,$C47) -> 25
B48: 2 | C48: ='01.09'!C50 -> *Л. Информационные технологии* | D48: ='14.12'!D50+COUNTIF(D$9:D$38,$C48) -> 2 | E48: ='14.12'!E50+COUNTIF(E$9:E$38,$C48) -> 2 | F48: ='14.12'!F50+COUNTIF(F$9:F$38,$C48) -> 2 | G48: ='14.12'!G50+COUNTIF(G$9:G$38,$C48) -> 2
B49: 14 | C49: ='01.09'!C51 -> *Пр. Информационные технологии* | D49: ='14.12'!D51+COUNTIF(D$9:D$38,$C49) -> 8 | E49: ='14.12'!E51+COUNTIF(E$9:E$38,$C49) -> 8 | F49: ='14.12'!F51+COUNTIF(F$9:F$38,$C49) -> 8 | G49: ='14.12'!G51+COUNTIF(G$9:G$38,$C49) -> 8
B50: 1 | C50: ='01.09'!C53 -> *Пр. Гимнастика* | D50: ='14.12'!D52+COUNTIF(D$9:D$38,$C50) -> 3 | E50: ='14.12'!E52+COUNTIF(E$9:E$38,$C50) -> 3 | F50: ='14.12'!F52+COUNTIF(F$9:F$38,$C50) -> 3 | G50: ='14.12'!G52+COUNTIF(G$9:G$38,$C50) -> 3
B51: 23 | C51: ='01.09'!C54 -> *Л. Элективные дисциплины по ФКиС: Подвижные игры* | D51: ='14.12'!D53+COUNTIF(D$9:D$38,$C51) -> 13 | E51: ='14.12'!E53+COUNTIF(E$9:E$38,$C51) -> 12 | F51: ='14.12'!F53+COUNTIF(F$9:F$38,$C51) -> 12 | G51: ='14.12'!G53+COUNTIF(G$9:G$38,$C51) -> 12
B52: 3 | C52: ='01.09'!C55 -> *Пр. Элективные дисциплины по ФКиС: Подвижные игры* | D52: ='14.12'!D54+COUNTIF(D$9:D$38,$C52) -> 1 | E52: ='14.12'!E54+COUNTIF(E$9:E$38,$C52) -> 1 | F52: ='14.12'!F54+COUNTIF(F$9:F$38,$C52) -> 1 | G52: ='14.12'!G54+COUNTIF(G$9:G$38,$C52) -> 1
B53: 20 | C53: ='01.09'!C56 -> *Л. Волейбол* | D53: ='14.12'!D55+COUNTIF(D$9:D$38,$C53) -> 8 | E53: ='14.12'!E55+COUNTIF(E$9:E$38,$C53) -> 8 | F53: ='14.12'!F55+COUNTIF(F$9:F$38,$C53) -> 9 | G53: ='14.12'!G55+COUNTIF(G$9:G$38,$C53) -> 9
B54: 1 | C54: ='01.09'!C57 -> *Пр. Волейбол* | D54: ='14.12'!D56+COUNTIF(D$9:D$38,$C54) -> 1 | E54: ='14.12'!E56+COUNTIF(E$9:E$38,$C54) -> 1 | F54: ='14.12'!F56+COUNTIF(F$9:F$38,$C54) -> 1 | G54: ='14.12'!G56+COUNTIF(G$9:G$38,$C54) -> 1
B55: 9 | C55: ='01.09'!C58 -> *Л. Лыжные гонки* | D55: ='14.12'!D57+COUNTIF(D$9:D$38,$C55) -> 16 | E55: ='14.12'!E57+COUNTIF(E$9:E$38,$C55) -> 16 | F55: ='14.12'!F57+COUNTIF(F$9:F$38,$C55) -> 16 | G55: ='14.12'!G57+COUNTIF(G$9:G$38,$C55) -> 16
B56: 16 | C56: ='01.09'!C59 -> *Пр. Лыжные гонки* | D56: ='14.12'!D58+COUNTIF(D$9:D$38,$C56) -> 0 | E56: ='14.12'!E58+COUNTIF(E$9:E$38,$C56) -> 0 | F56: ='14.12'!F58+COUNTIF(F$9:F$38,$C56) -> 0 | G56: ='14.12'!G58+COUNTIF(G$9:G$38,$C56) -> 0
B57: 1 | C57: ='01.09'!C60 -> *Л. Использование электронной* | D57: ='14.12'!D59+COUNTIF(D$9:D$38,$C57) -> 0 | E57: ='14.12'!E59+COUNTIF(E$9:E$38,$C57) -> 0 | F57: ='14.12'!F59+COUNTIF(F$9:F$38,$C57) -> 0 | G57: ='14.12'!G59+COUNTIF(G$9:G$38,$C57) -> 0
B58: 2 | C58: ='01.09'!C61 -> *Пр. Использование электронной* | D58: ='14.12'!D60+COUNTIF(D$9:D$38,$C58) -> 1 | E58: ='14.12'!E60+COUNTIF(E$9:E$38,$C58) -> 0 | F58: ='14.12'!F60+COUNTIF(F$9:F$38,$C58) -> 0 | G58: ='14.12'!G60+COUNTIF(G$9:G$38,$C58) -> 0
B59: 1 | C59: ='01.09'!C62 -> *Пр. Иностранный* | D59: ='14.12'!D61+COUNTIF(D$9:D$38,$C59) -> 2 | E59: ='14.12'!E61+COUNTIF(E$9:E$38,$C59) -> 2 | F59: ='14.12'!F61+COUNTIF(F$9:F$38,$C59) -> 2 | G59: ='14.12'!G61+COUNTIF(G$9:G$38,$C59) -> 2
B60: 31 | C60: ='01.09'!#REF! -> #REF! | D60: ='14.12'!D62+COUNTIF(D$9:D$38,$C60) -> 8 | E60: ='14.12'!E62+COUNTIF(E$9:E$38,$C60) -> 8 | F60: ='14.12'!F62+COUNTIF(F$9:F$38,$C60) -> 8 | G60: ='14.12'!G62+COUNTIF(G$9:G$38,$C60) -> 8
C61: ='01.09'!C63 -> 0 | D61: ='14.12'!D63+COUNTIF(D$9:D$38,$C61) -> 0 | E61: ='14.12'!E63+COUNTIF(E$9:E$38,$C61) -> 0 | F61: ='14.12'!F63+COUNTIF(F$9:F$38,$C61) -> 0 | G61: ='14.12'!G63+COUNTIF(G$9:G$38,$C61) -> 0
C62: ='01.09'!C64 -> 0 | D62: ='14.12'!D64+COUNTIF(D$9:D$38,$C62) -> 0 | E62: ='14.12'!E64+COUNTIF(E$9:E$38,$C62) -> 0 | F62: ='14.12'!F64+COUNTIF(F$9:F$38,$C62) -> 0 | G62: ='14.12'!G64+COUNTIF(G$9:G$38,$C62) -> 0
C63: ='01.09'!C65 -> 0 | D63: ='14.12'!D65+COUNTIF(D$9:D$38,$C63) -> 0 | E63: ='14.12'!E65+COUNTIF(E$9:E$38,$C63) -> 0 | F63: ='14.12'!F65+COUNTIF(F$9:F$38,$C63) -> 0 | G63: ='14.12'!G65+COUNTIF(G$9:G$38,$C63) -> 0
C64: ='01.09'!C66 -> 0 | D64: ='14.12'!D66+COUNTIF(D$9:D$38,$C64) -> 0 | E64: ='14.12'!E66+COUNTIF(E$9:E$38,$C64) -> 0 | F64: ='14.12'!F66+COUNTIF(F$9:F$38,$C64) -> 0 | G64: ='14.12'!G66+COUNTIF(G$9:G$38,$C64) -> 0
C65: ='01.09'!C67 -> 0 | D65: ='14.12'!D67+COUNTIF(D$9:D$38,$C65) -> 0 | E65: ='14.12'!E67+COUNTIF(E$9:E$38,$C65) -> 0 | F65: ='14.12'!F67+COUNTIF(F$9:F$38,$C65) -> 0 | G65: ='14.12'!G67+COUNTIF(G$9:G$38,$C65) -> 0

Sheet 09.06
B1: Расписание учебных занятий на первое полугодие 2025-2026 учебного года
B2: ТРЕНЕРСКИЙ ФАКУЛЬТЕТ, направление подготовки (образовательная программа)
A3: 49.03.04 Спорт*
B4: Факультет адаптивной физической культуры, рекреации и туризма, направление подготовки (образовательная программа)
B5: 49.03.01 Физическая культура*
B6: Курс 1, семестр 1, очная форма обучения
B7: группы С2-06-25, С2-07-25, С2-08-25, С2-09-25, Т1-04-25
A9: День недели | B9: Дата | C9: Время | D9: 6 группа, Т1-04-25 | E9: 7 группа | F9: 8 группа | G9: 9 группа
D10: Физкультурно-оздоровительная деятельность и фитнес (ФОДиФ), скалолазание | E10: Единоборства (армспорт, греко-римская борьба, вольная борьба, дзюдо, самбо, служебно-прикладные единоборства) | F10: каратэдо, тхэквондо, киокусинкай, ушу, тяжелая атлетика | G10: Бокс, кикбоксинг, современное пятиборье, фехтование, стрелковые виды спорта
A11: Понедельник | B11: 45817 | C11: 8.50-10.20
C12: 10.40-12.10
C13: 13.00-14.30
C14: 14.50-16.20
C15: 16.40-18.10
A16: Вторник | B16: =B11+1 -> 45818 | C16: 8.50-10.20
C17: 10.40-12.10
C18: 13.00-14.30
C19: 14.50-16.20
C20: 16.40-18.10
A21: Среда | B21: =B16+1 -> 45819 | C21: 8.50-10.20
C22: 10.40-12.10
C23: 13.00-14.30
C24: 14.50-16.20
C25: 16.40-18.10
A26: Четверг | B26: =B21+1 -> 45820 | C26: 8.50-10.20
C27: 10.40-12.10
C28: 13.00-14.30
C29: 14.50-16.20
C30: 16.40-18.10
A31: Пятница | B31: =B26+1 -> 45821 | C31: 8.50-10.20
C32: 10.40-12.10
C33: 13.00-14.30
C34: 14.50-16.20
C35: 16.40-18.10
A36: Суббота | B36: =B31+1 -> 45822 | C36: 8.50-10.20
C37: 10.40-12.10
C38: 13.00-14.30
C39: 14.50-16.20
C40: 16.40-18.10
D41: * Профили (направленность) указанны на титульном листе
C42: ='01.09'!C42 -> *Л. Речевое общение в профессиональной деятельности* | D42: ='28.12'!D42+COUNTIF(D$11:D$40,$C42) -> 5 | E42: ='28.12'!E42+COUNTIF(E$11:E$40,$C42) -> 5 | F42: ='28.12'!F42+COUNTIF(F$11:F$40,$C42) -> 5 | G42: ='28.12'!G42+COUNTIF(G$11:G$40,$C42) -> 5
C43: ='01.09'!C43 -> *Пр. Речевое общение в профессиональной деятельности* | D43: ='28.12'!D43+COUNTIF(D$11:D$40,$C43) -> 4 | E43: ='28.12'!E43+COUNTIF(E$11:E$40,$C43) -> 4 | F43: ='28.12'!F43+COUNTIF(F$11:F$40,$C43) -> 4 | G43: ='28.12'!G43+COUNTIF(G$11:G$40,$C43) -> 4
C44: ='01.09'!C44 -> *Л. Физическая культура и спорт* | D44: ='28.12'!D44+COUNTIF(D$11:D$40,$C44) -> 5 | E44: ='28.12'!E44+COUNTIF(E$11:E$40,$C44) -> 5 | F44: ='28.12'!F44+COUNTIF(F$11:F$40,$C44) -> 5 | G44: ='28.12'!G44+COUNTIF(G$11:G$40,$C44) -> 5
C45: ='01.09'!C45 -> *Пр. Физическая культура и спорт* | D45: ='28.12'!D45+COUNTIF(D$11:D$40,$C45) -> 5 | E45: ='28.12'!E45+COUNTIF(E$11:E$40,$C45) -> 5 | F45: ='28.12'!F45+COUNTIF(F$11:F$40,$C45) -> 5 | G45: ='28.12'!G45+COUNTIF(G$11:G$40,$C45) -> 5
C46: ='01.09'!C46 -> *Л. Анатомия* | D46: ='28.12'!D46+COUNTIF(D$11:D$40,$C46) -> 4 | E46: ='28.12'!E46+COUNTIF(E$11:E$40,$C46) -> 4 | F46: ='28.12'!F46+COUNTIF(F$11:F$40,$C46) -> 4 | G46: ='28.12'!G46+COUNTIF(G$11:G$40,$C46) -> 4
C47: ='01.09'!C47 -> *Пр. Анатомия* | D47: ='28.12'!D47+COUNTIF(D$11:D$40,$C47) -> 4 | E47: ='28.12'!E47+COUNTIF(E$11:E$40,$C47) -> 4 | F47: ='28.12'!F47+COUNTIF(F$11:F$40,$C47) -> 4 | G47: ='28.12'!G47+COUNTIF(G$11:G$40,$C47) -> 4
C48: ='01.09'!C48 -> *Л. Теория и методика* | D48: ='28.12'!D48+COUNTIF(D$11:D$40,$C48) -> 5 | E48: ='28.12'!E48+COUNTIF(E$11:E$40,$C48) -> 5 | F48: ='28.12'!F48+COUNTIF(F$11:F$40,$C48) -> 5 | G48: ='28.12'!G48+COUNTIF(G$11:G$40,$C48) -> 5
C49: ='01.09'!C49 -> *Пр. Теория и методика* | D49: ='28.12'!D49+COUNTIF(D$11:D$40,$C49) -> 24 | E49: ='28.12'!E49+COUNTIF(E$11:E$40,$C49) -> 25 | F49: ='28.12'!F49+COUNTIF(F$11:F$40,$C49) -> 25 | G49: ='28.12'!G49+COUNTIF(G$11:G$40,$C49) -> 25
C50: ='01.09'!C50 -> *Л. Информационные технологии* | D50: ='28.12'!D50+COUNTIF(D$11:D$40,$C50) -> 2 | E50: ='28.12'!E50+COUNTIF(E$11:E$40,$C50) -> 2 | F50: ='28.12'!F50+COUNTIF(F$11:F$40,$C50) -> 2 | G50: ='28.12'!G50+COUNTIF(G$11:G$40,$C50) -> 2
C51: ='01.09'!C51 -> *Пр. Информационные технологии* | D51: ='28.12'!D51+COUNTIF(D$11:D$40,$C51) -> 8 | E51: ='28.12'!E51+COUNTIF(E$11:E$40,$C51) -> 8 | F51: ='28.12'!F51+COUNTIF(F$11:F$40,$C51) -> 8 | G51: ='28.12'!G51+COUNTIF(G$11:G$40,$C51) -> 8
C52: ='01.09'!C53 -> *Пр. Гимнастика* | D52: ='28.12'!D52+COUNTIF(D$11:D$40,$C52) -> 3 | E52: ='28.12'!E52+COUNTIF(E$11:E$40,$C52) -> 3 | F52: ='28.12'!F52+COUNTIF(F$11:F$40,$C52) -> 3 | G52: ='28.12'!G52+COUNTIF(G$11:G$40,$C52) -> 3
C53: ='01.09'!C54 -> *Л. Элективные дисциплины по ФКиС: Подвижные игры* | D53: ='28.12'!D53+COUNTIF(D$11:D$40,$C53) -> 13 | E53: ='28.12'!E53+COUNTIF(E$11:E$40,$C53) -> 12 | F53: ='28.12'!F53+COUNTIF(F$11:F$40,$C53) -> 12 | G53: ='28.12'!G53+COUNTIF(G$11:G$40,$C53) -> 12
C54: ='01.09'!C55 -> *Пр. Элективные дисциплины по ФКиС: Подвижные игры* | D54: ='28.12'!D54+COUNTIF(D$11:D$40,$C54) -> 1 | E54: ='28.12'!E54+COUNTIF(E$11:E$40,$C54) -> 1 | F54: ='28.12'!F54+COUNTIF(F$11:F$40,$C54) -> 1 | G54: ='28.12'!G54+COUNTIF(G$11:G$40,$C54) -> 1
C55: ='01.09'!C56 -> *Л. Волейбол* | D55: ='28.12'!D55+COUNTIF(D$11:D$40,$C55) -> 8 | E55: ='28.12'!E55+COUNTIF(E$11:E$40,$C55) -> 8 | F55: ='28.12'!F55+COUNTIF(F$11:F$40,$C55) -> 9 | G55: ='28.12'!G55+COUNTIF(G$11:G$40,$C55) -> 9
C56: ='01.09'!C57 -> *Пр. Волейбол* | D56: ='28.12'!D56+COUNTIF(D$11:D$40,$C56) -> 1 | E56: ='28.12'!E56+COUNTIF(E$11:E$40,$C56) -> 1 | F56: ='28.12'!F56+COUNTIF(F$11:F$40,$C56) -> 1 | G56: ='28.12'!G56+COUNTIF(G$11:G$40,$C56) -> 1
C57: ='01.09'!C58 -> *Л. Лыжные гонки* | D57: ='28.12'!D57+COUNTIF(D$11:D$40,$C57) -> 16 | E57: ='28.12'!E57+COUNTIF(E$11:E$40,$C57) -> 16 | F57: ='28.12'!F57+COUNTIF(F$11:F$40,$C57) -> 16 | G57: ='28.12'!G57+COUNTIF(G$11:G$40,$C57) -> 16
C58: ='01.09'!C59 -> *Пр. Лыжные гонки* | D58: ='28.12'!D58+COUNTIF(D$11:D$40,$C58) -> 0 | E58: ='28.12'!E58+COUNTIF(E$11:E$40,$C58) -> 0 | F58: ='28.12'!F58+COUNTIF(F$11:F$40,$C58) -> 0 | G58: ='28.12'!G58+COUNTIF(G$11:G$40,$C58) -> 0
C59: ='01.09'!C60 -> *Л. Использование электронной* | D59: ='28.12'!D59+COUNTIF(D$11:D$40,$C59) -> 0 | E59: ='28.12'!E59+COUNTIF(E$11:E$40,$C59) -> 0 | F59: ='28.12'!F59+COUNTIF(F$11:F$40,$C59) -> 0 | G59: ='28.12'!G59+COUNTIF(G$11:G$40,$C59) -> 0
C60: ='01.09'!C61 -> *Пр. Использование электронной* | D60: ='28.12'!D60+COUNTIF(D$11:D$40,$C60) -> 1 | E60: ='28.12'!E60+COUNTIF(E$11:E$40,$C60) -> 0 | F60: ='28.12'!F60+COUNTIF(F$11:F$40,$C60) -> 0 | G60: ='28.12'!G60+COUNTIF(G$11:G$40,$C60) -> 0
C61: ='01.09'!C62 -> *Пр. Иностранный* | D61: ='28.12'!D61+COUNTIF(D$11:D$40,$C61) -> 2 | E61: ='28.12'!E61+COUNTIF(E$11:E$40,$C61) -> 2 | F61: ='28.12'!F61+COUNTIF(F$11:F$40,$C61) -> 2 | G61: ='28.12'!G61+COUNTIF(G$11:G$40,$C61) -> 2
C62: ='01.09'!#REF! -> #REF! | D62: ='28.12'!D62+COUNTIF(D$11:D$40,$C62) -> 8 | E62: ='28.12'!E62+COUNTIF(E$11:E$40,$C62) -> 8 | F62: ='28.12'!F62+COUNTIF(F$11:F$40,$C62) -> 8 | G62: ='28.12'!G62+COUNTIF(G$11:G$40,$C62) -> 8
C63: ='01.09'!C63 -> 0 | D63: ='28.12'!D63+COUNTIF(D$11:D$40,$C63) -> 0 | E63: ='28.12'!E63+COUNTIF(E$11:E$40,$C63) -> 0 | F63: ='28.12'!F63+COUNTIF(F$11:F$40,$C63) -> 0 | G63: ='28.12'!G63+COUNTIF(G$11:G$40,$C63) -> 0
C64: ='01.09'!C64 -> 0 | D64: ='28.12'!D64+COUNTIF(D$11:D$40,$C64) -> 0 | E64: ='28.12'!E64+COUNTIF(E$11:E$40,$C64) -> 0 | F64: ='28.12'!F64+COUNTIF(F$11:F$40,$C64) -> 0 | G64: ='28.12'!G64+COUNTIF(G$11:G$40,$C64) -> 0
C65: ='01.09'!C65 -> 0 | D65: ='28.12'!D65+COUNTIF(D$11:D$40,$C65) -> 0 | E65: ='28.12'!E65+COUNTIF(E$11:E$40,$C65) -> 0 | F65: ='28.12'!F65+COUNTIF(F$11:F$40,$C65) -> 0 | G65: ='28.12'!G65+COUNTIF(G$11:G$40,$C65) -> 0
C66: ='01.09'!C66 -> 0 | D66: ='28.12'!D66+COUNTIF(D$11:D$40,$C66) -> 0 | E66: ='28.12'!E66+COUNTIF(E$11:E$40,$C66) -> 0 | F66: ='28.12'!F66+COUNTIF(F$11:F$40,$C66) -> 0 | G66: ='28.12'!G66+COUNTIF(G$11:G$40,$C66) -> 0
C67: ='01.09'!C67 -> 0 | D67: ='28.12'!D67+COUNTIF(D$11:D$40,$C67) -> 0 | E67: ='28.12'!E67+COUNTIF(E$11:E$40,$C67) -> 0 | F67: ='28.12'!F67+COUNTIF(F$11:F$40,$C67) -> 0 | G67: ='28.12'!G67+COUNTIF(G$11:G$40,$C67) -> 0

Sheet 16.06
B1: Расписание учебных занятий на первое полугодие 2025-2026 учебного года
B2: ТРЕНЕРСКИЙ ФАКУЛЬТЕТ, направление подготовки (образовательная программа)
A3: 49.03.04 Спорт*
B4: Факультет адаптивной физической культуры, рекреации и туризма, направление подготовки (образовательная программа)
B5: 49.03.01 Физическая культура*
B6: Курс 1, семестр 1, очная форма обучения
B7: группы С2-06-25, С2-07-25, С2-08-25, С2-09-25, Т1-04-25
A9: День недели | B9: Дата | C9: Время | D9: 6 группа, Т1-04-25 | E9: 7 группа | F9: 8 группа | G9: 9 группа
D10: Физкультурно-оздоровительная деятельность и фитнес (ФОДиФ), скалолазание | E10: Единоборства (армспорт, греко-римская борьба, вольная борьба, дзюдо, самбо, служебно-прикладные единоборства) | F10: каратэдо, тхэквондо, киокусинкай, ушу, тяжелая атлетика | G10: Бокс, кикбоксинг, современное пятиборье, фехтование, стрелковые виды спорта
A11: Понедельник | B11: 45824 | C11: 8.50-10.20
C12: 10.40-12.10
C13: 13.00-14.30
C14: 14.50-16.20
C15: 16.40-18.10
A16: Вторник | B16: =B11+1 -> 45825 | C16: 8.50-10.20
C17: 10.40-12.10
C18: 13.00-14.30
C19: 14.50-16.20
C20: 16.40-18.10
A21: Среда | B21: =B16+1 -> 45826 | C21: 8.50-10.20
C22: 10.40-12.10
C23: 13.00-14.30
C24: 14.50-16.20
C25: 16.40-18.10
A26: Четверг | B26: =B21+1 -> 45827 | C26: 8.50-10.20
C27: 10.40-12.10
C28: 13.00-14.30
C29: 14.50-16.20
C30: 16.40-18.10
A31: Пятница | B31: =B26+1 -> 45828 | C31: 8.50-10.20
C32: 10.40-12.10
C33: 13.00-14.30
C34: 14.50-16.20
C35: 16.40-18.10
A36: Суббота | B36: =B31+1 -> 45829 | C36: 8.50-10.20
C37: 10.40-12.10
C38: 13.00-14.30
C39: 14.50-16.20
C40: 16.40-18.10
D41: * Профили (направленность) указанны на титульном листе
C42: ='01.09'!C42 -> *Л. Речевое общение в профессиональной деятельности* | D42: ='09.06'!D42+COUNTIF(D$11:D$40,$C42) -> 5 | E42: ='09.06'!E42+COUNTIF(E$11:E$40,$C42) -> 5 | F42: ='09.06'!F42+COUNTIF(F$11:F$40,$C42) -> 5 | G42: ='09.06'!G42+COUNTIF(G$11:G$40,$C42) -> 5
C43: ='01.09'!C43 -> *Пр. Речевое общение в профессиональной деятельности* | D43: ='09.06'!D43+COUNTIF(D$11:D$40,$C43) -> 4 | E43: ='09.06'!E43+COUNTIF(E$11:E$40,$C43) -> 4 | F43: ='09.06'!F43+COUNTIF(F$11:F$40,$C43) -> 4 | G43: ='09.06'!G43+COUNTIF(G$11:G$40,$C43) -> 4
C44: ='01.09'!C44 -> *Л. Физическая культура и спорт* | D44: ='09.06'!D44+COUNTIF(D$11:D$40,$C44) -> 5 | E44: ='09.06'!E44+COUNTIF(E$11:E$40,$C44) -> 5 | F44: ='09.06'!F44+COUNTIF(F$11:F$40,$C44) -> 5 | G44: ='09.06'!G44+COUNTIF(G$11:G$40,$C44) -> 5
C45: ='01.09'!C45 -> *Пр. Физическая культура и спорт* | D45: ='09.06'!D45+COUNTIF(D$11:D$40,$C45) -> 5 | E45: ='09.06'!E45+COUNTIF(E$11:E$40,$C45) -> 5 | F45: ='09.06'!F45+COUNTIF(F$11:F$40,$C45) -> 5 | G45: ='09.06'!G45+COUNTIF(G$11:G$40,$C45) -> 5
C46: ='01.09'!C46 -> *Л. Анатомия* | D46: ='09.06'!D46+COUNTIF(D$11:D$40,$C46) -> 4 | E46: ='09.06'!E46+COUNTIF(E$11:E$40,$C46) -> 4 | F46: ='09.06'!F46+COUNTIF(F$11:F$40,$C46) -> 4 | G46: ='09.06'!G46+COUNTIF(G$11:G$40,$C46) -> 4
C47: ='01.09'!C47 -> *Пр. Анатомия* | D47: ='09.06'!D47+COUNTIF(D$11:D$40,$C47) -> 4 | E47: ='09.06'!E47+COUNTIF(E$11:E$40,$C47) -> 4 | F47: ='09.06'!F47+COUNTIF(F$11:F$40,$C47) -> 4 | G47: ='09.06'!G47+COUNTIF(G$11:G$40,$C47) -> 4
C48: ='01.09'!C48 -> *Л. Теория и методика* | D48: ='09.06'!D48+COUNTIF(D$11:D$40,$C48) -> 5 | E48: ='09.06'!E48+COUNTIF(E$11:E$40,$C48) -> 5 | F48: ='09.06'!F48+COUNTIF(F$11:F$40,$C48) -> 5 | G48: ='09.06'!G48+COUNTIF(G$11:G$40,$C48) -> 5
C49: ='01.09'!C49 -> *Пр. Теория и методика* | D49: ='09.06'!D49+COUNTIF(D$11:D$40,$C49) -> 24 | E49: ='09.06'!E49+COUNTIF(E$11:E$40,$C49) -> 25 | F49: ='09.06'!F49+COUNTIF(F$11:F$40,$C49) -> 25 | G49: ='09.06'!G49+COUNTIF(G$11:G$40,$C49) -> 25
C50: ='01.09'!C50 -> *Л. Информационные технологии* | D50: ='09.06'!D50+COUNTIF(D$11:D$40,$C50) -> 2 | E50: ='09.06'!E50+COUNTIF(E$11:E$40,$C50) -> 2 | F50: ='09.06'!F50+COUNTIF(F$11:F$40,$C50) -> 2 | G50: ='09.06'!G50+COUNTIF(G$11:G$40,$C50) -> 2
C51: ='01.09'!C51 -> *Пр. Информационные технологии* | D51: ='09.06'!D51+COUNTIF(D$11:D$40,$C51) -> 8 | E51: ='09.06'!E51+COUNTIF(E$11:E$40,$C51) -> 8 | F51: ='09.06'!F51+COUNTIF(F$11:F$40,$C51) -> 8 | G51: ='09.06'!G51+COUNTIF(G$11:G$40,$C51) -> 8
C52: ='01.09'!C53 -> *Пр. Гимнастика* | D52: ='09.06'!D52+COUNTIF(D$11:D$40,$C52) -> 3 | E52: ='09.06'!E52+COUNTIF(E$11:E$40,$C52) -> 3 | F52: ='09.06'!F52+COUNTIF(F$11:F$40,$C52) -> 3 | G52: ='09.06'!G52+COUNTIF(G$11:G$40,$C52) -> 3
C53: ='01.09'!C54 -> *Л. Элективные дисциплины по ФКиС: Подвижные игры* | D53: ='09.06'!D53+COUNTIF(D$11:D$40,$C53) -> 13 | E53: ='09.06'!E53+COUNTIF(E$11:E$40,$C53) -> 12 | F53: ='09.06'!F53+COUNTIF(F$11:F$40,$C53) -> 12 | G53: ='09.06'!G53+COUNTIF(G$11:G$40,$C53) -> 12
C54: ='01.09'!C55 -> *Пр. Элективные дисциплины по ФКиС: Подвижные игры* | D54: ='09.06'!D54+COUNTIF(D$11:D$40,$C54) -> 1 | E54: ='09.06'!E54+COUNTIF(E$11:E$40,$C54) -> 1 | F54: ='09.06'!F54+COUNTIF(F$11:F$40,$C54) -> 1 | G54: ='09.06'!G54+COUNTIF(G$11:G$40,$C54) -> 1
C55: ='01.09'!C56 -> *Л. Волейбол* | D55: ='09.06'!D55+COUNTIF(D$11:D$40,$C55) -> 8 | E55: ='09.06'!E55+COUNTIF(E$11:E$40,$C55) -> 8 | F55: ='09.06'!F55+COUNTIF(F$11:F$40,$C55) -> 9 | G55: ='09.06'!G55+COUNTIF(G$11:G$40,$C55) -> 9
C56: ='01.09'!C57 -> *Пр. Волейбол* | D56: ='09.06'!D56+COUNTIF(D$11:D$40,$C56) -> 1 | E56: ='09.06'!E56+COUNTIF(E$11:E$40,$C56) -> 1 | F56: ='09.06'!F56+COUNTIF(F$11:F$40,$C56) -> 1 | G56: ='09.06'!G56+COUNTIF(G$11:G$40,$C56) -> 1
C57: ='01.09'!C58 -> *Л. Лыжные гонки* | D57: ='09.06'!D57+COUNTIF(D$11:D$40,$C57) -> 16 | E57: ='09.06'!E57+COUNTIF(E$11:E$40,$C57) -> 16 | F57: ='09.06'!F57+COUNTIF(F$11:F$40,$C57) -> 16 | G57: ='09.06'!G57+COUNTIF(G$11:G$40,$C57) -> 16
C58: ='01.09'!C59 -> *Пр. Лыжные гонки* | D58: ='09.06'!D58+COUNTIF(D$11:D$40,$C58) -> 0 | E58: ='09.06'!E58+COUNTIF(E$11:E$40,$C58) -> 0 | F58: ='09.06'!F58+COUNTIF(F$11:F$40,$C58) -> 0 | G58: ='09.06'!G58+COUNTIF(G$11:G$40,$C58) -> 0
C59: ='01.09'!C60 -> *Л. Использование электронной* | D59: ='09.06'!D59+COUNTIF(D$11:D$40,$C59) -> 0 | E59: ='09.06'!E59+COUNTIF(E$11:E$40,$C59) -> 0 | F59: ='09.06'!F59+COUNTIF(F$11:F$40,$C59) -> 0 | G59: ='09.06'!G59+COUNTIF(G$11:G$40,$C59) -> 0
C60: ='01.09'!C61 -> *Пр. Использование электронной* | D60: ='09.06'!D60+COUNTIF(D$11:D$40,$C60) -> 1 | E60: ='09.06'!E60+COUNTIF(E$11:E$40,$C60) -> 0 | F60: ='09.06'!F60+COUNTIF(F$11:F$40,$C60) -> 0 | G60: ='09.06'!G60+COUNTIF(G$11:G$40,$C60) -> 0
C61: ='01.09'!C62 -> *Пр. Иностранный* | D61: ='09.06'!D61+COUNTIF(D$11:D$40,$C61) -> 2 | E61: ='09.06'!E61+COUNTIF(E$11:E$40,$C61) -> 2 | F61: ='09.06'!F61+COUNTIF(F$11:F$40,$C61) -> 2 | G61: ='09.06'!G61+COUNTIF(G$11:G$40,$C61) -> 2
C62: ='01.09'!#REF! -> #REF! | D62: ='09.06'!D62+COUNTIF(D$11:D$40,$C62) -> 8 | E62: ='09.06'!E62+COUNTIF(E$11:E$40,$C62) -> 8 | F62: ='09.06'!F62+COUNTIF(F$11:F$40,$C62) -> 8 | G62: ='09.06'!G62+COUNTIF(G$11:G$40,$C62) -> 8
C63: ='01.09'!C63 -> 0 | D63: ='09.06'!D63+COUNTIF(D$11:D$40,$C63) -> 0 | E63: ='09.06'!E63+COUNTIF(E$11:E$40,$C63) -> 0 | F63: ='09.06'!F63+COUNTIF(F$11:F$40,$C63) -> 0 | G63: ='09.06'!G63+COUNTIF(G$11:G$40,$C63) -> 0
C64: ='01.09'!C64 -> 0 | D64: ='09.06'!D64+COUNTIF(D$11:D$40,$C64) -> 0 | E64: ='09.06'!E64+COUNTIF(E$11:E$40,$C64) -> 0 | F64: ='09.06'!F64+COUNTIF(F$11:F$40,$C64) -> 0 | G64: ='09.06'!G64+COUNTIF(G$11:G$40,$C64) -> 0
C65: ='01.09'!C65 -> 0 | D65: ='09.06'!D65+COUNTIF(D$11:D$40,$C65) -> 0 | E65: ='09.06'!E65+COUNTIF(E$11:E$40,$C65) -> 0 | F65: ='09.06'!F65+COUNTIF(F$11:F$40,$C65) -> 0 | G65: ='09.06'!G65+COUNTIF(G$11:G$40,$C65) -> 0
C66: ='01.09'!C66 -> 0 | D66: ='09.06'!D66+COUNTIF(D$11:D$40,$C66) -> 0 | E66: ='09.06'!E66+COUNTIF(E$11:E$40,$C66) -> 0 | F66: ='09.06'!F66+COUNTIF(F$11:F$40,$C66) -> 0 | G66: ='09.06'!G66+COUNTIF(G$11:G$40,$C66) -> 0
C67: ='01.09'!C67 -> 0 | D67: ='09.06'!D67+COUNTIF(D$11:D$40,$C67) -> 0 | E67: ='09.06'!E67+COUNTIF(E$11:E$40,$C67) -> 0 | F67: ='09.06'!F67+COUNTIF(F$11:F$40,$C67) -> 0 | G67: ='09.06'!G67+COUNTIF(G$11:G$40,$C67) -> 0

Sheet 06.01
F1: Расписание учебных занятий на первое полугодие 2019-2020 учебного года
F2: ИНСТИТУТ СПОРТА И ФИЗИЧЕСКОГО ВОСПИТАНИЯ, направление подготовки (образовательная программа)
F3: 49.03.01 Физичекая культура, Профиль (направленность) "Спортивная подготовка в избранном виде спорта", уровень образовния бакалавриат
F4: Курс 1, семестр 1, очная форма обучения
F5: группы С3-07-19, С1-08-19, С1-09-19, С3-09-19, С2-10-19,С2-11-19,С2-12-19, С1-07-19, С1-11-19
A7: День недели | B7: Дата | C7: Время | D7: 7 группа | E7: 8 группа | F7: 9 группа | G7: 10 группа | H7: 11 группа | I7: 12 группа
D8: фигурное катание на коньках, керлинг, теннис | E8: футбол, мини - футбол | F8: футбол, конькобежн. спорт | G8: тяж.атлетика, фехтование, современное пятиборье | H8: велоспорт, горные виды спорта, автомотоспорт, компьютерный спорт | I8: бокс, кикбоксинг, сл.-прикл. единоборства, стрелковые в.с.
A9: Понедельник | B9: 43836 | C9: 8.50-10.20
C10: 10.40-12.10
C11: 13.00-14.30
C12: 14.50-16.20
C13: 16.40-18.10
A14: Вторник | B14: =B9+1 -> 43837 | C14: 8.50-10.20
C15: 10.40-12.10
C16: 13.00-14.30
C17: 14.50-16.20
C18: 16.40-18.10
A19: Среда | B19: =B14+1 -> 43838 | C19: 8.50-10.20
C20: 10.40-12.10
C21: 13.00-14.30
C22: 14.50-16.20
C23: 16.40-18.10
A24: Четверг | B24: =B19+1 -> 43839 | C24: 8.50-10.20
C25: 10.40-12.10
C26: 13.00-14.30
C27: 14.50-16.20
C28: 16.40-18.10
A29: Пятница | B29: =B24+1 -> 43840 | C29: 8.50-10.20
C30: 10.40-12.10
C31: 13.00-14.30
C32: 14.50-16.20
C33: 16.40-18.10
A34: Суббота | B34: =B29+1 -> 43841 | C34: 8.50-10.20
C35: 10.40-12.10
C36: 13.00-14.30
C37: 14.50-16.20
C38: 16.40-18.10
B40: 2 | C40: ='01.09'!C42 -> *Л. Речевое общение в профессиональной деятельности* | D40: ='21.12'!D42+COUNTIF(D$9:D$38,$C40) -> 5 | E40: ='21.12'!E42+COUNTIF(E$9:E$38,$C40) -> 5 | F40: ='21.12'!F42+COUNTIF(F$9:F$38,$C40) -> 5 | G40: ='21.12'!G42+COUNTIF(G$9:G$38,$C40) -> 5 | H40: ='21.12'!#REF!+COUNTIF(H$9:H$38,$C40) -> #REF! | I40: ='21.12'!#REF!+COUNTIF(I$9:I$38,$C40) -> #REF!
B41: 14 | C41: ='01.09'!C43 -> *Пр. Речевое общение в профессиональной деятельности* | D41: ='21.12'!D43+COUNTIF(D$9:D$38,$C41) -> 4 | E41: ='21.12'!E43+COUNTIF(E$9:E$38,$C41) -> 4 | F41: ='21.12'!F43+COUNTIF(F$9:F$38,$C41) -> 4 | G41: ='21.12'!G43+COUNTIF(G$9:G$38,$C41) -> 4 | H41: ='21.12'!#REF!+COUNTIF(H$9:H$38,$C41) -> #REF! | I41: ='21.12'!#REF!+COUNTIF(I$9:I$38,$C41) -> #REF!
B42: 5 | C42: ='01.09'!C44 -> *Л. Физическая культура и спорт* | D42: ='21.12'!D44+COUNTIF(D$9:D$38,$C42) -> 5 | E42: ='21.12'!E44+COUNTIF(E$9:E$38,$C42) -> 5 | F42: ='21.12'!F44+COUNTIF(F$9:F$38,$C42) -> 5 | G42: ='21.12'!G44+COUNTIF(G$9:G$38,$C42) -> 5 | H42: ='21.12'!#REF!+COUNTIF(H$9:H$38,$C42) -> #REF! | I42: ='21.12'!#REF!+COUNTIF(I$9:I$38,$C42) -> #REF!
B43: 11 | C43: ='01.09'!C45 -> *Пр. Физическая культура и спорт* | D43: ='21.12'!D45+COUNTIF(D$9:D$38,$C43) -> 5 | E43: ='21.12'!E45+COUNTIF(E$9:E$38,$C43) -> 5 | F43: ='21.12'!F45+COUNTIF(F$9:F$38,$C43) -> 5 | G43: ='21.12'!G45+COUNTIF(G$9:G$38,$C43) -> 5 | H43: ='21.12'!#REF!+COUNTIF(H$9:H$38,$C43) -> #REF! | I43: ='21.12'!#REF!+COUNTIF(I$9:I$38,$C43) -> #REF!
B44: 7 | C44: ='01.09'!C46 -> *Л. Анатомия* | D44: ='21.12'!D46+COUNTIF(D$9:D$38,$C44) -> 4 | E44: ='21.12'!E46+COUNTIF(E$9:E$38,$C44) -> 4 | F44: ='21.12'!F46+COUNTIF(F$9:F$38,$C44) -> 4 | G44: ='21.12'!G46+COUNTIF(G$9:G$38,$C44) -> 4 | H44: ='21.12'!#REF!+COUNTIF(H$9:H$38,$C44) -> #REF! | I44: ='21.12'!#REF!+COUNTIF(I$9:I$38,$C44) -> #REF!
B45: 17 | C45: ='01.09'!C47 -> *Пр. Анатомия* | D45: ='21.12'!D47+COUNTIF(D$9:D$38,$C45) -> 4 | E45: ='21.12'!E47+COUNTIF(E$9:E$38,$C45) -> 4 | F45: ='21.12'!F47+COUNTIF(F$9:F$38,$C45) -> 4 | G45: ='21.12'!G47+COUNTIF(G$9:G$38,$C45) -> 4 | H45: ='21.12'!#REF!+COUNTIF(H$9:H$38,$C45) -> #REF! | I45: ='21.12'!#REF!+COUNTIF(I$9:I$38,$C45) -> #REF!
B46: 5 | C46: ='01.09'!C48 -> *Л. Теория и методика* | D46: ='21.12'!D48+COUNTIF(D$9:D$38,$C46) -> 5 | E46: ='21.12'!E48+COUNTIF(E$9:E$38,$C46) -> 5 | F46: ='21.12'!F48+COUNTIF(F$9:F$38,$C46) -> 5 | G46: ='21.12'!G48+COUNTIF(G$9:G$38,$C46) -> 5 | H46: ='21.12'!#REF!+COUNTIF(H$9:H$38,$C46) -> #REF! | I46: ='21.12'!#REF!+COUNTIF(I$9:I$38,$C46) -> #REF!
B47: 45 | C47: ='01.09'!C49 -> *Пр. Теория и методика* | D47: ='21.12'!D49+COUNTIF(D$9:D$38,$C47) -> 24 | E47: ='21.12'!E49+COUNTIF(E$9:E$38,$C47) -> 25 | F47: ='21.12'!F49+COUNTIF(F$9:F$38,$C47) -> 25 | G47: ='21.12'!G49+COUNTIF(G$9:G$38,$C47) -> 25 | H47: ='21.12'!#REF!+COUNTIF(H$9:H$38,$C47) -> #REF! | I47: ='21.12'!#REF!+COUNTIF(I$9:I$38,$C47) -> #REF!
B48: 1 | C48: ='01.09'!C50 -> *Л. Информационные технологии* | D48: ='21.12'!D50+COUNTIF(D$9:D$38,$C48) -> 2 | E48: ='21.12'!E50+COUNTIF(E$9:E$38,$C48) -> 2 | F48: ='21.12'!F50+COUNTIF(F$9:F$38,$C48) -> 2 | G48: ='21.12'!G50+COUNTIF(G$9:G$38,$C48) -> 2 | H48: ='21.12'!#REF!+COUNTIF(H$9:H$38,$C48) -> #REF! | I48: ='21.12'!#REF!+COUNTIF(I$9:I$38,$C48) -> #REF!
B49: 23 | C49: ='01.09'!C51 -> *Пр. Информационные технологии* | D49: ='21.12'!D51+COUNTIF(D$9:D$38,$C49) -> 8 | E49: ='21.12'!E51+COUNTIF(E$9:E$38,$C49) -> 8 | F49: ='21.12'!F51+COUNTIF(F$9:F$38,$C49) -> 8 | G49: ='21.12'!G51+COUNTIF(G$9:G$38,$C49) -> 8 | H49: ='21.12'!#REF!+COUNTIF(H$9:H$38,$C49) -> #REF! | I49: ='21.12'!#REF!+COUNTIF(I$9:I$38,$C49) -> #REF!
B50: 1 | C50: ='01.09'!C53 -> *Пр. Гимнастика* | D50: ='21.12'!D52+COUNTIF(D$9:D$38,$C50) -> 3 | E50: ='21.12'!E52+COUNTIF(E$9:E$38,$C50) -> 3 | F50: ='21.12'!F52+COUNTIF(F$9:F$38,$C50) -> 3 | G50: ='21.12'!G52+COUNTIF(G$9:G$38,$C50) -> 3 | H50: ='21.12'!#REF!+COUNTIF(H$9:H$38,$C50) -> #REF! | I50: ='21.12'!#REF!+COUNTIF(I$9:I$38,$C50) -> #REF!
B51: 23 | C51: ='01.09'!C54 -> *Л. Элективные дисциплины по ФКиС: Подвижные игры* | D51: ='21.12'!D53+COUNTIF(D$9:D$38,$C51) -> 13 | E51: ='21.12'!E53+COUNTIF(E$9:E$38,$C51) -> 12 | F51: ='21.12'!F53+COUNTIF(F$9:F$38,$C51) -> 12 | G51: ='21.12'!G53+COUNTIF(G$9:G$38,$C51) -> 12 | H51: ='21.12'!#REF!+COUNTIF(H$9:H$38,$C51) -> #REF! | I51: ='21.12'!#REF!+COUNTIF(I$9:I$38,$C51) -> #REF!
B52: 3 | C52: ='01.09'!C55 -> *Пр. Элективные дисциплины по ФКиС: Подвижные игры* | D52: ='21.12'!D54+COUNTIF(D$9:D$38,$C52) -> 1 | E52: ='21.12'!E54+COUNTIF(E$9:E$38,$C52) -> 1 | F52: ='21.12'!F54+COUNTIF(F$9:F$38,$C52) -> 1 | G52: ='21.12'!G54+COUNTIF(G$9:G$38,$C52) -> 1 | H52: ='21.12'!#REF!+COUNTIF(H$9:H$38,$C52) -> #REF! | I52: ='21.12'!#REF!+COUNTIF(I$9:I$38,$C52) -> #REF!
B53: 3 | C53: ='01.09'!C56 -> *Л. Волейбол* | D53: ='21.12'!D55+COUNTIF(D$9:D$38,$C53) -> 8 | E53: ='21.12'!E55+COUNTIF(E$9:E$38,$C53) -> 8 | F53: ='21.12'!F55+COUNTIF(F$9:F$38,$C53) -> 9 | G53: ='21.12'!G55+COUNTIF(G$9:G$38,$C53) -> 9 | H53: ='21.12'!#REF!+COUNTIF(H$9:H$38,$C53) -> #REF! | I53: ='21.12'!#REF!+COUNTIF(I$9:I$38,$C53) -> #REF!
B54: 3 | C54: ='01.09'!C57 -> *Пр. Волейбол* | D54: ='21.12'!D56+COUNTIF(D$9:D$38,$C54) -> 1 | E54: ='21.12'!E56+COUNTIF(E$9:E$38,$C54) -> 1 | F54: ='21.12'!F56+COUNTIF(F$9:F$38,$C54) -> 1 | G54: ='21.12'!G56+COUNTIF(G$9:G$38,$C54) -> 1 | H54: ='21.12'!#REF!+COUNTIF(H$9:H$38,$C54) -> #REF! | I54: ='21.12'!#REF!+COUNTIF(I$9:I$38,$C54) -> #REF!
B55: 21 | C55: ='01.09'!C58 -> *Л. Лыжные гонки* | D55: ='21.12'!D57+COUNTIF(D$9:D$38,$C55) -> 16 | E55: ='21.12'!E57+COUNTIF(E$9:E$38,$C55) -> 16 | F55: ='21.12'!F57+COUNTIF(F$9:F$38,$C55) -> 16 | G55: ='21.12'!G57+COUNTIF(G$9:G$38,$C55) -> 16 | H55: ='21.12'!#REF!+COUNTIF(H$9:H$38,$C55) -> #REF! | I55: ='21.12'!#REF!+COUNTIF(I$9:I$38,$C55) -> #REF!
B56: 16 | C56: ='01.09'!C59 -> *Пр. Лыжные гонки* | D56: ='21.12'!D58+COUNTIF(D$9:D$38,$C56) -> 0 | E56: ='21.12'!E58+COUNTIF(E$9:E$38,$C56) -> 0 | F56: ='21.12'!F58+COUNTIF(F$9:F$38,$C56) -> 0 | G56: ='21.12'!G58+COUNTIF(G$9:G$38,$C56) -> 0 | H56: ='21.12'!#REF!+COUNTIF(H$9:H$38,$C56) -> #REF! | I56: ='21.12'!#REF!+COUNTIF(I$9:I$38,$C56) -> #REF!
B57: 1 | C57: ='01.09'!C60 -> *Л. Использование электронной* | D57: ='21.12'!D59+COUNTIF(D$9:D$38,$C57) -> 0 | E57: ='21.12'!E59+COUNTIF(E$9:E$38,$C57) -> 0 | F57: ='21.12'!F59+COUNTIF(F$9:F$38,$C57) -> 0 | G57: ='21.12'!G59+COUNTIF(G$9:G$38,$C57) -> 0 | H57: ='21.12'!#REF!+COUNTIF(H$9:H$38,$C57) -> #REF! | I57: ='21.12'!#REF!+COUNTIF(I$9:I$38,$C57) -> #REF!
B58: 9 | C58: ='01.09'!C61 -> *Пр. Использование электронной* | D58: ='21.12'!D60+COUNTIF(D$9:D$38,$C58) -> 1 | E58: ='21.12'!E60+COUNTIF(E$9:E$38,$C58) -> 0 | F58: ='21.12'!F60+COUNTIF(F$9:F$38,$C58) -> 0 | G58: ='21.12'!G60+COUNTIF(G$9:G$38,$C58) -> 0 | H58: ='21.12'!#REF!+COUNTIF(H$9:H$38,$C58) -> #REF! | I58: ='21.12'!#REF!+COUNTIF(I$9:I$38,$C58) -> #REF!
B59: 5 | C59: ='01.09'!C62 -> *Пр. Иностранный* | D59: ='21.12'!D61+COUNTIF(D$9:D$38,$C59) -> 2 | E59: ='21.12'!E61+COUNTIF(E$9:E$38,$C59) -> 2 | F59: ='21.12'!F61+COUNTIF(F$9:F$38,$C59) -> 2 | G59: ='21.12'!G61+COUNTIF(G$9:G$38,$C59) -> 2 | H59: ='21.12'!#REF!+COUNTIF(H$9:H$38,$C59) -> #REF! | I59: ='21.12'!#REF!+COUNTIF(I$9:I$38,$C59) -> #REF!
B60: 11 | C60: ='01.09'!#REF! -> #REF! | D60: ='21.12'!D62+COUNTIF(D$9:D$38,$C60) -> 8 | E60: ='21.12'!E62+COUNTIF(E$9:E$38,$C60) -> 8 | F60: ='21.12'!F62+COUNTIF(F$9:F$38,$C60) -> 8 | G60: ='21.12'!G62+COUNTIF(G$9:G$38,$C60) -> 8 | H60: ='21.12'!#REF!+COUNTIF(H$9:H$38,$C60) -> #REF! | I60: ='21.12'!#REF!+COUNTIF(I$9:I$38,$C60) -> #REF!
C61: ='01.09'!C63 -> 0 | D61: ='21.12'!D63+COUNTIF(D$9:D$38,$C61) -> 0 | E61: ='21.12'!E63+COUNTIF(E$9:E$38,$C61) -> 0 | F61: ='21.12'!F63+COUNTIF(F$9:F$38,$C61) -> 0 | G61: ='21.12'!G63+COUNTIF(G$9:G$38,$C61) -> 0 | H61: ='21.12'!#REF!+COUNTIF(H$9:H$38,$C61) -> #REF! | I61: ='21.12'!#REF!+COUNTIF(I$9:I$38,$C61) -> #REF!
C62: ='01.09'!C64 -> 0 | D62: ='21.12'!D64+COUNTIF(D$9:D$38,$C62) -> 0 | E62: ='21.12'!E64+COUNTIF(E$9:E$38,$C62) -> 0 | F62: ='21.12'!F64+COUNTIF(F$9:F$38,$C62) -> 0 | G62: ='21.12'!G64+COUNTIF(G$9:G$38,$C62) -> 0 | H62: ='21.12'!#REF!+COUNTIF(H$9:H$38,$C62) -> #REF! | I62: ='21.12'!#REF!+COUNTIF(I$9:I$38,$C62) -> #REF!
C63: ='01.09'!C65 -> 0 | D63: ='21.12'!D65+COUNTIF(D$9:D$38,$C63) -> 0 | E63: ='21.12'!E65+COUNTIF(E$9:E$38,$C63) -> 0 | F63: ='21.12'!F65+COUNTIF(F$9:F$38,$C63) -> 0 | G63: ='21.12'!G65+COUNTIF(G$9:G$38,$C63) -> 0 | H63: ='21.12'!#REF!+COUNTIF(H$9:H$38,$C63) -> #REF! | I63: ='21.12'!#REF!+COUNTIF(I$9:I$38,$C63) -> #REF!
C64: ='01.09'!C66 -> 0 | D64: ='21.12'!D66+COUNTIF(D$9:D$38,$C64) -> 0 | E64: ='21.12'!E66+COUNTIF(E$9:E$38,$C64) -> 0 | F64: ='21.12'!F66+COUNTIF(F$9:F$38,$C64) -> 0 | G64: ='21.12'!G66+COUNTIF(G$9:G$38,$C64) -> 0 | H64: ='21.12'!#REF!+COUNTIF(H$9:H$38,$C64) -> #REF! | I64: ='21.12'!#REF!+COUNTIF(I$9:I$38,$C64) -> #REF!
C65: ='01.09'!C67 -> 0 | D65: ='21.12'!D67+COUNTIF(D$9:D$38,$C65) -> 0 | E65: ='21.12'!E67+COUNTIF(E$9:E$38,$C65) -> 0 | F65: ='21.12'!F67+COUNTIF(F$9:F$38,$C65) -> 0 | G65: ='21.12'!G67+COUNTIF(G$9:G$38,$C65) -> 0 | H65: ='21.12'!#REF!+COUNTIF(H$9:H$38,$C65) -> #REF! | I65: ='21.12'!#REF!+COUNTIF(I$9:I$38,$C65) -> #REF!

Sheet 13.01
F1: Расписание учебных занятий на первое полугодие 2019-2020 учебного года
F2: ИНСТИТУТ СПОРТА И ФИЗИЧЕСКОГО ВОСПИТАНИЯ, направление подготовки (образовательная программа)
F3: 49.03.01 Физичекая культура, Профиль (направленность) "Спортивная подготовка в избранном виде спорта", уровень образовния бакалавриат
F4: Курс 1, семестр 1, очная форма обучения
F5: группы С3-07-19, С1-08-19, С1-09-19, С3-09-19, С2-10-19,С2-11-19,С2-12-19, С1-07-19, С1-11-19
A7: День недели | B7: Дата | C7: Время | D7: 7 группа | E7: 8 группа | F7: 9 группа | G7: 10 группа | H7: 11 группа | I7: 12 группа
D8: фигурное катание на коньках, керлинг, теннис | E8: футбол, мини - футбол | F8: футбол, конькобежн. спорт | G8: тяж.атлетика, фехтование, современное пятиборье | H8: велоспорт, горные виды спорта, автомотоспорт, компьютерный спорт | I8: бокс, кикбоксинг, сл.-прикл. единоборства, стрелковые в.с.
A9: Понедельник | B9: 43843 | C9: 8.50-10.20
C10: 10.40-12.10
C11: 13.00-14.30
C12: 14.50-16.20
C13: 16.40-18.10
A14: Вторник | B14: =B9+1 -> 43844 | C14: 8.50-10.20
C15: 10.40-12.10
C16: 13.00-14.30
C17: 14.50-16.20
C18: 16.40-18.10
A19: Среда | B19: =B14+1 -> 43845 | C19: 8.50-10.20
C20: 10.40-12.10
C21: 13.00-14.30
C22: 14.50-16.20
C23: 16.40-18.10
A24: Четверг | B24: =B19+1 -> 43846 | C24: 8.50-10.20
C25: 10.40-12.10
C26: 13.00-14.30
C27: 14.50-16.20
C28: 16.40-18.10
A29: Пятница | B29: =B24+1 -> 43847 | C29: 8.50-10.20
C30: 10.40-12.10
C31: 13.00-14.30
C32: 14.50-16.20
C33: 16.40-18.10
A34: Суббота | B34: =B29+1 -> 43848 | C34: 8.50-10.20
C35: 10.40-12.10
C36: 13.00-14.30
C37: 14.50-16.20
C38: 16.40-18.10
B40: 2 | C40: ='01.09'!C42 -> *Л. Речевое общение в профессиональной деятельности* | D40: ='21.12'!D42+COUNTIF(D$9:D$38,$C40) -> 5 | E40: ='21.12'!E42+COUNTIF(E$9:E$38,$C40) -> 5 | F40: ='21.12'!F42+COUNTIF(F$9:F$38,$C40) -> 5 | G40: ='21.12'!G42+COUNTIF(G$9:G$38,$C40) -> 5 | H40: ='21.12'!#REF!+COUNTIF(H$9:H$38,$C40) -> #REF! | I40: ='21.12'!#REF!+COUNTIF(I$9:I$38,$C40) -> #REF!
B41: 14 | C41: ='01.09'!C43 -> *Пр. Речевое общение в профессиональной деятельности* | D41: ='21.12'!D43+COUNTIF(D$9:D$38,$C41) -> 4 | E41: ='21.12'!E43+COUNTIF(E$9:E$38,$C41) -> 4 | F41: ='21.12'!F43+COUNTIF(F$9:F$38,$C41) -> 4 | G41: ='21.12'!G43+COUNTIF(G$9:G$38,$C41) -> 4 | H41: ='21.12'!#REF!+COUNTIF(H$9:H$38,$C41) -> #REF! | I41: ='21.12'!#REF!+COUNTIF(I$9:I$38,$C41) -> #REF!
B42: 5 | C42: ='01.09'!C44 -> *Л. Физическая культура и спорт* | D42: ='21.12'!D44+COUNTIF(D$9:D$38,$C42) -> 5 | E42: ='21.12'!E44+COUNTIF(E$9:E$38,$C42) -> 5 | F42: ='21.12'!F44+COUNTIF(F$9:F$38,$C42) -> 5 | G42: ='21.12'!G44+COUNTIF(G$9:G$38,$C42) -> 5 | H42: ='21.12'!#REF!+COUNTIF(H$9:H$38,$C42) -> #REF! | I42: ='21.12'!#REF!+COUNTIF(I$9:I$38,$C42) -> #REF!
