Workbook
Name SIGN: #REF!
Name SIGN: #REF!
Name SIGN: #REF!
Name SIGN: #REF!
Name SIGN: #REF!
Name SIGN: #REF!
Name SIGN_D: #REF!
Name SIGN_D: #REF!
Name SIGN_D: #REF!
Name SIGN_D: #REF!
Name SIGN_D: #REF!
Name SIGN_D: #REF!
Name Sign1: #REF!
Name Sign1: #REF!
Name Sign1: #REF!
Name Sign1: #REF!
Name Sign1: #REF!
Name Sign1: #REF!
Name и: #REF!
Name и: #REF!
Name и: #REF!
Name и: #REF!
Name и: #REF!
Name и: #REF!
Name оо: #REF!
Name оо: #REF!
Name оо: #REF!
Name оо: #REF!
Name оо: #REF!
Name Р1: #REF!
Name Р1: #REF!
Name Р1: #REF!
Name Р1: #REF!
Name Р1: #REF!
Name Р1: #REF!
Name ыва: #REF!
Name ыва: #REF!
Name ыва: #REF!
Name ыва: #REF!
Name ыва: #REF!
Name ыва: #REF!

Sheet титульный лист

Sheet Титул
J1: УТВЕРЖДАЮ
J2: Начальник учебно-методического управления
J3: Р.С. Халимулина
J4: _________________________________
J5: «____»____________________20___г.
A7: Расписание учебных занятий на первое полугодие 2026-2027 учебного года
A8: ТРЕНЕРСКИЙ ФАКУЛЬТЕТ, направление подготовки (образовательная программа)
A9: 49.03.04 Спорт, Профиль (направленность): Спортивная подготовка по виду спорта «баскетбол». Педагогическая деятельность в области физической культуры и спорта; Спортивная подготовка по виду спорта «волейбол». Педагогическая деятельность в области физической культуры и спорта; Спортивная подготовка по видам спорта «гандбол», «бейсбол», «регби». Педагогическая деятельность в области физической культуры и спорта; Спортивная подготовка в интеллектуальных и технологичных видах спорта. Педагогическая деятельность в области физической культуры и спорта; Спортивная подготовка по виду спорта «теннис». Педагогическая деятельность в области физической культуры и спорта; Спортивная подготовка по виду спорта «хоккей». Педагогическая деятельность в области физической культуры и спорта; Спортивная подготовка по виду спорта «футбол». Педагогическая деятельность в области физической культуры и спорта; Спортивная подготовка по видам спорта "настольный теннис", "бадминтон", "бильярд", "сквош". Педагогическая деятельность в области физической культуры и спорта; уровень образования бакалавриат
B10: Курс 1, семестр 1, очная форма обучения
B11: группы С1-01-26, С1-02-26, С1-03-26, С1-04А-26, С1-04Б-26, С1-05А-26, С1-05Б-26, С1-06-26
A12: № | B12: Наименование дисциплины (модуля), практика, научные исследования | C12: Кол-во часов (Л/П) | D12: Форма отчетности | E12: Учебные группы в соответствии с избранным видом спорта
E14: Баскетбол | F14: Волейбол, гандбол, бейсбол, регби | G14: Интеллектуальные и технологичные виды спорта (шахматы, гонки дронов, компьютерный спорт,страйкбол) | H14: Теннис, настольный теннис, бадминтон, бильярд, сквош | I14: Футбол | J14: Хоккей
E15: 1 группа | F15: 2 группа | G15: 3 группа | H15: 4 группа | I15: 5 группа | J15: 6 группа
E16: Ф.И.О. преподавателя
A17: 1 | B17: Иностранный язык | C17: 0/32 | D17: Б/о | E17: Комова Е.В. | F17: Комова Е.В. | G17: Комова Е.В. | H17: Комова Е.В., Удалова М.Ю. | I17: Комова Е.В., Варичев А.М. 02.10, с 05.10 Бабель Т.А. | J17: Комова Е.В.
E18: Переверзева Н.А. (русский язык как иностранный для иностранных граждан)
A19: 2 | B19: Речевое общение в профессиональной деятельности | C19: 10/22 | D19: Зачет | E19: Л - Волкова М.С.
E20: Волкова М.С. | F20: Волкова М.С. | G20: Волкова М.С. | H20: Волкова М.С. | I20: Волкова М.С. | J20: Волкова М.С.
A21: 3 | B21: Анатомия человека | C21: 8/24 | D21: Зачет | E21: Л - Силаева Л.В.
E22: Гричанова Т.Г. | F22: Сироткина Ю.А. | G22: Мештель А.В. | H22: Силаева Л.В., Мештель А.В. | I22: Силаева Л.В., Мештель А.В. | J22: Силаева Л.В.
A23: 4 | B23: Физическая культура и спорт | C23: 10/10 | D23: Зачет | E23: Л - Ким Т.К.
E24: Кривенков А.А. | F24: Кривенков А.А. | G24: Кривенков А.А. | H24: Кривенков А.А. | I24: Кривенков А.А. | J24: Кривенков А.А.
A25: 5 | B25: Информационные технологии в сфере физической культуры и спорта | C25: 4/28 | D25: Диф.зачет | E25: Л - Яшкина Е.Н.
E26: Яшкина Е.Н. | F26: Яшкина Е.Н. | G26: Яшкина Е.Н. | H26: Яшкина Е.Н., Попов Г.И. | I26: Яшкина Е.Н., Попов Г.И. | J26: Яшкина Е.Н.
A27: 6 | B27: Волейбол | C27: 2/46 | D27: Зачет | E27: Л - Ананьин А.С.
E28: Ефимов А.С. | F28: Ананьин А.С. | G28: Суханова А.В. | H28: Суханова А.В., Пшеничная А.М. | I28: Ефимов А.С., Пшеничная А.М. | J28: Ефимов А.С.
A29: 7 | B29: Гимнастика | C29: 6/40 | D29: Зачет | E29: Л - Михалина Г.М., Ростовцева М.Ю., Парахин В.А.
A30: 7 | B30: Гимнастика | E30: Андреасян К.Б. | F30: Кувшинникова С.А. | G30: Андреасян К.Б. | H30: Андреасян К.Б., Козлов В.В. До 09.10, Михалина Г.М. с 12.10 | I30: Кувшинникова С.А., Дубовицкая И.А. | J30: Кувшинникова С.А.
A31: 8 | B31: Лыжные гонки | C31: 2/62 | D31: Зачет | E31: Л - Дубровинский С.С.
E32: Дзунович А.С. | F32: Дзунович А.С. | G32: Сенатская В.Г. | H32: Хитрова А.А., Дзунович А.С. | I32: Щукин А.В., Дубровинский С.С. | J32: Хитрова А.А.
A33: 9 | B33: Элективные дисциплины по ФКиС: Силовая подготовка | C33: 2/18 | D33: Зачет | E33: Л - Атлас А.А.
E34: Смирнов В.Е. | F34: Громов В.А. | G34: Атлас А.А. | H34: Громов В.А. | I34: Атлас А.А. | J34: Атлас А.А.
A35: 10 | B35: Использование электронной информационно-образовательной среды РУС "ГЦОЛИФК" | C35: 2/4 | D35: Зачет | E35: Л - Шевцов А.В.
E36: Шевцов А.В., Кузнецова Н.А. | F36: Шевцов А.В., Кузнецова Н.А. | G36: Шевцов А.В., Кузнецова Н.А. | H36: Шевцов А.В., Кузнецова Н.А. | I36: Шевцов А.В., Кузнецова Н.А. | J36: Шевцов А.В., Кузнецова Н.А.
A37: 11 | B37: Теория и методика избранного вида спорта | C37: 10/90 | D37: Зачет | E37: Баскетбол | F37: Волейбол | G37: Интеллектуальные и технологичные виды спорта | H37: Теннис | I37: Футбол | J37: Хоккей
E38: Л - Лапшин Н.А. | F38: Л - Григорьев В.А. | G38: Л - Новоселов М.А., Чигров А.С., Габбазова А.Я., Антонова Н.П., Акимушкин Р.В. | H38: Л - Степанова М.Е. | I38: Л - Шагин Н.И., Диванкулиев Д.Г. | J38: Л - Урюпин Н.Н.
E39: П - Лапшин Н.А., Сорокин С.А., Чернов С.В. до 09.10, с 12.10 Каменев А.Л. | F39: П - Григорьев В.А., Пшеничная А.М. | G39: П - Новоселов М.А., Чигров А.С., Габбазова А.Я., Антонова Н.П., Акимушкин Р.В. | H39: П - Мельничук К.Н., Пикалова А.В. | I39: П - Шагин Н.И., Орлов А.В., Несмелов А.А., Диванкулиев Д.Г. | J39: П - Костичкин П.В., Урюпин Н.Н.
F40: Гандбол, бейсбол, регби | H40: Настольный теннис, бадминтон, бильярд, сквош
F41: Л - Фурукина М.С. | H41: Л - Ракитина М.А.
F42: П - Фурукина М.С. | H42: П - Ракитина М.А., Шабанова А.В.
A43: 12 | B43: Профессионально-спортивное совершенствование | C43: 0/36 | D43: Б/о | E43: Баскетбол | F43: Волейбол | G43: Интеллектуальные и технологичные виды спорта | H43: Теннис | I43: Футбол | J43: Хоккей
E44: П - Лаптев С.О., Лапшин Н.А., Чернов С.В. | F44: П - Пшеничная А.М. | G44: П - Новоселов М.А., Чигров А.С., Габбазова А.Я., Антонова Н.П., Акимушкин Р.В. | H44: П - Мельничук К.Н., Пикалова А.В. | I44: П - Шагин Н.И., Орлов А.В., Несмелов А.А., Диванкулиев Д.Г. | J44: П - Костичкин П.В., Урюпин Н.Н.
F45: Гандбол, бейсбол, регби | H45: Настольный теннис, бадминтон, бильярд, сквош
F46: П - Чигарев Н.Н. | H46: П - Шабанова А.В. (18ч), Карпов Г.А. (18ч)
B47: Условные обозначения:
B48: П - занятия семинарского типа | D48: Л - занятия лекционного типа | F48: Б/о - без отчета | H48: Диф.зачет - дифференцированный зачет
B49: Элективные дисциплины по ФКиС- Элективные дисциплины по физической культуре и спорту
B50: Время начала и окончания 1 пара 08:50-10:20; 2 пара 10:40-12:10; 3 пара 13:00-14:30; 4 пара 14:50-16:20 ; 5 пара 16:40-18:10
A51: Составитель расписания ____________________________________ Е.Ю. Дубинкина

Sheet приложение1
A1: Приложение1 к расписанию учебных занятий на первое полугодие 2026-2027 учебного года
A2: ТРЕНЕРСКИЙ ФАКУЛЬТЕТ, направление подготовки (образовательная программа)
A3: 49.03.04 Спорт, Профиль (направленность): Спортивная подготовка по виду спорта «баскетбол». Педагогическая деятельность в области физической культуры и спорта; Спортивная подготовка по виду спорта «волейбол». Педагогическая деятельность в области физической культуры и спорта; Спортивная подготовка по видам спорта «гандбол», «бейсбол», «регби». Педагогическая деятельность в области физической культуры и спорта; Спортивная подготовка в интеллектуальных и технологичных видах спорта. Педагогическая деятельность в области физической культуры и спорта; Спортивная подготовка по виду спорта «теннис». Педагогическая деятельность в области физической культуры и спорта; Спортивная подготовка по виду спорта «хоккей». Педагогическая деятельность в области физической культуры и спорта; Спортивная подготовка по виду спорта «футбол». Педагогическая деятельность в области физической культуры и спорта; Спортивная подготовка по видам спорта "настольный теннис", "бадминтон", "бильярд", "сквош". Педагогическая деятельность в области физической культуры и спорта; уровень образования бакалавриат
A4: Курс 1, семестр 1, очная форма обучения
A5: группы С1-01-26, С1-02-26, С1-03-26, С1-04А-26, С1-04Б-26, С1-05А-26, С1-05Б-26, С1-06-26
A6: № | B6: Наименование дисциплины (модуля): | C6: № аудитории
A7: 1 | B7: Теория и методика баскетбола, профессионально-спортивное совершенствование (баскетбол) | C7: 224СК, 238СК, 9-10СК
A8: 2 | B8: Теория и методика настольного тенниса, бадминтона, бильярда, сквоша, профессионально-спортивное совершенствование (настольный теннис, бадминтон, бильярд, сквош) | C8: вторник: 08.50-10.20 -15 МБК, 223 СК, модуль Д, 10.40-12.10 - 15 МБК, 223 СК; четверг: 15 МБК, 223 СК
A9: 3 | B9: Теория и методика волейбола, профессионально-спортивное совершенствование (волейбол) | C9: 230СК, 54СК
A10: 4 | B10: Теория и методика гандбол, бейсбол, регби, профессионально-спортивное совершенствование (гандбол, бейсбол, регби) | C10: универсальный зал УСЗК, каб. 12 УСЗК
A11: 5 | B11: Теория и методика интеллектуальных и технологичных видов спорта, профессионально-спортивное совершенствование (шахматы, гонки дронов, компьютерный спорт, страйкбол) | C11: 228 гл.к., л/а манеж, 217мбк, 415 ауд.к., 416 ауд.к. (страйкбол: четверг - 213СК)
A12: 6 | B12: Теория и методика тенниса, профессионально-спортивное совершенствование (теннис) | C12: Теннисный центр 70ауд., 1 и 2 корт
A13: 7 | B13: Теория и методика футбола, профессионально-спортивное совершенствование (футбол) | C13: 252СК, 61СК, 62СК, 65СК, открытый стадион
A14: 8 | B14: Теория и методика хоккея, профессионально-спортивное совершенствование (хоккей) | C14: ауд.9 УСЗК, ауд.16-17 УСЗК, Ледовая арена УСЗК
A15: 9 | B15: Наименование дисциплины (модуля): Лыжные гонки | C15: 250 мбк, 282 мбк, л/а манеж, АНОСРФиС "АРТА-СПОРТ": г. Москва, Измайловский пр-д, д.15
A16: Условные обозначения:
A17: УСЗК - универсальный спортивно-зрелищный комплекс
A18: МБК - медико-биологический корпус
A19: СК - спортивный корпус

Sheet расписание ПСС
B1: Расписание учебных занятий на первое полугодие 2026-2027 учебного года
B2: ТРЕНЕРСКИЙ ФАКУЛЬТЕТ, направление подготовки (образовательная программа)
A3: 49.03.04 Спорт, Профиль (направленность): Спортивная подготовка по виду спорта «баскетбол». Педагогическая деятельность в области физической культуры и спорта; Спортивная подготовка по виду спорта «волейбол». Педагогическая деятельность в области физической культуры и спорта; Спортивная подготовка по видам спорта «гандбол», «бейсбол», «регби». Педагогическая деятельность в области физической культуры и спорта; Спортивная подготовка в интеллектуальных и технологичных видах спорта. Педагогическая деятельность в области физической культуры и спорта; Спортивная подготовка по виду спорта «теннис». Педагогическая деятельность в области физической культуры и спорта; Спортивная подготовка по виду спорта «хоккей». Педагогическая деятельность в области физической культуры и спорта; Спортивная подготовка по виду спорта «футбол». Педагогическая деятельность в области физической культуры и спорта; Спортивная подготовка по видам спорта "настольный теннис", "бадминтон", "бильярд", "сквош". Педагогическая деятельность в области физической культуры и спорта; уровень образования бакалавриат
A4: Курс 1, семестр 1, очная форма обучения
A5: группы С1-01-26, С1-02-26, С1-03-26, С1-04А-26, С1-04Б-26, С1-05А-26, С1-05Б-26, С1-06-26
A6: с 01.09 по 26.12
A7: День недели | B7: Время | C7: 1 группа | D7: 2 группа | E7: 3 группа | F7: 4 группа | G7: 5 группа | H7: 6 группа
C8: Баскетбол | D8: Волейбол, гандбол, бейсбол, регби | E8: Интеллектуальные и технологичные виды спорта (шахматы, гонки дронов, компьютерный спорт, страйкбол) | F8: Теннис, настольный теннис, бадминтон, бильярд, сквош | G8: Футбол | H8: Хоккей
A9: Понедельник | B9: 8.50-10.20 | F9: ПСС Теннис 1 и 2 корт с 21.09
B10: 10.40-12.10 | F10: ПСС Теннис 1 и 2 корт 07.09-18.09
B11: 13.00-14.30
B12: 14.50-16.20
B13: 16.40-18.10 | D13: ПСС Волейбол 16.30-18.00 230СК, 54СК
B14: 18.30-20.00
A15: Вторник | B15: 8.50-10.20
B16: 10.40-12.10
B17: 13.00-14.30
B18: 14.50-16.20
B19: 16.40-18.10 | C19: ПСС баскетбол 224СК | D19: ПСС гандбол, бейсбол, регби - Арена УСЗК / каб.12 УСЗК с 07.09
B20: 18.30-20.00
B21: 20.20-21.50
A22: Среда | B22: 8.50-10.20
B23: 10.40-12.10
B24: 13.00-14.30
B25: 14.50-16.20
B26: 16.40-18.10 | H26: ПСС хоккей Ледовая площадка УСЗК с 09.09
B27: 20.20-21.50
A28: Четверг | B28: 8.50-10.20
B29: 10.40-12.10
B30: 13.00-14.30
B31: 14.50-16.20
B32: 16.40-18.10 | E32: ПСС шахматы 415 ауд.к., 416 ауд.к.; ПСС страйкбол, компьютерный спорт 213СК
B33: 18.30-20.00
B34: 20.20-21.50 | E34: ПСС гонки дронов 20.20-21.00- 228 гл.к., 21.00-21.50 - л/а манеж
A35: Пятница | B35: 8.50-10.20
B36: 10.40-12.10
B37: 13.00-14.30
B38: 14.50-16.20
B39: 16.40-18.10
A40: Суббота | B40: 8.50-10.20
B41: 10.40-12.10
B42: 13.00-14.30
B43: 14.50-16.20
B44: 16.40-18.10
B45: ='01.09'!C39 -> *Л. Речевое общение в профессиональной деятельности* | C45: ='07.09'!D40+COUNTIF(C$9:C$44,$B45) -> 2 | D45: ='07.09'!E40+COUNTIF(D$9:D$44,$B45) -> 2 | F45: ='07.09'!G40+COUNTIF(F$9:F$44,$B45) -> 2 | G45: ='07.09'!H40+COUNTIF(G$9:G$44,$B45) -> 2 | H45: ='07.09'!I40+COUNTIF(H$9:H$44,$B45) -> 2
B46: ='01.09'!C40 -> *Пр. Речевое общение в профессиональной деятельности* | C46: ='07.09'!D41+COUNTIF(C$9:C$44,$B46) -> 0 | D46: ='07.09'!E41+COUNTIF(D$9:D$44,$B46) -> 0 | F46: ='07.09'!G41+COUNTIF(F$9:F$44,$B46) -> 0 | G46: ='07.09'!H41+COUNTIF(G$9:G$44,$B46) -> 0 | H46: ='07.09'!I41+COUNTIF(H$9:H$44,$B46) -> 0
B47: ='01.09'!C41 -> *Л. Элективные дисциплины по ФКиС: Силовая подготовка* | C47: ='07.09'!D42+COUNTIF(C$9:C$44,$B47) -> 1 | D47: ='07.09'!E42+COUNTIF(D$9:D$44,$B47) -> 1 | F47: ='07.09'!G42+COUNTIF(F$9:F$44,$B47) -> 1 | G47: ='07.09'!H42+COUNTIF(G$9:G$44,$B47) -> 1 | H47: ='07.09'!I42+COUNTIF(H$9:H$44,$B47) -> 1
B48: ='01.09'!C42 -> *Пр. Элективные дисциплины по ФКиС: Силовая подготовка* | C48: ='07.09'!D43+COUNTIF(C$9:C$44,$B48) -> 1 | D48: ='07.09'!E43+COUNTIF(D$9:D$44,$B48) -> 1 | F48: ='07.09'!G43+COUNTIF(F$9:F$44,$B48) -> 1 | G48: ='07.09'!H43+COUNTIF(G$9:G$44,$B48) -> 1 | H48: ='07.09'!I43+COUNTIF(H$9:H$44,$B48) -> 1
B49: ='01.09'!C43 -> *Л. Анатомия* | C49: ='07.09'!D44+COUNTIF(C$9:C$44,$B49) -> 1 | D49: ='07.09'!E44+COUNTIF(D$9:D$44,$B49) -> 1 | F49: ='07.09'!G44+COUNTIF(F$9:F$44,$B49) -> 1 | G49: ='07.09'!H44+COUNTIF(G$9:G$44,$B49) -> 1 | H49: ='07.09'!I44+COUNTIF(H$9:H$44,$B49) -> 1
B50: ='01.09'!C44 -> *Пр. Анатомия* | C50: ='07.09'!D45+COUNTIF(C$9:C$44,$B50) -> 0 | D50: ='07.09'!E45+COUNTIF(D$9:D$44,$B50) -> 0 | F50: ='07.09'!G45+COUNTIF(F$9:F$44,$B50) -> 0 | G50: ='07.09'!H45+COUNTIF(G$9:G$44,$B50) -> 0 | H50: ='07.09'!I45+COUNTIF(H$9:H$44,$B50) -> 0
B51: ='01.09'!C45 -> *Л. Теория и методика* | C51: ='07.09'!D46+COUNTIF(C$9:C$44,$B51) -> 1 | D51: ='07.09'!E46+COUNTIF(D$9:D$44,$B51) -> 1 | F51: ='07.09'!G46+COUNTIF(F$9:F$44,$B51) -> 1 | G51: ='07.09'!H46+COUNTIF(G$9:G$44,$B51) -> 1 | H51: ='07.09'!I46+COUNTIF(H$9:H$44,$B51) -> 1
B52: ='01.09'!C46 -> *Пр. Теория и методика* | C52: ='07.09'!D47+COUNTIF(C$9:C$44,$B52) -> 4 | D52: ='07.09'!E47+COUNTIF(D$9:D$44,$B52) -> 5 | F52: ='07.09'!G47+COUNTIF(F$9:F$44,$B52) -> 5 | G52: ='07.09'!H47+COUNTIF(G$9:G$44,$B52) -> 5 | H52: ='07.09'!I47+COUNTIF(H$9:H$44,$B52) -> 4
B53: ='01.09'!C47 -> *Л. Физическая культура и спорт* | C53: ='07.09'!D48+COUNTIF(C$9:C$44,$B53) -> 2 | D53: ='07.09'!E48+COUNTIF(D$9:D$44,$B53) -> 2 | F53: ='07.09'!G48+COUNTIF(F$9:F$44,$B53) -> 2 | G53: ='07.09'!H48+COUNTIF(G$9:G$44,$B53) -> 2 | H53: ='07.09'!I48+COUNTIF(H$9:H$44,$B53) -> 2
B54: ='01.09'!C48 -> *Пр. Физическая культура и спорт* | C54: ='07.09'!D49+COUNTIF(C$9:C$44,$B54) -> 0 | D54: ='07.09'!E49+COUNTIF(D$9:D$44,$B54) -> 0 | F54: ='07.09'!G49+COUNTIF(F$9:F$44,$B54) -> 0 | G54: ='07.09'!H49+COUNTIF(G$9:G$44,$B54) -> 0 | H54: ='07.09'!I49+COUNTIF(H$9:H$44,$B54) -> 0
B55: ='01.09'!C49 -> *Л. Информационные технологии* | C55: ='07.09'!D50+COUNTIF(C$9:C$44,$B55) -> 2 | D55: ='07.09'!E50+COUNTIF(D$9:D$44,$B55) -> 2 | F55: ='07.09'!G50+COUNTIF(F$9:F$44,$B55) -> 2 | G55: ='07.09'!H50+COUNTIF(G$9:G$44,$B55) -> 2 | H55: ='07.09'!I50+COUNTIF(H$9:H$44,$B55) -> 2
B56: ='01.09'!C50 -> *Пр. Информационные технологии* | C56: ='07.09'!D51+COUNTIF(C$9:C$44,$B56) -> 1 | D56: ='07.09'!E51+COUNTIF(D$9:D$44,$B56) -> 1 | F56: ='07.09'!G51+COUNTIF(F$9:F$44,$B56) -> 1 | G56: ='07.09'!H51+COUNTIF(G$9:G$44,$B56) -> 1 | H56: ='07.09'!I51+COUNTIF(H$9:H$44,$B56) -> 1
... B66: ='01.09'!C60 -> *С1-04А-26* | C66: ='07.09'!D61+COUNTIF(C$9:C$44,$B66) -> 0 | D66: ='07.09'!E61+COUNTIF(D$9:D$44,$B66) -> 0 | F66: ='07.09'!G61+COUNTIF(F$9:F$44,$B66) -> 1 | G66: ='07.09'!H61+COUNTIF(G$9:G$44,$B66) -> 0 | H66: ='07.09'!I61+COUNTIF(H$9:H$44,$B66) -> 0
C67: ПСС - Профессионально-спортивное совершенствование

Sheet Иностр язык (русский язык)
C1: Расписание учебных занятий на первое полугодие 2026-2027 учебного года
C2: ТРЕНЕРСКИЙ ФАКУЛЬТЕТ, направление подготовки (образовательная программа)
B3: 49.03.04 Спорт, Профиль (направленность): Спортивная подготовка по виду спорта «баскетбол». Педагогическая деятельность в области физической культуры и спорта; Спортивная подготовка по виду спорта «волейбол». Педагогическая деятельность в области физической культуры и спорта; Спортивная подготовка по видам спорта «гандбол», «бейсбол», «регби». Педагогическая деятельность в области физической культуры и спорта; Спортивная подготовка в интеллектуальных и технологичных видах спорта. Педагогическая деятельность в области физической культуры и спорта; Спортивная подготовка по виду спорта «теннис». Педагогическая деятельность в области физической культуры и спорта; Спортивная подготовка по виду спорта «хоккей». Педагогическая деятельность в области физической культуры и спорта; Спортивная подготовка по виду спорта «футбол». Педагогическая деятельность в области физической культуры и спорта; Спортивная подготовка по видам спорта "настольный теннис", "бадминтон", "бильярд", "сквош". Педагогическая деятельность в области физической культуры и спорта; уровень образования бакалавриат
B4: Курс 1, семестр 1, очная форма обучения
B5: группы С1-01-26, С1-02-26, С1-03-26, С1-04А-26, С1-04Б-26, С1-05А-26, С1-05Б-26, С1-06-26
A6: День недели | B6: Дата | C6: Время | D6: 1 группа | E6: 2 группа | F6: 3 группа | G6: 4 группа | H6: 5 группа | I6: 6 группа
D7: Баскетбол | E7: Волейбол, гандбол, бейсбол, регби | F7: Интеллектуальные и технологичные виды спорта (шахматы, гонки дронов, компьютерный спорт, страйкбол) | G7: Теннис, настольный теннис, бадминтон, бильярд, сквош | H7: Футбол | I7: Хоккей
A8: Понедельник | C8: 8.50-10.20
C9: 10.40-12.10
C10: 13.00-14.30
C11: 14.50-16.20
C12: 16.40-18.10
A13: Вторник | C13: 8.50-10.20
C14: 10.40-12.10
C15: 13.00-14.30
C16: 14.50-16.20
C17: 16.40-18.10
A18: Среда | C18: 8.50-10.20
C19: 10.40-12.10
C20: 13.00-14.30
C21: 14.50-16.20
C22: 16.40-18.10
A23: Четверг | C23: 8.50-10.20 | D23: Пр. Иностранный язык Переверзева Н.А. 508 гл.к. - (русский язык как иностранный для иностранных граждан: С1-03-26, С1-02-26, С1-04Б-26) - 10.09, 17.09, 24.09, 01.10, 08.10, 15.10, 22.10, 29.10, 05.11, 12.11, 19.11, 26.11, 03.12, 10.12, 17.12, 24.12
C24: 10.40-12.10 | D24: Пр. Иностранный язык Переверзева Н.А. 511 гл.к. - (русский язык как иностранный для иностранных граждан: С1-01-26, С1-04А-26, С1-05А-26, С1-05Б-26) - 10.09, 17.09, 24.09, 01.10, 08.10, 15.10, 22.10, 29.10, 05.11, 12.11, 19.11, 26.11, 03.12, 10.12, 17.12, 24.12
C25: 13.00-14.30
C26: 14.50-16.20
C27: 16.40-18.10
A28: Пятница | C28: 8.50-10.20
C29: 10.40-12.10
C30: 13.00-14.30
C31: 14.50-16.20
C32: 16.40-18.10
A33: Суббота | C33: 8.50-10.20
C34: 10.40-12.10
C35: 13.00-14.30
C36: 14.50-16.20
C37: 16.40-18.10

Sheet 01.09
B1: Расписание учебных занятий на первое полугодие 2026-2027 учебного года
B2: ТРЕНЕРСКИЙ ФАКУЛЬТЕТ, направление подготовки (образовательная программа)
A3: 49.03.04 Спорт, Профиль (направленность): Спортивная подготовка по виду спорта «баскетбол». Педагогическая деятельность в области физической культуры и спорта; Спортивная подготовка по виду спорта «волейбол». Педагогическая деятельность в области физической культуры и спорта; Спортивная подготовка по видам спорта «гандбол», «бейсбол», «регби». Педагогическая деятельность в области физической культуры и спорта; Спортивная подготовка в интеллектуальных и технологичных видах спорта. Педагогическая деятельность в области физической культуры и спорта; Спортивная подготовка по виду спорта «теннис». Педагогическая деятельность в области физической культуры и спорта; Спортивная подготовка по виду спорта «хоккей». Педагогическая деятельность в области физической культуры и спорта; Спортивная подготовка по виду спорта «футбол». Педагогическая деятельность в области физической культуры и спорта; Спортивная подготовка по видам спорта "настольный теннис", "бадминтон", "бильярд", "сквош". Педагогическая деятельность в области физической культуры и спорта; уровень образования бакалавриат
A4: Курс 1, семестр 1, очная форма обучения
A5: группы С1-01-26, С1-02-26, С1-03-26, С1-04А-26, С1-04Б-26, С1-05А-26, С1-05Б-26, С1-06-26
A6: День недели | B6: Дата | C6: Время | D6: 1 группа | E6: 2 группа | F6: 3 группа | G6: 4 группа | H6: 5 группа | I6: 6 группа
D7: Баскетбол | E7: Волейбол, гандбол, бейсбол, регби | F7: Интеллектуальные и технологичные виды спорта (шахматы, гонки дронов, компьютерный спорт, страйкбол) | G7: Теннис, настольный теннис, бадминтон, бильярд, сквош | H7: Футбол | I7: Хоккей
A8: Понедельник | B8: 46265 | C8: 8.50-10.20 | K8: Лекция. Информатика. Яшкина Е.Н. 277МБК
C9: 10.40-12.10 | K9: Пр. Информатика. Яшкина Е.Н. 277МБК
C10: 13.00-14.30 | K10: Лекция. Русский язык и культура речи. Гордиенко В.Е. | L10: 5лекций
C11: 14.50-16.20 | K11: Лекция. Русский язык и культура речи.Волкова М.С. | L11: 2лекции
C12: 16.40-18.10 | K12: Пр. Русский язык и культура речи. Уткина Е.Л. 410ауд.к | M12: 2группы
A13: Вторник | B13: =B8+1 -> 46266 | C13: 8.50-10.20 | K13: Пр. Русский язык и культура речи. Ишина Л.М. 409 ауд.к. | M13: 1группа
C14: 10.40-12.10 | D14: Л. Использование электронной информационно-образовательной среды РУС "ГЦОЛИФК" Шевцов А.В. - Арена УСЗК (Универсальный спортивно-зрелищный комплекс) | K14: Пр. Русский язык и культура речи. Гордиенко В.Е. 408 ауд.к. | M14: две гр
C15: 13.00-14.30 | D15: Л. Теория и методика баскетбола Прил.1 | E15: Л. Теория и методика волейбола, гандбола, бейсбола, регби Прил.1 | F15: Л. Теория и методика интеллектуальных и технологичных видов спорта Прил.1 | G15: Л. Теория и методика тенниса, настольного тенниса, бадминтона, бильярда, сквоша Прил.1 | H15: Л. Теория и методика футбола Прил.1 | I15: Л. Теория и методика хоккея Прил.1 | K15: Пр. Русский язык и культура речи. Капустина Ю.А. 409ауд.к. | M15: одна гр.
C16: 14.50-16.20 | K16: Лекция. Анатомия человека. Павлычева Л.А. 162 МБК | M16: 2,4,6 гр
C17: 16.40-18.10 | K17: Лекция. Анатомия человека. Титова Е.П. 161 МБК | M17: 1,5 гр
A18: Среда | B18: =B13+1 -> 46267 | C18: 8.50-10.20 | D18: Л. Гимнастика Михалина Г.М. 162мбк | E18: Л. Гимнастика Михалина Г.М. 162мбк | F18: Л. Гимнастика Михалина Г.М. 162мбк | G18: Л. Гимнастика Михалина Г.М. 162мбк | H18: Л. Гимнастика Михалина Г.М. 162мбк | I18: Л. Гимнастика Михалина Г.М. 162мбк | K18: Пр. Анатомия человека. Титова Е.П. 154МБК | M18: 1,5 гр
C19: 10.40-12.10 | D19: Л. Гимнастика Ростовцева М.Ю. 162мбк | E19: Л. Гимнастика Ростовцева М.Ю. 162мбк | F19: Л. Гимнастика Ростовцева М.Ю. 162мбк | G19: Л. Гимнастика Ростовцева М.Ю. 162мбк | H19: Л. Гимнастика Ростовцева М.Ю. 162мбк | I19: Л. Гимнастика Ростовцева М.Ю. 162мбк | K19: Пр. Анатомия человека. Павлычева Л.А. 131 МБК | M19: 2,4,6 гр
C20: 13.00-14.30 | D20: Л. Информационные технологии в сфере физической культуры и спорта Яшкина Е.Н. 162мбк | E20: Л. Информационные технологии в сфере физической культуры и спорта Яшкина Е.Н. 162мбк | F20: Л. Информационные технологии в сфере физической культуры и спорта Яшкина Е.Н. 162мбк | G20: Л. Информационные технологии в сфере физической культуры и спорта Яшкина Е.Н. 162мбк | H20: Л. Информационные технологии в сфере физической культуры и спорта Яшкина Е.Н. 162мбк | I20: Л. Информационные технологии в сфере физической культуры и спорта Яшкина Е.Н. 162мбк | K20: Лекция. ТиМ избранного вида спорта. ауд.прил.1.
C21: 14.50-16.20 | D21: Л. Информационные технологии в сфере физической культуры и спорта Яшкина Е.Н. 162мбк | E21: Л. Информационные технологии в сфере физической культуры и спорта Яшкина Е.Н. 162мбк | F21: Л. Информационные технологии в сфере физической культуры и спорта Яшкина Е.Н. 162мбк | G21: Л. Информационные технологии в сфере физической культуры и спорта Яшкина Е.Н. 162мбк | H21: Л. Информационные технологии в сфере физической культуры и спорта Яшкина Е.Н. 162мбк | I21: Л. Информационные технологии в сфере физической культуры и спорта Яшкина Е.Н. 162мбк | K21: Пр. ТиМ избранного вида спорта. ауд.прил.1.
C22: 16.40-18.10 | K22: Лекция. Тяжелоатлетические виды спорта. Баюрин А.П.161МБК
A23: Четверг | B23: =B18+1 -> 46268 | C23: 8.50-10.20 | D23: Л. Волейбол Ананьин А.С. 162мбк | E23: Л. Волейбол Ананьин А.С. 162мбк | F23: Л. Волейбол Ананьин А.С. 162мбк | G23: Л. Волейбол Ананьин А.С. 162мбк | H23: Л. Волейбол Ананьин А.С. 162мбк | I23: Л. Волейбол Ананьин А.С. 162мбк | K23: Пр. Тяжелоатлетические виды спорта. Соловьев В.Б. ауд.прил.1.
C24: 10.40-12.10 | D24: Л. Элективные дисциплины по ФКиС: Силовая подготовка Атлас А.А. 162мбк | E24: Л. Элективные дисциплины по ФКиС: Силовая подготовка Атлас А.А. 162мбк | F24: Л. Элективные дисциплины по ФКиС: Силовая подготовка Атлас А.А. 162мбк | G24: Л. Элективные дисциплины по ФКиС: Силовая подготовка Атлас А.А. 162мбк | H24: Л. Элективные дисциплины по ФКиС: Силовая подготовка Атлас А.А. 162мбк | I24: Л. Элективные дисциплины по ФКиС: Силовая подготовка Атлас А.А. 162мбк | K24: Лекция. Баскетбол. Андрющенко Л.Б.
C25: 13.00-14.30 | E25: Пр. Теория и методика волейбола, гандбола, бейсбола, регби Прил.1 | F25: Пр. Теория и методика интеллектуальных и технологичных видов спорта Прил.1 | G25: Пр. Теория и методика тенниса, настольного тенниса, бадминтона, бильярда, сквоша Прил.1 - только 03.09 | H25: Пр. Теория и методика футбола Прил.1 - только 03.09 | K25: Пр. Баскетбол. Лосева И.В., Мартынова А.В., Никонов Д.Н., Лаптев С.О., Аверясова Ю.О.
C26: 14.50-16.20 | E26: Пр. Теория и методика волейбола, гандбола, бейсбола, регби Прил.1 | F26: Пр. Теория и методика интеллектуальных и технологичных видов спорта Прил.1 | G26: Пр. Теория и методика тенниса, настольного тенниса, бадминтона, бильярда, сквоша Прил.1 | H26: Пр. Теория и методика футбола Прил.1 - только 03.09 | K26: Лекция . Лыжные гонки. Сенатская В.Г. 212ауд.к.
C27: 16.40-18.10 | K27: Пр. Лыжные гонки.
A28: Пятница | B28: =B23+1 -> 46269 | C28: 8.50-10.20 | K28: Пр. Гимнастика
C29: 10.40-12.10 | D29: Л. Речевое общение в профессиональной деятельности Волкова М.С. 162мбк | E29: Л. Речевое общение в профессиональной деятельности Волкова М.С. 162мбк | F29: Л. Речевое общение в профессиональной деятельности Волкова М.С. 162мбк | G29: Л. Речевое общение в профессиональной деятельности Волкова М.С. 162мбк | H29: Л. Речевое общение в профессиональной деятельности Волкова М.С. 162мбк | I29: Л. Речевое общение в профессиональной деятельности Волкова М.С. 162мбк | K29: Лекция. Физическая культура и спорт. Еремин М.В.
C30: 13.00-14.30 | D30: Л. Гимнастика Парахин В.А. 162мбк | E30: Л. Гимнастика Парахин В.А. 162мбк | F30: Л. Гимнастика Парахин В.А. 162мбк | G30: Л. Гимнастика Парахин В.А. 162мбк | H30: Л. Гимнастика Парахин В.А. 162мбк | I30: Л. Гимнастика Парахин В.А. 162мбк | K30: Пр. Спортивно-педагогическое совершенствование. ауд.прил.1.
C31: 14.50-16.20 | D31: Л. Физическая культура и спорт Ким Т.К. 162мбк | E31: Л. Физическая культура и спорт Ким Т.К. 162мбк | F31: Л. Физическая культура и спорт Ким Т.К. 162мбк | G31: Л. Физическая культура и спорт Ким Т.К. 162мбк | H31: Л. Физическая культура и спорт Ким Т.К. 162мбк | I31: Л. Физическая культура и спорт Ким Т.К. 162мбк | K31: Пр. Элективные дисциплины по физ.культуре и спорту. Подвижные игры. Томашевич А.М. Модуль Д | L31: 1гр,3гр
C32: 16.40-18.10 | K32: Пр. Элективные дисциплины по физ.культуре и спорту. Подвижные игры.Салахудинова Е.С. Модуль Б | L32: 2гр.,4гр
A33: Суббота | B33: =B28+1 -> 46270 | C33: 8.50-10.20 | K33: Пр. Гимнастика
C34: 10.40-12.10 | K34: Лекция. Физическая культура и спорт. Еремин М.В.
C35: 13.00-14.30 | K35: Пр. Спортивно-педагогическое совершенствование. ауд.прил.1.
C36: 14.50-16.20 | K36: Пр. Элективные дисциплины по физ.культуре и спорту. Подвижные игры. Томашевич А.М. Модуль Д | L36: 1гр,3гр
C37: 16.40-18.10 | K37: Пр. Элективные дисциплины по физ.культуре и спорту. Подвижные игры.Салахудинова Е.С. Модуль Б | L37: 2гр.,4гр
B39: 10 | C39: *Л. Речевое общение в профессиональной деятельности* | D39: =COUNTIF(D$8:D$37,$C39) -> 1 | E39: =COUNTIF(E$8:E$37,$C39) -> 1 | F39: =COUNTIF(F$8:F$37,$C39) -> 1 | G39: =COUNTIF(G$8:G$37,$C39) -> 1 | H39: =COUNTIF(H$8:H$37,$C39) -> 1 | I39: =COUNTIF(I$8:I$37,$C39) -> 1
B40: 22 | C40: *Пр. Речевое общение в профессиональной деятельности* | D40: =COUNTIF(D$8:D$37,$C40) -> 0 | E40: =COUNTIF(E$8:E$37,$C40) -> 0 | F40: =COUNTIF(F$8:F$37,$C40) -> 0 | G40: =COUNTIF(G$8:G$37,$C40) -> 0 | H40: =COUNTIF(H$8:H$37,$C40) -> 0 | I40: =COUNTIF(I$8:I$37,$C40) -> 0
B41: 2 | C41: *Л. Элективные дисциплины по ФКиС: Силовая подготовка* | D41: =COUNTIF(D$8:D$37,$C41) -> 1 | E41: =COUNTIF(E$8:E$37,$C41) -> 1 | F41: =COUNTIF(F$8:F$37,$C41) -> 1 | G41: =COUNTIF(G$8:G$37,$C41) -> 1 | H41: =COUNTIF(H$8:H$37,$C41) -> 1 | I41: =COUNTIF(I$8:I$37,$C41) -> 1
B42: 18 | C42: *Пр. Элективные дисциплины по ФКиС: Силовая подготовка* | D42: =COUNTIF(D$8:D$37,$C42) -> 0 | E42: =COUNTIF(E$8:E$37,$C42) -> 0 | F42: =COUNTIF(F$8:F$37,$C42) -> 0 | G42: =COUNTIF(G$8:G$37,$C42) -> 0 | H42: =COUNTIF(H$8:H$37,$C42) -> 0 | I42: =COUNTIF(I$8:I$37,$C42) -> 0
B43: 8 | C43: *Л. Анатомия* | D43: =COUNTIF(D$8:D$37,$C43) -> 0 | E43: =COUNTIF(E$8:E$37,$C43) -> 0 | F43: =COUNTIF(F$8:F$37,$C43) -> 0 | G43: =COUNTIF(G$8:G$37,$C43) -> 0 | H43: =COUNTIF(H$8:H$37,$C43) -> 0 | I43: =COUNTIF(I$8:I$37,$C43) -> 0
B44: 24 | C44: *Пр. Анатомия* | D44: =COUNTIF(D$8:D$37,$C44) -> 0 | E44: =COUNTIF(E$8:E$37,$C44) -> 0 | F44: =COUNTIF(F$8:F$37,$C44) -> 0 | G44: =COUNTIF(G$8:G$37,$C44) -> 0 | H44: =COUNTIF(H$8:H$37,$C44) -> 0 | I44: =COUNTIF(I$8:I$37,$C44) -> 0
B45: 10 | C45: *Л. Теория и методика* | D45: =COUNTIF(D$8:D$37,$C45) -> 1 | E45: =COUNTIF(E$8:E$37,$C45) -> 1 | F45: =COUNTIF(F$8:F$37,$C45) -> 1 | G45: =COUNTIF(G$8:G$37,$C45) -> 1 | H45: =COUNTIF(H$8:H$37,$C45) -> 1 | I45: =COUNTIF(I$8:I$37,$C45) -> 1
B46: 90 | C46: *Пр. Теория и методика* | D46: =COUNTIF(D$8:D$37,$C46) -> 0 | E46: =COUNTIF(E$8:E$37,$C46) -> 2 | F46: =COUNTIF(F$8:F$37,$C46) -> 2 | G46: =COUNTIF(G$8:G$37,$C46) -> 2 | H46: =COUNTIF(H$8:H$37,$C46) -> 2 | I46: =COUNTIF(I$8:I$37,$C46) -> 0
B47: 10 | C47: *Л. Физическая культура и спорт* | D47: =COUNTIF(D$8:D$37,$C47) -> 1 | E47: =COUNTIF(E$8:E$37,$C47) -> 1 | F47: =COUNTIF(F$8:F$37,$C47) -> 1 | G47: =COUNTIF(G$8:G$37,$C47) -> 1 | H47: =COUNTIF(H$8:H$37,$C47) -> 1 | I47: =COUNTIF(I$8:I$37,$C47) -> 1
B48: 10 | C48: *Пр. Физическая культура и спорт* | D48: =COUNTIF(D$8:D$37,$C48) -> 0 | E48: =COUNTIF(E$8:E$37,$C48) -> 0 | F48: =COUNTIF(F$8:F$37,$C48) -> 0 | G48: =COUNTIF(G$8:G$37,$C48) -> 0 | H48: =COUNTIF(H$8:H$37,$C48) -> 0 | I48: =COUNTIF(I$8:I$37,$C48) -> 0
B49: 4 | C49: *Л. Информационные технологии* | D49: =COUNTIF(D$8:D$37,$C49) -> 2 | E49: =COUNTIF(E$8:E$37,$C49) -> 2 | F49: =COUNTIF(F$8:F$37,$C49) -> 2 | G49: =COUNTIF(G$8:G$37,$C49) -> 2 | H49: =COUNTIF(H$8:H$37,$C49) -> 2 | I49: =COUNTIF(I$8:I$37,$C49) -> 2
B50: 28 | C50: *Пр. Информационные технологии* | D50: =COUNTIF(D$8:D$37,$C50) -> 0 | E50: =COUNTIF(E$8:E$37,$C50) -> 0 | F50: =COUNTIF(F$8:F$37,$C50) -> 0 | G50: =COUNTIF(G$8:G$37,$C50) -> 0 | H50: =COUNTIF(H$8:H$37,$C50) -> 0 | I50: =COUNTIF(I$8:I$37,$C50) -> 0
... B63: 22 | C63: *С1-05Б-26* | D63: =COUNTIF(D$8:D$37,$C63) -> 0 | E63: =COUNTIF(E$8:E$37,$C63) -> 0 | F63: =COUNTIF(F$8:F$37,$C63) -> 0 | G63: =COUNTIF(G$8:G$37,$C63) -> 0 | H63: =COUNTIF(H$8:H$37,$C63) -> 0 | I63: =COUNTIF(I$8:I$37,$C63) -> 0
D64: =COUNTIF(D$8:D$37,$C64) -> 0 | E64: =COUNTIF(E$8:E$37,$C64) -> 0 | F64: =COUNTIF(F$8:F$37,$C64) -> 0 | G64: =COUNTIF(G$8:G$37,$C64) -> 0 | H64: =COUNTIF(H$8:H$37,$C64) -> 0 | I64: =COUNTIF(I$8:I$37,$C64) -> 0
D65: =COUNTIF(D$8:D$37,$C65) -> 0 | E65: =COUNTIF(E$8:E$37,$C65) -> 0 | F65: =COUNTIF(F$8:F$37,$C65) -> 0 | G65: =COUNTIF(G$8:G$37,$C65) -> 0 | H65: =COUNTIF(H$8:H$37,$C65) -> 0 | I65: =COUNTIF(I$8:I$37,$C65) -> 0

Sheet 07.09
B1: Расписание учебных занятий на первое полугодие 2026-2027 учебного года
B2: ТРЕНЕРСКИЙ ФАКУЛЬТЕТ, направление подготовки (образовательная программа)
B3: 49.03.04 Спорт *
B4: Курс 1, семестр 1, очная форма обучения
A5: группы С1-01-26, С1-02-26, С1-03-26, С1-04А-26, С1-04Б-26, С1-05А-26, С1-05Б-26, С1-06-26
A6: День недели | B6: Дата | C6: Время | D6: 1 группа | E6: 2 группа | F6: 3 группа | G6: 4 группа | H6: 5 группа | I6: 6 группа
D7: Баскетбол | E7: Волейбол, гандбол, бейсбол, регби | F7: Интеллектуальные и технологичные виды спорта (шахматы, гонки дронов, компьютерный спорт, страйкбол) | G7: Теннис, настольный теннис, бадминтон, бильярд, сквош | H7: Футбол | I7: Хоккей
A8: Понедельник | B8: 46272 | C8: 8.50-10.20 | D8: Пр. Иностранный язык Комова Е.В. 508 гл.к.
C9: 10.40-12.10 | D9: Пр. Информационные технологии в сфере физической культуры и спорта Яшкина Е.Н. 277мбк | E9: Пр. Элективные дисциплины по ФКиС: Силовая подготовка Громов В.А. 42СК | H9: Пр. Волейбол Ефимов А.С., Пшеничная А.М. 230СК
C10: 13.00-14.30 | D10: Пр. Гимнастика Андреасян К.Б. 205СК | E10: Пр. Иностранный язык Комова Е.В. 508 гл.к. | G10: Пр. Информационные технологии в сфере физической культуры и спорта Яшкина Е.Н. 277мбк, Попов Г.И. 246мбк | H10: Пр. Теория и методика футбола Прил.1 | I10: Пр. Волейбол Ефимов А.С. 230СК
C11: 14.50-16.20 | D11: Пр. Волейбол Ефимов А.С. 230СК | E11: Пр. Информационные технологии в сфере физической культуры и спорта Яшкина Е.Н. 277мбк | G11: Пр. Гимнастика Андреасян К.Б. 205СК (группа С1-04А-26), Козлов В.В. 205СК (группа С1-04Б-26) | H11: Пр. Теория и методика футбола Прил.1 | I11: Пр. Иностранный язык Комова Е.В. 508 гл.к.
C12: 16.40-18.10
A13: Вторник | B13: =B8+1 -> 46273 | C13: 8.50-10.20 | D13: Пр. Теория и методика баскетбола Прил.1 | F13: Пр. Теория и методика интеллектуальных и технологичных видов спорта Прил.1 | G13: Пр. Теория и методика тенниса, настольного тенниса, бадминтона, бильярда, сквоша Прил.1
C14: 10.40-12.10 | D14: Пр. Теория и методика баскетбола Прил.1 | E14: Пр. Теория и методика волейбола, гандбола, бейсбола, регби Прил.1 | F14: Пр. Теория и методика интеллектуальных и технологичных видов спорта Прил.1 | G14: Пр. Теория и методика тенниса, настольного тенниса, бадминтона, бильярда, сквоша Прил.1 | H14: Пр. Иностранный язык Комова Е.В. 508 гл.к., Варичев А.М. 511 гл.к. | I14: Пр. Гимнастика Кувшинникова С.А.205СК
C15: 13.00-14.30 | E15: Пр. Гимнастика Кувшинникова С.А. 205СК | F15: Пр. Иностранный язык Комова Е.В. 508 гл.к. | H15: Пр. Элективные дисциплины по ФКиС: Силовая подготовка Атлас А.А. 42СК | I15: Пр. Теория и методика хоккея Прил.1
C16: 14.50-16.20 | F16: Пр. Элективные дисциплины по ФКиС: Силовая подготовка Атлас А.А. 42СК | I16: Пр. Теория и методика хоккея Прил.1
C17: 16.40-18.10
C18: 18.30-20.00
A19: Среда | B19: =B13+1 -> 46274 | C19: 8.50-10.20 | H19: Пр. Волейбол Ефимов А.С., Пшеничная А.М. 230СК
C20: 10.40-12.10 | D20: Пр. Элективные дисциплины по ФКиС: Силовая подготовка Смирнов В.Е. 42СК | H20: Пр. Гимнастика Кувшинникова С.А., Дубовицкая И.А. 205СК | I20: Пр. Волейбол Ефимов А.С. 230СК
C21: 13.00-14.30 | D21: Пр. Волейбол Ефимов А.С. 230СК | E21: Пр. Гимнастика Кувшинникова С.А. 205СК | I21: Пр. Теория и методика хоккея Прил.1
C22: 14.50-16.20 | E22: Пр. Волейбол Ананьин А.С. 230СК | I22: Пр. Теория и методика хоккея Прил.1
C23: 16.40-18.10
A24: Четверг | B24: =B19+1 -> 46275 | C24: 8.50-10.20
C25: 10.40-12.10 | F25: Пр. Информационные технологии в сфере физической культуры и спорта Яшкина Е.Н. 277мбк | G25: Пр. Элективные дисциплины по ФКиС: Силовая подготовка Громов В.А. 42СК | I25: Пр. Гимнастика Кувшинникова С.А.205СК
C26: 13.00-14.30 | D26: Пр. Теория и методика баскетбола Прил.1 | E26: Пр. Теория и методика волейбола, гандбола, бейсбола, регби Прил.1 | F26: Пр. Волейбол Суханова А.В. 230СК | G26: Пр. Иностранный язык Комова Е.В. 508 гл.к., Удалова М.Ю. 511 гл.к. | H26: Пр. Гимнастика Кувшинникова С.А., Дубовицкая И.А. 205СК | I26: Пр. Информационные технологии в сфере физической культуры и спорта Яшкина Е.Н. 277мбк
C27: 14.50-16.20 | D27: Пр. Теория и методика баскетбола Прил.1 | E27: Пр. Теория и методика волейбола, гандбола, бейсбола, регби Прил.1 | F27: Пр. Теория и методика интеллектуальных и технологичных видов спорта Прил.1 | G27: Пр. Теория и методика тенниса, настольного тенниса, бадминтона, бильярда, сквоша Прил.1 | H27: Пр. Информационные технологии в сфере физической культуры и спорта Яшкина Е.Н. 277мбк, Попов Г.И. 246мбк
C28: 16.40-18.10
A29: Пятница | B29: =B24+1 -> 46276 | C29: 8.50-10.20 | E29: Пр. Волейбол Ананьин А.С. 230СК | F29: Пр. Гимнастика Андреасян К.Б. 205СК | G29: Пр. Волейбол Суханова А.В. 230СК | H29: Пр. Теория и методика футбола Прил.1 | I29: Пр. Элективные дисциплины по ФКиС: Силовая подготовка Атлас А.А. 42СК
C30: 10.40-12.10 | D30: Л. Речевое общение в профессиональной деятельности Волкова М.С. 162мбк | E30: Л. Речевое общение в профессиональной деятельности Волкова М.С. 162мбк | F30: Л. Речевое общение в профессиональной деятельности Волкова М.С. 162мбк | G30: Л. Речевое общение в профессиональной деятельности Волкова М.С. 162мбк | H30: Л. Речевое общение в профессиональной деятельности Волкова М.С. 162мбк | I30: Л. Речевое общение в профессиональной деятельности Волкова М.С. 162мбк
C31: 13.00-14.30 | D31: Л. Анатомия человека Силаева Л.В. 162мбк | E31: Л. Анатомия человека Силаева Л.В. 162мбк | F31: Л. Анатомия человека Силаева Л.В. 162мбк | G31: Л. Анатомия человека Силаева Л.В. 162мбк | H31: Л. Анатомия человека Силаева Л.В. 162мбк | I31: Л. Анатомия человека Силаева Л.В. 162мбк
C32: 14.50-16.20 | D32: Л. Физическая культура и спорт Ким Т.К. 162мбк | E32: Л. Физическая культура и спорт Ким Т.К. 162мбк | F32: Л. Физическая культура и спорт Ким Т.К. 162мбк | G32: Л. Физическая культура и спорт Ким Т.К. 162мбк | H32: Л. Физическая культура и спорт Ким Т.К. 162мбк | I32: Л. Физическая культура и спорт Ким Т.К. 162мбк
C33: 16.40-18.10
A34: Суббота | B34: =B29+1 -> 46277 | C34: 8.50-10.20
C35: 10.40-12.10
C36: 13.00-14.30
C37: 14.50-16.20
C38: 16.40-18.10
D39: * Профили (направленность) указанны на титульном листе
C40: ='01.09'!C39 -> *Л. Речевое общение в профессиональной деятельности* | D40: ='01.09'!D39+COUNTIF(D$8:D$38,$C40) -> 2 | E40: ='01.09'!E39+COUNTIF(E$8:E$38,$C40) -> 2 | F40: ='01.09'!F39+COUNTIF(F$8:F$38,$C40) -> 2 | G40: ='01.09'!G39+COUNTIF(G$8:G$38,$C40) -> 2 | H40: ='01.09'!H39+COUNTIF(H$8:H$38,$C40) -> 2 | I40: ='01.09'!I39+COUNTIF(I$8:I$38,$C40) -> 2
C41: ='01.09'!C40 -> *Пр. Речевое общение в профессиональной деятельности* | D41: ='01.09'!D40+COUNTIF(D$8:D$38,$C41) -> 0 | E41: ='01.09'!E40+COUNTIF(E$8:E$38,$C41) -> 0 | F41: ='01.09'!F40+COUNTIF(F$8:F$38,$C41) -> 0 | G41: ='01.09'!G40+COUNTIF(G$8:G$38,$C41) -> 0 | H41: ='01.09'!H40+COUNTIF(H$8:H$38,$C41) -> 0 | I41: ='01.09'!I40+COUNTIF(I$8:I$38,$C41) -> 0
C42: ='01.09'!C41 -> *Л. Элективные дисциплины по ФКиС: Силовая подготовка* | D42: ='01.09'!D41+COUNTIF(D$8:D$38,$C42) -> 1 | E42: ='01.09'!E41+COUNTIF(E$8:E$38,$C42) -> 1 | F42: ='01.09'!F41+COUNTIF(F$8:F$38,$C42) -> 1 | G42: ='01.09'!G41+COUNTIF(G$8:G$38,$C42) -> 1 | H42: ='01.09'!H41+COUNTIF(H$8:H$38,$C42) -> 1 | I42: ='01.09'!I41+COUNTIF(I$8:I$38,$C42) -> 1
C43: ='01.09'!C42 -> *Пр. Элективные дисциплины по ФКиС: Силовая подготовка* | D43: ='01.09'!D42+COUNTIF(D$8:D$38,$C43) -> 1 | E43: ='01.09'!E42+COUNTIF(E$8:E$38,$C43) -> 1 | F43: ='01.09'!F42+COUNTIF(F$8:F$38,$C43) -> 1 | G43: ='01.09'!G42+COUNTIF(G$8:G$38,$C43) -> 1 | H43: ='01.09'!H42+COUNTIF(H$8:H$38,$C43) -> 1 | I43: ='01.09'!I42+COUNTIF(I$8:I$38,$C43) -> 1
C44: ='01.09'!C43 -> *Л. Анатомия* | D44: ='01.09'!D43+COUNTIF(D$8:D$38,$C44) -> 1 | E44: ='01.09'!E43+COUNTIF(E$8:E$38,$C44) -> 1 | F44: ='01.09'!F43+COUNTIF(F$8:F$38,$C44) -> 1 | G44: ='01.09'!G43+COUNTIF(G$8:G$38,$C44) -> 1 | H44: ='01.09'!H43+COUNTIF(H$8:H$38,$C44) -> 1 | I44: ='01.09'!I43+COUNTIF(I$8:I$38,$C44) -> 1
C45: ='01.09'!C44 -> *Пр. Анатомия* | D45: ='01.09'!D44+COUNTIF(D$8:D$38,$C45) -> 0 | E45: ='01.09'!E44+COUNTIF(E$8:E$38,$C45) -> 0 | F45: ='01.09'!F44+COUNTIF(F$8:F$38,$C45) -> 0 | G45: ='01.09'!G44+COUNTIF(G$8:G$38,$C45) -> 0 | H45: ='01.09'!H44+COUNTIF(H$8:H$38,$C45) -> 0 | I45: ='01.09'!I44+COUNTIF(I$8:I$38,$C45) -> 0
C46: ='01.09'!C45 -> *Л. Теория и методика* | D46: ='01.09'!D45+COUNTIF(D$8:D$38,$C46) -> 1 | E46: ='01.09'!E45+COUNTIF(E$8:E$38,$C46) -> 1 | F46: ='01.09'!F45+COUNTIF(F$8:F$38,$C46) -> 1 | G46: ='01.09'!G45+COUNTIF(G$8:G$38,$C46) -> 1 | H46: ='01.09'!H45+COUNTIF(H$8:H$38,$C46) -> 1 | I46: ='01.09'!I45+COUNTIF(I$8:I$38,$C46) -> 1
C47: ='01.09'!C46 -> *Пр. Теория и методика* | D47: ='01.09'!D46+COUNTIF(D$8:D$38,$C47) -> 4 | E47: ='01.09'!E46+COUNTIF(E$8:E$38,$C47) -> 5 | F47: ='01.09'!F46+COUNTIF(F$8:F$38,$C47) -> 5 | G47: ='01.09'!G46+COUNTIF(G$8:G$38,$C47) -> 5 | H47: ='01.09'!H46+COUNTIF(H$8:H$38,$C47) -> 5 | I47: ='01.09'!I46+COUNTIF(I$8:I$38,$C47) -> 4
C48: ='01.09'!C47 -> *Л. Физическая культура и спорт* | D48: ='01.09'!D47+COUNTIF(D$8:D$38,$C48) -> 2 | E48: ='01.09'!E47+COUNTIF(E$8:E$38,$C48) -> 2 | F48: ='01.09'!F47+COUNTIF(F$8:F$38,$C48) -> 2 | G48: ='01.09'!G47+COUNTIF(G$8:G$38,$C48) -> 2 | H48: ='01.09'!H47+COUNTIF(H$8:H$38,$C48) -> 2 | I48: ='01.09'!I47+COUNTIF(I$8:I$38,$C48) -> 2
C49: ='01.09'!C48 -> *Пр. Физическая культура и спорт* | D49: ='01.09'!D48+COUNTIF(D$8:D$38,$C49) -> 0 | E49: ='01.09'!E48+COUNTIF(E$8:E$38,$C49) -> 0 | F49: ='01.09'!F48+COUNTIF(F$8:F$38,$C49) -> 0 | G49: ='01.09'!G48+COUNTIF(G$8:G$38,$C49) -> 0 | H49: ='01.09'!H48+COUNTIF(H$8:H$38,$C49) -> 0 | I49: ='01.09'!I48+COUNTIF(I$8:I$38,$C49) -> 0
C50: ='01.09'!C49 -> *Л. Информационные технологии* | D50: ='01.09'!D49+COUNTIF(D$8:D$38,$C50) -> 2 | E50: ='01.09'!E49+COUNTIF(E$8:E$38,$C50) -> 2 | F50: ='01.09'!F49+COUNTIF(F$8:F$38,$C50) -> 2 | G50: ='01.09'!G49+COUNTIF(G$8:G$38,$C50) -> 2 | H50: ='01.09'!H49+COUNTIF(H$8:H$38,$C50) -> 2 | I50: ='01.09'!I49+COUNTIF(I$8:I$38,$C50) -> 2
C51: ='01.09'!C50 -> *Пр. Информационные технологии* | D51: ='01.09'!D50+COUNTIF(D$8:D$38,$C51) -> 1 | E51: ='01.09'!E50+COUNTIF(E$8:E$38,$C51) -> 1 | F51: ='01.09'!F50+COUNTIF(F$8:F$38,$C51) -> 1 | G51: ='01.09'!G50+COUNTIF(G$8:G$38,$C51) -> 1 | H51: ='01.09'!H50+COUNTIF(H$8:H$38,$C51) -> 1 | I51: ='01.09'!I50+COUNTIF(I$8:I$38,$C51) -> 1
... C66: ='01.09'!C65 -> 0 | D66: ='01.09'!D65+COUNTIF(D$8:D$38,$C66) -> 0 | E66: ='01.09'!E65+COUNTIF(E$8:E$38,$C66) -> 0 | F66: ='01.09'!F65+COUNTIF(F$8:F$38,$C66) -> 0 | G66: ='01.09'!G65+COUNTIF(G$8:G$38,$C66) -> 0 | H66: ='01.09'!H65+COUNTIF(H$8:H$38,$C66) -> 0 | I66: ='01.09'!I65+COUNTIF(I$8:I$38,$C66) -> 0

Sheet 14.09
B1: Расписание учебных занятий на первое полугодие 2026-2027 учебного года
B2: ТРЕНЕРСКИЙ ФАКУЛЬТЕТ, направление подготовки (образовательная программа)
B3: 49.03.04 Спорт *
B4: Курс 1, семестр 1, очная форма обучения
A5: группы С1-01-26, С1-02-26, С1-03-26, С1-04А-26, С1-04Б-26, С1-05А-26, С1-05Б-26, С1-06-26
A6: День недели | B6: Дата | C6: Время | D6: 1 группа | E6: 2 группа | F6: 3 группа | G6: 4 группа | H6: 5 группа | I6: 6 группа
D7: Баскетбол | E7: Волейбол, гандбол, бейсбол, регби | F7: Интеллектуальные и технологичные виды спорта (шахматы, гонки дронов, компьютерный спорт, страйкбол) | G7: Теннис, настольный теннис, бадминтон, бильярд, сквош | H7: Футбол | I7: Хоккей
A8: Понедельник | B8: 46279 | C8: 8.50-10.20 | D8: Пр. Иностранный язык Комова Е.В. 508 гл.к.
C9: 10.40-12.10 | D9: Пр. Информационные технологии в сфере физической культуры и спорта Яшкина Е.Н. 277мбк | E9: Пр. Элективные дисциплины по ФКиС: Силовая подготовка Громов В.А. 42СК | H9: Пр. Волейбол Ефимов А.С., Пшеничная А.М. 230СК
C10: 13.00-14.30 | D10: Пр. Гимнастика Андреасян К.Б. 205СК | E10: Пр. Иностранный язык Комова Е.В. 508 гл.к. | G10: Пр. Информационные технологии в сфере физической культуры и спорта Яшкина Е.Н. 277мбк, Попов Г.И. 246мбк | H10: Пр. Теория и методика футбола Прил.1 | I10: Пр. Волейбол Ефимов А.С. 230СК
C11: 14.50-16.20 | D11: Пр. Волейбол Ефимов А.С. 230СК | E11: Пр. Информационные технологии в сфере физической культуры и спорта Яшкина Е.Н. 277мбк | G11: Пр. Гимнастика Андреасян К.Б. 205СК (группа С1-04А-26), Козлов В.В. 205СК (группа С1-04Б-26) | H11: Пр. Теория и методика футбола Прил.1 | I11: Пр. Иностранный язык Комова Е.В. 508 гл.к.
C12: 16.40-18.10
A13: Вторник | B13: =B8+1 -> 46280 | C13: 8.50-10.20 | D13: Пр. Теория и методика баскетбола Прил.1 | F13: Пр. Теория и методика интеллектуальных и технологичных видов спорта Прил.1 | G13: Пр. Теория и методика тенниса, настольного тенниса, бадминтона, бильярда, сквоша Прил.1
C14: 10.40-12.10 | D14: Пр. Теория и методика баскетбола Прил.1 | E14: Пр. Теория и методика волейбола, гандбола, бейсбола, регби Прил.1 | F14: Пр. Теория и методика интеллектуальных и технологичных видов спорта Прил.1 | G14: Пр. Теория и методика тенниса, настольного тенниса, бадминтона, бильярда, сквоша Прил.1 | H14: Пр. Иностранный язык Комова Е.В. 508 гл.к., Варичев А.М. 511 гл.к. | I14: Пр. Гимнастика Кувшинникова С.А.205СК
C15: 13.00-14.30 | E15: Пр. Гимнастика Кувшинникова С.А. 205СК | F15: Пр. Иностранный язык Комова Е.В. 508 гл.к. | G15: Пр. Волейбол Суханова А.В., Пшеничная А.М. 230СК | H15: Пр. Элективные дисциплины по ФКиС: Силовая подготовка Атлас А.А. 42СК | I15: Пр. Теория и методика хоккея Прил.1
C16: 14.50-16.20 | F16: Пр. Элективные дисциплины по ФКиС: Силовая подготовка Атлас А.А. 42СК | I16: Пр. Теория и методика хоккея Прил.1
C17: 16.40-18.10
C18: 18.30-20.00
A19: Среда | B19: =B13+1 -> 46281 | C19: 8.50-10.20 | H19: Пр. Волейбол Ефимов А.С., Пшеничная А.М. 230СК
C20: 10.40-12.10 | D20: Пр. Элективные дисциплины по ФКиС: Силовая подготовка Смирнов В.Е. 42СК | H20: Пр. Гимнастика Кувшинникова С.А., Дубовицкая И.А. 205СК | I20: Пр. Волейбол Ефимов А.С. 230СК
C21: 13.00-14.30 | D21: Пр. Волейбол Ефимов А.С. 230СК | E21: Пр. Гимнастика Кувшинникова С.А. 205СК | I21: Пр. Теория и методика хоккея Прил.1
C22: 14.50-16.20 | E22: Пр. Волейбол Ананьин А.С. 230СК | I22: Пр. Теория и методика хоккея Прил.1
C23: 16.40-18.10
A24: Четверг | B24: =B19+1 -> 46282 | C24: 8.50-10.20
C25: 10.40-12.10 | F25: Пр. Информационные технологии в сфере физической культуры и спорта Яшкина Е.Н. 277мбк | G25: Пр. Элективные дисциплины по ФКиС: Силовая подготовка Громов В.А. 42СК | I25: Пр. Гимнастика Кувшинникова С.А.205СК
C26: 13.00-14.30 | D26: Пр. Теория и методика баскетбола Прил.1 | E26: Пр. Теория и методика волейбола, гандбола, бейсбола, регби Прил.1 | F26: Пр. Волейбол Суханова А.В. 230СК | G26: Пр. Иностранный язык Комова Е.В. 508 гл.к., Удалова М.Ю. 511 гл.к. | H26: Пр. Гимнастика Кувшинникова С.А., Дубовицкая И.А. 205СК | I26: Пр. Информационные технологии в сфере физической культуры и спорта Яшкина Е.Н. 277мбк
C27: 14.50-16.20 | D27: Пр. Теория и методика баскетбола Прил.1 | E27: Пр. Теория и методика волейбола, гандбола, бейсбола, регби Прил.1 | F27: Пр. Теория и методика интеллектуальных и технологичных видов спорта Прил.1 | G27: Пр. Теория и методика тенниса, настольного тенниса, бадминтона, бильярда, сквоша Прил.1 | H27: Пр. Информационные технологии в сфере физической культуры и спорта Яшкина Е.Н. 277мбк, Попов Г.И. 246мбк
C28: 16.40-18.10
A29: Пятница | B29: =B24+1 -> 46283 | C29: 8.50-10.20 | E29: Пр. Волейбол Ананьин А.С. 230СК | F29: Пр. Гимнастика Андреасян К.Б. 205СК | H29: Пр. Теория и методика футбола Прил.1 | I29: Пр. Элективные дисциплины по ФКиС: Силовая подготовка Атлас А.А. 42СК
C30: 10.40-12.10 | D30: Л. Речевое общение в профессиональной деятельности Волкова М.С. 162мбк | E30: Л. Речевое общение в профессиональной деятельности Волкова М.С. 162мбк | F30: Л. Речевое общение в профессиональной деятельности Волкова М.С. 162мбк | G30: Л. Речевое общение в профессиональной деятельности Волкова М.С. 162мбк | H30: Л. Речевое общение в профессиональной деятельности Волкова М.С. 162мбк | I30: Л. Речевое общение в профессиональной деятельности Волкова М.С. 162мбк
C31: 13.00-14.30 | D31: Л. Анатомия человека Силаева Л.В. 162мбк | E31: Л. Анатомия человека Силаева Л.В. 162мбк | F31: Л. Анатомия человека Силаева Л.В. 162мбк | G31: Л. Анатомия человека Силаева Л.В. 162мбк | H31: Л. Анатомия человека Силаева Л.В. 162мбк | I31: Л. Анатомия человека Силаева Л.В. 162мбк
C32: 14.50-16.20 | D32: Л. Физическая культура и спорт Ким Т.К. 162мбк | E32: Л. Физическая культура и спорт Ким Т.К. 162мбк | F32: Л. Физическая культура и спорт Ким Т.К. 162мбк | G32: Л. Физическая культура и спорт Ким Т.К. 162мбк | H32: Л. Физическая культура и спорт Ким Т.К. 162мбк | I32: Л. Физическая культура и спорт Ким Т.К. 162мбк
C33: 16.40-18.10
A34: Суббота | B34: =B29+1 -> 46284 | C34: 8.50-10.20
C35: 10.40-12.10
C36: 13.00-14.30
C37: 14.50-16.20
C38: 16.40-18.10
D39: * Профили (направленность) указанны на титульном листе
C40: ='01.09'!C39 -> *Л. Речевое общение в профессиональной деятельности* | D40: ='07.09'!D40+COUNTIF(D$8:D$38,$C40) -> 3 | E40: ='07.09'!E40+COUNTIF(E$8:E$38,$C40) -> 3 | F40: ='07.09'!F40+COUNTIF(F$8:F$38,$C40) -> 3 | G40: ='07.09'!G40+COUNTIF(G$8:G$38,$C40) -> 3 | H40: ='07.09'!H40+COUNTIF(H$8:H$38,$C40) -> 3 | I40: ='07.09'!I40+COUNTIF(I$8:I$38,$C40) -> 3
C41: ='01.09'!C40 -> *Пр. Речевое общение в профессиональной деятельности* | D41: ='07.09'!D41+COUNTIF(D$8:D$38,$C41) -> 0 | E41: ='07.09'!E41+COUNTIF(E$8:E$38,$C41) -> 0 | F41: ='07.09'!F41+COUNTIF(F$8:F$38,$C41) -> 0 | G41: ='07.09'!G41+COUNTIF(G$8:G$38,$C41) -> 0 | H41: ='07.09'!H41+COUNTIF(H$8:H$38,$C41) -> 0 | I41: ='07.09'!I41+COUNTIF(I$8:I$38,$C41) -> 0
C42: ='01.09'!C41 -> *Л. Элективные дисциплины по ФКиС: Силовая подготовка* | D42: ='07.09'!D42+COUNTIF(D$8:D$38,$C42) -> 1 | E42: ='07.09'!E42+COUNTIF(E$8:E$38,$C42) -> 1 | F42: ='07.09'!F42+COUNTIF(F$8:F$38,$C42) -> 1 | G42: ='07.09'!G42+COUNTIF(G$8:G$38,$C42) -> 1 | H42: ='07.09'!H42+COUNTIF(H$8:H$38,$C42) -> 1 | I42: ='07.09'!I42+COUNTIF(I$8:I$38,$C42) -> 1
C43: ='01.09'!C42 -> *Пр. Элективные дисциплины по ФКиС: Силовая подготовка* | D43: ='07.09'!D43+COUNTIF(D$8:D$38,$C43) -> 2 | E43: ='07.09'!E43+COUNTIF(E$8:E$38,$C43) -> 2 | F43: ='07.09'!F43+COUNTIF(F$8:F$38,$C43) -> 2 | G43: ='07.09'!G43+COUNTIF(G$8:G$38,$C43) -> 2 | H43: ='07.09'!H43+COUNTIF(H$8:H$38,$C43) -> 2 | I43: ='07.09'!I43+COUNTIF(I$8:I$38,$C43) -> 2
C44: ='01.09'!C43 -> *Л. Анатомия* | D44: ='07.09'!D44+COUNTIF(D$8:D$38,$C44) -> 2 | E44: ='07.09'!E44+COUNTIF(E$8:E$38,$C44) -> 2 | F44: ='07.09'!F44+COUNTIF(F$8:F$38,$C44) -> 2 | G44: ='07.09'!G44+COUNTIF(G$8:G$38,$C44) -> 2 | H44: ='07.09'!H44+COUNTIF(H$8:H$38,$C44) -> 2 | I44: ='07.09'!I44+COUNTIF(I$8:I$38,$C44) -> 2
C45: ='01.09'!C44 -> *Пр. Анатомия* | D45: ='07.09'!D45+COUNTIF(D$8:D$38,$C45) -> 0 | E45: ='07.09'!E45+COUNTIF(E$8:E$38,$C45) -> 0 | F45: ='07.09'!F45+COUNTIF(F$8:F$38,$C45) -> 0 | G45: ='07.09'!G45+COUNTIF(G$8:G$38,$C45) -> 0 | H45: ='07.09'!H45+COUNTIF(H$8:H$38,$C45) -> 0 | I45: ='07.09'!I45+COUNTIF(I$8:I$38,$C45) -> 0
C46: ='01.09'!C45 -> *Л. Теория и методика* | D46: ='07.09'!D46+COUNTIF(D$8:D$38,$C46) -> 1 | E46: ='07.09'!E46+COUNTIF(E$8:E$38,$C46) -> 1 | F46: ='07.09'!F46+COUNTIF(F$8:F$38,$C46) -> 1 | G46: ='07.09'!G46+COUNTIF(G$8:G$38,$C46) -> 1 | H46: ='07.09'!H46+COUNTIF(H$8:H$38,$C46) -> 1 | I46: ='07.09'!I46+COUNTIF(I$8:I$38,$C46) -> 1
C47: ='01.09'!C46 -> *Пр. Теория и методика* | D47: ='07.09'!D47+COUNTIF(D$8:D$38,$C47) -> 8 | E47: ='07.09'!E47+COUNTIF(E$8:E$38,$C47) -> 8 | F47: ='07.09'!F47+COUNTIF(F$8:F$38,$C47) -> 8 | G47: ='07.09'!G47+COUNTIF(G$8:G$38,$C47) -> 8 | H47: ='07.09'!H47+COUNTIF(H$8:H$38,$C47) -> 8 | I47: ='07.09'!I47+COUNTIF(I$8:I$38,$C47) -> 8
C48: ='01.09'!C47 -> *Л. Физическая культура и спорт* | D48: ='07.09'!D48+COUNTIF(D$8:D$38,$C48) -> 3 | E48: ='07.09'!E48+COUNTIF(E$8:E$38,$C48) -> 3 | F48: ='07.09'!F48+COUNTIF(F$8:F$38,$C48) -> 3 | G48: ='07.09'!G48+COUNTIF(G$8:G$38,$C48) -> 3 | H48: ='07.09'!H48+COUNTIF(H$8:H$38,$C48) -> 3 | I48: ='07.09'!I48+COUNTIF(I$8:I$38,$C48) -> 3
C49: ='01.09'!C48 -> *Пр. Физическая культура и спорт* | D49: ='07.09'!D49+COUNTIF(D$8:D$38,$C49) -> 0 | E49: ='07.09'!E49+COUNTIF(E$8:E$38,$C49) -> 0 | F49: ='07.09'!F49+COUNTIF(F$8:F$38,$C49) -> 0 | G49: ='07.09'!G49+COUNTIF(G$8:G$38,$C49) -> 0 | H49: ='07.09'!H49+COUNTIF(H$8:H$38,$C49) -> 0 | I49: ='07.09'!I49+COUNTIF(I$8:I$38,$C49) -> 0
C50: ='01.09'!C49 -> *Л. Информационные технологии* | D50: ='07.09'!D50+COUNTIF(D$8:D$38,$C50) -> 2 | E50: ='07.09'!E50+COUNTIF(E$8:E$38,$C50) -> 2 | F50: ='07.09'!F50+COUNTIF(F$8:F$38,$C50) -> 2 | G50: ='07.09'!G50+COUNTIF(G$8:G$38,$C50) -> 2 | H50: ='07.09'!H50+COUNTIF(H$8:H$38,$C50) -> 2 | I50: ='07.09'!I50+COUNTIF(I$8:I$38,$C50) -> 2
C51: ='01.09'!C50 -> *Пр. Информационные технологии* | D51: ='07.09'!D51+COUNTIF(D$8:D$38,$C51) -> 2 | E51: ='07.09'!E51+COUNTIF(E$8:E$38,$C51) -> 2 | F51: ='07.09'!F51+COUNTIF(F$8:F$38,$C51) -> 2 | G51: ='07.09'!G51+COUNTIF(G$8:G$38,$C51) -> 2 | H51: ='07.09'!H51+COUNTIF(H$8:H$38,$C51) -> 2 | I51: ='07.09'!I51+COUNTIF(I$8:I$38,$C51) -> 2
... C66: ='01.09'!C65 -> 0 | D66: ='07.09'!D66+COUNTIF(D$8:D$38,$C66) -> 0 | E66: ='07.09'!E66+COUNTIF(E$8:E$38,$C66) -> 0 | F66: ='07.09'!F66+COUNTIF(F$8:F$38,$C66) -> 0 | G66: ='07.09'!G66+COUNTIF(G$8:G$38,$C66) -> 0 | H66: ='07.09'!H66+COUNTIF(H$8:H$38,$C66) -> 0 | I66: ='07.09'!I66+COUNTIF(I$8:I$38,$C66) -> 0

Sheet 21.09
B1: Расписание учебных занятий на первое полугодие 2026-2027 учебного года
B2: ТРЕНЕРСКИЙ ФАКУЛЬТЕТ, направление подготовки (образовательная программа)
B3: 49.03.04 Спорт *
B4: Курс 1, семестр 1, очная форма обучения
A5: группы С1-01-26, С1-02-26, С1-03-26, С1-04А-26, С1-04Б-26, С1-05А-26, С1-05Б-26, С1-06-26
A6: День недели | B6: Дата | C6: Время | D6: 1 группа | E6: 2 группа | F6: 3 группа | G6: 4 группа | H6: 5 группа | I6: 6 группа
D7: Баскетбол | E7: Волейбол, гандбол, бейсбол, регби | F7: Интеллектуальные и технологичные виды спорта (шахматы, гонки дронов, компьютерный спорт, страйкбол) | G7: Теннис, настольный теннис, бадминтон, бильярд, сквош | H7: Футбол | I7: Хоккей
A8: Понедельник | B8: 46286 | C8: 8.50-10.20 | D8: Пр. Иностранный язык Комова Е.В. 508 гл.к.
C9: 10.40-12.10 | D9: Пр. Информационные технологии в сфере физической культуры и спорта Яшкина Е.Н. 277мбк | G9: Пр. Элективные дисциплины по ФКиС: Силовая подготовка Громов В.А. 42СК | H9: Пр. Волейбол Ефимов А.С., Пшеничная А.М. 230СК
C10: 13.00-14.30 | D10: Пр. Гимнастика Андреасян К.Б. 205СК | E10: Пр. Иностранный язык Комова Е.В. 508 гл.к. | G10: Пр. Информационные технологии в сфере физической культуры и спорта Яшкина Е.Н. 277мбк, Попов Г.И. 246мбк | H10: Пр. Теория и методика футбола Прил.1 | I10: Пр. Волейбол Ефимов А.С. 230СК
C11: 14.50-16.20 | D11: Пр. Волейбол Ефимов А.С. 230СК | E11: Пр. Информационные технологии в сфере физической культуры и спорта Яшкина Е.Н. 277мбк | H11: Пр. Теория и методика футбола Прил.1 | I11: Пр. Иностранный язык Комова Е.В. 508 гл.к.
C12: 16.40-18.10
A13: Вторник | B13: =B8+1 -> 46287 | C13: 8.50-10.20 | D13: Пр. Теория и методика баскетбола Прил.1 | F13: Пр. Теория и методика интеллектуальных и технологичных видов спорта Прил.1 | G13: Пр. Теория и методика тенниса, настольного тенниса, бадминтона, бильярда, сквоша Прил.1
C14: 10.40-12.10 | D14: Пр. Теория и методика баскетбола Прил.1 | E14: Пр. Теория и методика волейбола, гандбола, бейсбола, регби Прил.1 | F14: Пр. Теория и методика интеллектуальных и технологичных видов спорта Прил.1 | G14: Пр. Теория и методика тенниса, настольного тенниса, бадминтона, бильярда, сквоша Прил.1 | H14: Пр. Иностранный язык Комова Е.В. 508 гл.к., Варичев А.М. 511 гл.к. | I14: Пр. Гимнастика Кувшинникова С.А.205СК
C15: 13.00-14.30 | E15: Пр. Гимнастика Кувшинникова С.А. 205СК | F15: Пр. Иностранный язык Комова Е.В. 508 гл.к. | G15: Пр. Волейбол Суханова А.В., Пшеничная А.М. 230СК | H15: Пр. Элективные дисциплины по ФКиС: Силовая подготовка Атлас А.А. 42СК | I15: Пр. Теория и методика хоккея Прил.1
C16: 14.50-16.20 | F16: Пр. Элективные дисциплины по ФКиС: Силовая подготовка Атлас А.А. 42СК | I16: Пр. Теория и методика хоккея Прил.1
C17: 16.40-18.10
C18: 18.30-20.00
A19: Среда | B19: =B13+1 -> 46288 | C19: 8.50-10.20 | H19: Пр. Волейбол Ефимов А.С., Пшеничная А.М. 230СК
C20: 10.40-12.10 | D20: Пр. Элективные дисциплины по ФКиС: Силовая подготовка Смирнов В.Е. 42СК | G20: Пр. Гимнастика Андреасян К.Б. 205СК (группа С1-04А-26), Козлов В.В. 205СК (группа С1-04Б-26) | H20: Пр. Гимнастика Кувшинникова С.А., Дубовицкая И.А. 205СК | I20: Пр. Волейбол Ефимов А.С. 230СК
C21: 13.00-14.30 | D21: Пр. Волейбол Ефимов А.С. 230СК | E21: Пр. Гимнастика Кувшинникова С.А. 205СК | G21: Пр. Элективные дисциплины по ФКиС: Силовая подготовка Громов В.А. 42СК - только 23.09, 30.09 | I21: Пр. Теория и методика хоккея Прил.1
C22: 14.50-16.20 | E22: Пр. Волейбол Ананьин А.С. 230СК | I22: Пр. Теория и методика хоккея Прил.1
C23: 16.40-18.10
A24: Четверг | B24: =B19+1 -> 46289 | C24: 8.50-10.20
C25: 10.40-12.10 | E25: Пр. Элективные дисциплины по ФКиС: Силовая подготовка Громов В.А. 42СК | F25: Пр. Информационные технологии в сфере физической культуры и спорта Яшкина Е.Н. 277мбк | G25: Пр. Теория и методика настольного тенниса, бадминтона, бильярда, сквоша Прил.1 | I25: Пр. Гимнастика Кувшинникова С.А.205СК
C26: 13.00-14.30 | D26: Пр. Теория и методика баскетбола Прил.1 | E26: Пр. Теория и методика волейбола, гандбола, бейсбола, регби Прил.1 | F26: Пр. Волейбол Суханова А.В. 230СК | G26: Пр. Иностранный язык Комова Е.В. 508 гл.к., Удалова М.Ю. 511 гл.к. | H26: Пр. Гимнастика Кувшинникова С.А., Дубовицкая И.А. 205СК | I26: Пр. Информационные технологии в сфере физической культуры и спорта Яшкина Е.Н. 277мбк
C27: 14.50-16.20 | D27: Пр. Теория и методика баскетбола Прил.1 | E27: Пр. Теория и методика волейбола, гандбола, бейсбола, регби Прил.1 | F27: Пр. Теория и методика интеллектуальных и технологичных видов спорта Прил.1 | G27: Пр. Теория и методика тенниса Прил.1 | H27: Пр. Информационные технологии в сфере физической культуры и спорта Яшкина Е.Н. 138мбк, Попов Г.И. 246мбк
C28: 16.40-18.10
A29: Пятница | B29: =B24+1 -> 46290 | C29: 8.50-10.20 | E29: Пр. Волейбол Ананьин А.С. 230СК | F29: Пр. Гимнастика Андреасян К.Б. 205СК | H29: Пр. Теория и методика футбола Прил.1 | I29: Пр. Элективные дисциплины по ФКиС: Силовая подготовка Атлас А.А. 42СК
C30: 10.40-12.10 | D30: Л. Речевое общение в профессиональной деятельности Волкова М.С. 212 ауд.к. | E30: Л. Речевое общение в профессиональной деятельности Волкова М.С. 212 ауд.к. | F30: Л. Речевое общение в профессиональной деятельности Волкова М.С. 212 ауд.к. | G30: Л. Речевое общение в профессиональной деятельности Волкова М.С. 212 ауд.к. | H30: Л. Речевое общение в профессиональной деятельности Волкова М.С. 212 ауд.к. | I30: Л. Речевое общение в профессиональной деятельности Волкова М.С. 212 ауд.к.
C31: 13.00-14.30 | D31: Л. Анатомия человека Силаева Л.В. 161мбк | E31: Л. Анатомия человека Силаева Л.В. 161мбк | F31: Л. Анатомия человека Силаева Л.В. 161мбк | G31: Л. Анатомия человека Силаева Л.В. 161мбк | H31: Л. Анатомия человека Силаева Л.В. 161мбк | I31: Л. Анатомия человека Силаева Л.В. 161мбк
C32: 14.50-16.20 | D32: Л. Физическая культура и спорт Ким Т.К. 220 ауд.к. | E32: Л. Физическая культура и спорт Ким Т.К. 220 ауд.к. | F32: Л. Физическая культура и спорт Ким Т.К. 220 ауд.к. | G32: Л. Физическая культура и спорт Ким Т.К. 220 ауд.к. | H32: Л. Физическая культура и спорт Ким Т.К. 220 ауд.к. | I32: Л. Физическая культура и спорт Ким Т.К. 220 ауд.к.
C33: 16.40-18.10
A34: Суббота | B34: =B29+1 -> 46291 | C34: 8.50-10.20
C35: 10.40-12.10
C36: 13.00-14.30
C37: 14.50-16.20
C38: 16.40-18.10
D39: * Профили (направленность) указанны на титульном листе
C40: ='01.09'!C39 -> *Л. Речевое общение в профессиональной деятельности* | D40: ='14.09'!D40+COUNTIF(D$8:D$38,$C40) -> 4 | E40: ='14.09'!E40+COUNTIF(E$8:E$38,$C40) -> 4 | F40: ='14.09'!F40+COUNTIF(F$8:F$38,$C40) -> 4 | G40: ='14.09'!G40+COUNTIF(G$8:G$38,$C40) -> 4 | H40: ='14.09'!H40+COUNTIF(H$8:H$38,$C40) -> 4 | I40: ='14.09'!I40+COUNTIF(I$8:I$38,$C40) -> 4
C41: ='01.09'!C40 -> *Пр. Речевое общение в профессиональной деятельности* | D41: ='14.09'!D41+COUNTIF(D$8:D$38,$C41) -> 0 | E41: ='14.09'!E41+COUNTIF(E$8:E$38,$C41) -> 0 | F41: ='14.09'!F41+COUNTIF(F$8:F$38,$C41) -> 0 | G41: ='14.09'!G41+COUNTIF(G$8:G$38,$C41) -> 0 | H41: ='14.09'!H41+COUNTIF(H$8:H$38,$C41) -> 0 | I41: ='14.09'!I41+COUNTIF(I$8:I$38,$C41) -> 0
C42: ='01.09'!C41 -> *Л. Элективные дисциплины по ФКиС: Силовая подготовка* | D42: ='14.09'!D42+COUNTIF(D$8:D$38,$C42) -> 1 | E42: ='14.09'!E42+COUNTIF(E$8:E$38,$C42) -> 1 | F42: ='14.09'!F42+COUNTIF(F$8:F$38,$C42) -> 1 | G42: ='14.09'!G42+COUNTIF(G$8:G$38,$C42) -> 1 | H42: ='14.09'!H42+COUNTIF(H$8:H$38,$C42) -> 1 | I42: ='14.09'!I42+COUNTIF(I$8:I$38,$C42) -> 1
C43: ='01.09'!C42 -> *Пр. Элективные дисциплины по ФКиС: Силовая подготовка* | D43: ='14.09'!D43+COUNTIF(D$8:D$38,$C43) -> 3 | E43: ='14.09'!E43+COUNTIF(E$8:E$38,$C43) -> 3 | F43: ='14.09'!F43+COUNTIF(F$8:F$38,$C43) -> 3 | G43: ='14.09'!G43+COUNTIF(G$8:G$38,$C43) -> 4 | H43: ='14.09'!H43+COUNTIF(H$8:H$38,$C43) -> 3 | I43: ='14.09'!I43+COUNTIF(I$8:I$38,$C43) -> 3
C44: ='01.09'!C43 -> *Л. Анатомия* | D44: ='14.09'!D44+COUNTIF(D$8:D$38,$C44) -> 3 | E44: ='14.09'!E44+COUNTIF(E$8:E$38,$C44) -> 3 | F44: ='14.09'!F44+COUNTIF(F$8:F$38,$C44) -> 3 | G44: ='14.09'!G44+COUNTIF(G$8:G$38,$C44) -> 3 | H44: ='14.09'!H44+COUNTIF(H$8:H$38,$C44) -> 3 | I44: ='14.09'!I44+COUNTIF(I$8:I$38,$C44) -> 3
C45: ='01.09'!C44 -> *Пр. Анатомия* | D45: ='14.09'!D45+COUNTIF(D$8:D$38,$C45) -> 0 | E45: ='14.09'!E45+COUNTIF(E$8:E$38,$C45) -> 0 | F45: ='14.09'!F45+COUNTIF(F$8:F$38,$C45) -> 0 | G45: ='14.09'!G45+COUNTIF(G$8:G$38,$C45) -> 0 | H45: ='14.09'!H45+COUNTIF(H$8:H$38,$C45) -> 0 | I45: ='14.09'!I45+COUNTIF(I$8:I$38,$C45) -> 0
C46: ='01.09'!C45 -> *Л. Теория и методика* | D46: ='14.09'!D46+COUNTIF(D$8:D$38,$C46) -> 1 | E46: ='14.09'!E46+COUNTIF(E$8:E$38,$C46) -> 1 | F46: ='14.09'!F46+COUNTIF(F$8:F$38,$C46) -> 1 | G46: ='14.09'!G46+COUNTIF(G$8:G$38,$C46) -> 1 | H46: ='14.09'!H46+COUNTIF(H$8:H$38,$C46) -> 1 | I46: ='14.09'!I46+COUNTIF(I$8:I$38,$C46) -> 1
C47: ='01.09'!C46 -> *Пр. Теория и методика* | D47: ='14.09'!D47+COUNTIF(D$8:D$38,$C47) -> 12 | E47: ='14.09'!E47+COUNTIF(E$8:E$38,$C47) -> 11 | F47: ='14.09'!F47+COUNTIF(F$8:F$38,$C47) -> 11 | G47: ='14.09'!G47+COUNTIF(G$8:G$38,$C47) -> 11 | H47: ='14.09'!H47+COUNTIF(H$8:H$38,$C47) -> 11 | I47: ='14.09'!I47+COUNTIF(I$8:I$38,$C47) -> 12
C48: ='01.09'!C47 -> *Л. Физическая культура и спорт* | D48: ='14.09'!D48+COUNTIF(D$8:D$38,$C48) -> 4 | E48: ='14.09'!E48+COUNTIF(E$8:E$38,$C48) -> 4 | F48: ='14.09'!F48+COUNTIF(F$8:F$38,$C48) -> 4 | G48: ='14.09'!G48+COUNTIF(G$8:G$38,$C48) -> 4 | H48: ='14.09'!H48+COUNTIF(H$8:H$38,$C48) -> 4 | I48: ='14.09'!I48+COUNTIF(I$8:I$38,$C48) -> 4
C49: ='01.09'!C48 -> *Пр. Физическая культура и спорт* | D49: ='14.09'!D49+COUNTIF(D$8:D$38,$C49) -> 0 | E49: ='14.09'!E49+COUNTIF(E$8:E$38,$C49) -> 0 | F49: ='14.09'!F49+COUNTIF(F$8:F$38,$C49) -> 0 | G49: ='14.09'!G49+COUNTIF(G$8:G$38,$C49) -> 0 | H49: ='14.09'!H49+COUNTIF(H$8:H$38,$C49) -> 0 | I49: ='14.09'!I49+COUNTIF(I$8:I$38,$C49) -> 0
C50: ='01.09'!C49 -> *Л. Информационные технологии* | D50: ='14.09'!D50+COUNTIF(D$8:D$38,$C50) -> 2 | E50: ='14.09'!E50+COUNTIF(E$8:E$38,$C50) -> 2 | F50: ='14.09'!F50+COUNTIF(F$8:F$38,$C50) -> 2 | G50: ='14.09'!G50+COUNTIF(G$8:G$38,$C50) -> 2 | H50: ='14.09'!H50+COUNTIF(H$8:H$38,$C50) -> 2 | I50: ='14.09'!I50+COUNTIF(I$8:I$38,$C50) -> 2
C51: ='01.09'!C50 -> *Пр. Информационные технологии* | D51: ='14.09'!D51+COUNTIF(D$8:D$38,$C51) -> 3 | E51: ='14.09'!E51+COUNTIF(E$8:E$38,$C51) -> 3 | F51: ='14.09'!F51+COUNTIF(F$8:F$38,$C51) -> 3 | G51: ='14.09'!G51+COUNTIF(G$8:G$38,$C51) -> 3 | H51: ='14.09'!H51+COUNTIF(H$8:H$38,$C51) -> 3 | I51: ='14.09'!I51+COUNTIF(I$8:I$38,$C51) -> 3
... C66: ='01.09'!C65 -> 0 | D66: ='14.09'!D66+COUNTIF(D$8:D$38,$C66) -> 0 | E66: ='14.09'!E66+COUNTIF(E$8:E$38,$C66) -> 0 | F66: ='14.09'!F66+COUNTIF(F$8:F$38,$C66) -> 0 | G66: ='14.09'!G66+COUNTIF(G$8:G$38,$C66) -> 0 | H66: ='14.09'!H66+COUNTIF(H$8:H$38,$C66) -> 0 | I66: ='14.09'!I66+COUNTIF(I$8:I$38,$C66) -> 0

Sheet 28.09
B1: Расписание учебных занятий на первое полугодие 2026-2027 учебного года
B2: ТРЕНЕРСКИЙ ФАКУЛЬТЕТ, направление подготовки (образовательная программа)
B3: 49.03.04 Спорт *
B4: Курс 1, семестр 1, очная форма обучения
A5: группы С1-01-26, С1-02-26, С1-03-26, С1-04А-26, С1-04Б-26, С1-05А-26, С1-05Б-26, С1-06-26
A6: День недели | B6: Дата | C6: Время | D6: 1 группа | E6: 2 группа | F6: 3 группа | G6: 4 группа | H6: 5 группа | I6: 6 группа
D7: Баскетбол | E7: Волейбол, гандбол, бейсбол, регби | F7: Интеллектуальные и технологичные виды спорта (шахматы, гонки дронов, компьютерный спорт, страйкбол) | G7: Теннис, настольный теннис, бадминтон, бильярд, сквош | H7: Футбол | I7: Хоккей
A8: Понедельник | B8: 46293 | C8: 8.50-10.20 | D8: Пр. Иностранный язык Комова Е.В. 508 гл.к.
C9: 10.40-12.10 | D9: Пр. Информационные технологии в сфере физической культуры и спорта Яшкина Е.Н. 277мбк | G9: Пр. Элективные дисциплины по ФКиС: Силовая подготовка Громов В.А. 42СК | H9: Пр. Волейбол Ефимов А.С., Пшеничная А.М. 230СК
C10: 13.00-14.30 | D10: Пр. Гимнастика Андреасян К.Б. 205СК | E10: Пр. Иностранный язык Комова Е.В. 508 гл.к. | G10: Пр. Информационные технологии в сфере физической культуры и спорта Яшкина Е.Н. 277мбк, Попов Г.И. 246мбк | H10: Пр. Теория и методика футбола Прил.1 | I10: Пр. Волейбол Ефимов А.С. 230СК
C11: 14.50-16.20 | D11: Пр. Волейбол Ефимов А.С. 230СК | E11: Пр. Информационные технологии в сфере физической культуры и спорта Яшкина Е.Н. 277мбк | G11: Пр. Использование электронной информационно-образовательной среды РУС "ГЦОЛИФК" Шевцов А.В. 220ауд.к. | H11: Пр. Теория и методика футбола Прил.1 | I11: Пр. Иностранный язык Комова Е.В. 508 гл.к.
C12: 16.40-18.10
A13: Вторник | B13: =B8+1 -> 46294 | C13: 8.50-10.20 | D13: Пр. Теория и методика баскетбола Прил.1 | F13: Пр. Теория и методика интеллектуальных и технологичных видов спорта Прил.1 | G13: Пр. Теория и методика тенниса, настольного тенниса, бадминтона, бильярда, сквоша Прил.1 | H13: Пр. Использование электронной информационно-образовательной среды РУС "ГЦОЛИФК" Шевцов А.В. 216ауд.к.
C14: 10.40-12.10 | D14: Пр. Теория и методика баскетбола Прил.1 | E14: Пр. Теория и методика волейбола, гандбола, бейсбола, регби Прил.1 | F14: Пр. Теория и методика интеллектуальных и технологичных видов спорта Прил.1 | G14: Пр. Теория и методика тенниса, настольного тенниса, бадминтона, бильярда, сквоша Прил.1 | H14: Пр. Иностранный язык Комова Е.В. 508 гл.к., Варичев А.М. 511 гл.к. | I14: Пр. Гимнастика Кувшинникова С.А.205СК
C15: 13.00-14.30 | E15: Пр. Гимнастика Кувшинникова С.А. 205СК | F15: Пр. Иностранный язык Комова Е.В. 508 гл.к. | G15: Пр. Волейбол Суханова А.В., Пшеничная А.М. 230СК | H15: Пр. Элективные дисциплины по ФКиС: Силовая подготовка Атлас А.А. 42СК | I15: Пр. Физическая культура и спорт Кривенков А.А. 309 гл.к.
C16: 14.50-16.20 | F16: Пр. Элективные дисциплины по ФКиС: Силовая подготовка Атлас А.А. 42СК | H16: Пр. Физическая культура и спорт Кривенков А.А. 306 гл.к.
C17: 16.40-18.10
C18: 18.30-20.00
A19: Среда | B19: =B13+1 -> 46295 | C19: 8.50-10.20 | G19: Пр. Физическая культура и спорт Кривенков А.А. 404 ауд.к. | H19: Пр. Волейбол Ефимов А.С., Пшеничная А.М. 230СК
C20: 10.40-12.10 | D20: Пр. Элективные дисциплины по ФКиС: Силовая подготовка Смирнов В.Е. 42СК | E20: Пр. Физическая культура и спорт Кривенков А.А. 404 ауд.к. | G20: Пр. Гимнастика Андреасян К.Б. 205СК (группа С1-04А-26), Козлов В.В. 205СК (группа С1-04Б-26) | H20: Пр. Гимнастика Кувшинникова С.А., Дубовицкая И.А. 205СК | I20: Пр. Волейбол Ефимов А.С. 230СК
C21: 13.00-14.30 | D21: Пр. Волейбол Ефимов А.С. 230СК | E21: Пр. Гимнастика Кувшинникова С.А. 205СК | F21: Пр. Физическая культура и спорт Кривенков А.А. 306 гл.к. | G21: Пр. Элективные дисциплины по ФКиС: Силовая подготовка Громов В.А. 42СК - только 30.09 | H21: Пр. Использование электронной информационно-образовательной среды РУС "ГЦОЛИФК" Кузнецова Н.А. 403 ауд.к. | I21: Пр. Теория и методика хоккея Прил.1
C22: 14.50-16.20 | D22: Пр. Физическая культура и спорт Кривенков А.А. 306 гл.к. | E22: Пр. Волейбол Ананьин А.С. 230СК | F22: Пр. Гимнастика Андреасян К.Б. 205СК | G22: Пр. Использование электронной информационно-образовательной среды РУС "ГЦОЛИФК" Кузнецова Н.А. 403 ауд.к. | I22: Пр. Теория и методика хоккея Прил.1
C23: 16.40-18.10
A24: Четверг | B24: =B19+1 -> 46296 | C24: 8.50-10.20
C25: 10.40-12.10 | E25: Пр. Элективные дисциплины по ФКиС: Силовая подготовка Громов В.А. 42СК | F25: Пр. Информационные технологии в сфере физической культуры и спорта Яшкина Е.Н. 277мбк | G25: Пр. Теория и методика настольного тенниса, бадминтона, бильярда, сквоша Прил.1 | I25: Пр. Гимнастика Кувшинникова С.А.205СК
C26: 13.00-14.30 | D26: Л. Теория и методика баскетбола Прил.1 | E26: Пр. Теория и методика волейбола, гандбола, бейсбола, регби Прил.1 | F26: Пр. Волейбол Суханова А.В. 230СК | G26: Пр. Иностранный язык Комова Е.В. 508 гл.к., Удалова М.Ю. 511 гл.к. | H26: Пр. Гимнастика Кувшинникова С.А., Дубовицкая И.А. 205СК | I26: Пр. Информационные технологии в сфере физической культуры и спорта Яшкина Е.Н. 277мбк
C27: 14.50-16.20 | D27: Пр. Теория и методика баскетбола Прил.1 | E27: Пр. Теория и методика волейбола, гандбола, бейсбола, регби Прил.1 | F27: Пр. Теория и методика интеллектуальных и технологичных видов спорта Прил.1 | G27: Пр. Теория и методика тенниса Прил.1 | H27: Пр. Информационные технологии в сфере физической культуры и спорта Яшкина Е.Н. 277мбк, Попов Г.И. 246мбк
C28: 16.40-18.10
A29: Пятница | B29: =B24+1 -> 46297 | C29: 8.50-10.20 | E29: Пр. Волейбол Ананьин А.С. 230СК | F29: Пр. Гимнастика Андреасян К.Б. 205СК | H29: Пр. Теория и методика футбола Прил.1 | I29: Пр. Элективные дисциплины по ФКиС: Силовая подготовка Атлас А.А. 42СК
C30: 10.40-12.10 | D30: Л. Речевое общение в профессиональной деятельности Волкова М.С. 212 ауд.к. | E30: Л. Речевое общение в профессиональной деятельности Волкова М.С. 212 ауд.к. | F30: Л. Речевое общение в профессиональной деятельности Волкова М.С. 212 ауд.к. | G30: Л. Речевое общение в профессиональной деятельности Волкова М.С. 212 ауд.к. | H30: Л. Речевое общение в профессиональной деятельности Волкова М.С. 212 ауд.к. | I30: Л. Речевое общение в профессиональной деятельности Волкова М.С. 212 ауд.к.
C31: 13.00-14.30 | D31: Л. Анатомия человека Силаева Л.В. 161мбк | E31: Л. Анатомия человека Силаева Л.В. 161мбк | F31: Л. Анатомия человека Силаева Л.В. 161мбк | G31: Л. Анатомия человека Силаева Л.В. 161мбк | H31: Л. Анатомия человека Силаева Л.В. 161мбк | I31: Л. Анатомия человека Силаева Л.В. 161мбк
C32: 14.50-16.20 | D32: Л. Физическая культура и спорт Ким Т.К. 220 ауд.к. | E32: Л. Физическая культура и спорт Ким Т.К. 220 ауд.к. | F32: Л. Физическая культура и спорт Ким Т.К. 220 ауд.к. | G32: Л. Физическая культура и спорт Ким Т.К. 220 ауд.к. | H32: Л. Физическая культура и спорт Ким Т.К. 220 ауд.к. | I32: Л. Физическая культура и спорт Ким Т.К. 220 ауд.к.
C33: 16.40-18.10
A34: Суббота | B34: =B29+1 -> 46298 | C34: 8.50-10.20
C35: 10.40-12.10
C36: 13.00-14.30
C37: 14.50-16.20
C38: 16.40-18.10
D39: * Профили (направленность) указанны на титульном листе
C40: ='01.09'!C39 -> *Л. Речевое общение в профессиональной деятельности* | D40: ='21.09'!D40+COUNTIF(D$8:D$38,$C40) -> 5 | E40: ='21.09'!E40+COUNTIF(E$8:E$38,$C40) -> 5 | F40: ='21.09'!F40+COUNTIF(F$8:F$38,$C40) -> 5 | G40: ='21.09'!G40+COUNTIF(G$8:G$38,$C40) -> 5 | H40: ='21.09'!H40+COUNTIF(H$8:H$38,$C40) -> 5 | I40: ='21.09'!I40+COUNTIF(I$8:I$38,$C40) -> 5
C41: ='01.09'!C40 -> *Пр. Речевое общение в профессиональной деятельности* | D41: ='21.09'!D41+COUNTIF(D$8:D$38,$C41) -> 0 | E41: ='21.09'!E41+COUNTIF(E$8:E$38,$C41) -> 0 | F41: ='21.09'!F41+COUNTIF(F$8:F$38,$C41) -> 0 | G41: ='21.09'!G41+COUNTIF(G$8:G$38,$C41) -> 0 | H41: ='21.09'!H41+COUNTIF(H$8:H$38,$C41) -> 0 | I41: ='21.09'!I41+COUNTIF(I$8:I$38,$C41) -> 0
C42: ='01.09'!C41 -> *Л. Элективные дисциплины по ФКиС: Силовая подготовка* | D42: ='21.09'!D42+COUNTIF(D$8:D$38,$C42) -> 1 | E42: ='21.09'!E42+COUNTIF(E$8:E$38,$C42) -> 1 | F42: ='21.09'!F42+COUNTIF(F$8:F$38,$C42) -> 1 | G42: ='21.09'!G42+COUNTIF(G$8:G$38,$C42) -> 1 | H42: ='21.09'!H42+COUNTIF(H$8:H$38,$C42) -> 1 | I42: ='21.09'!I42+COUNTIF(I$8:I$38,$C42) -> 1
C43: ='01.09'!C42 -> *Пр. Элективные дисциплины по ФКиС: Силовая подготовка* | D43: ='21.09'!D43+COUNTIF(D$8:D$38,$C43) -> 4 | E43: ='21.09'!E43+COUNTIF(E$8:E$38,$C43) -> 4 | F43: ='21.09'!F43+COUNTIF(F$8:F$38,$C43) -> 4 | G43: ='21.09'!G43+COUNTIF(G$8:G$38,$C43) -> 6 | H43: ='21.09'!H43+COUNTIF(H$8:H$38,$C43) -> 4 | I43: ='21.09'!I43+COUNTIF(I$8:I$38,$C43) -> 4
C44: ='01.09'!C43 -> *Л. Анатомия* | D44: ='21.09'!D44+COUNTIF(D$8:D$38,$C44) -> 4 | E44: ='21.09'!E44+COUNTIF(E$8:E$38,$C44) -> 4 | F44: ='21.09'!F44+COUNTIF(F$8:F$38,$C44) -> 4 | G44: ='21.09'!G44+COUNTIF(G$8:G$38,$C44) -> 4 | H44: ='21.09'!H44+COUNTIF(H$8:H$38,$C44) -> 4 | I44: ='21.09'!I44+COUNTIF(I$8:I$38,$C44) -> 4
C45: ='01.09'!C44 -> *Пр. Анатомия* | D45: ='21.09'!D45+COUNTIF(D$8:D$38,$C45) -> 0 | E45: ='21.09'!E45+COUNTIF(E$8:E$38,$C45) -> 0 | F45: ='21.09'!F45+COUNTIF(F$8:F$38,$C45) -> 0 | G45: ='21.09'!G45+COUNTIF(G$8:G$38,$C45) -> 0 | H45: ='21.09'!H45+COUNTIF(H$8:H$38,$C45) -> 0 | I45: ='21.09'!I45+COUNTIF(I$8:I$38,$C45) -> 0
C46: ='01.09'!C45 -> *Л. Теория и методика* | D46: ='21.09'!D46+COUNTIF(D$8:D$38,$C46) -> 2 | E46: ='21.09'!E46+COUNTIF(E$8:E$38,$C46) -> 1 | F46: ='21.09'!F46+COUNTIF(F$8:F$38,$C46) -> 1 | G46: ='21.09'!G46+COUNTIF(G$8:G$38,$C46) -> 1 | H46: ='21.09'!H46+COUNTIF(H$8:H$38,$C46) -> 1 | I46: ='21.09'!I46+COUNTIF(I$8:I$38,$C46) -> 1
C47: ='01.09'!C46 -> *Пр. Теория и методика* | D47: ='21.09'!D47+COUNTIF(D$8:D$38,$C47) -> 15 | E47: ='21.09'!E47+COUNTIF(E$8:E$38,$C47) -> 14 | F47: ='21.09'!F47+COUNTIF(F$8:F$38,$C47) -> 14 | G47: ='21.09'!G47+COUNTIF(G$8:G$38,$C47) -> 14 | H47: ='21.09'!H47+COUNTIF(H$8:H$38,$C47) -> 14 | I47: ='21.09'!I47+COUNTIF(I$8:I$38,$C47) -> 14
C48: ='01.09'!C47 -> *Л. Физическая культура и спорт* | D48: ='21.09'!D48+COUNTIF(D$8:D$38,$C48) -> 5 | E48: ='21.09'!E48+COUNTIF(E$8:E$38,$C48) -> 5 | F48: ='21.09'!F48+COUNTIF(F$8:F$38,$C48) -> 5 | G48: ='21.09'!G48+COUNTIF(G$8:G$38,$C48) -> 5 | H48: ='21.09'!H48+COUNTIF(H$8:H$38,$C48) -> 5 | I48: ='21.09'!I48+COUNTIF(I$8:I$38,$C48) -> 5
C49: ='01.09'!C48 -> *Пр. Физическая культура и спорт* | D49: ='21.09'!D49+COUNTIF(D$8:D$38,$C49) -> 1 | E49: ='21.09'!E49+COUNTIF(E$8:E$38,$C49) -> 1 | F49: ='21.09'!F49+COUNTIF(F$8:F$38,$C49) -> 1 | G49: ='21.09'!G49+COUNTIF(G$8:G$38,$C49) -> 1 | H49: ='21.09'!H49+COUNTIF(H$8:H$38,$C49) -> 1 | I49: ='21.09'!I49+COUNTIF(I$8:I$38,$C49) -> 1
C50: ='01.09'!C49 -> *Л. Информационные технологии* | D50: ='21.09'!D50+COUNTIF(D$8:D$38,$C50) -> 2 | E50: ='21.09'!E50+COUNTIF(E$8:E$38,$C50) -> 2 | F50: ='21.09'!F50+COUNTIF(F$8:F$38,$C50) -> 2 | G50: ='21.09'!G50+COUNTIF(G$8:G$38,$C50) -> 2 | H50: ='21.09'!H50+COUNTIF(H$8:H$38,$C50) -> 2 | I50: ='21.09'!I50+COUNTIF(I$8:I$38,$C50) -> 2
C51: ='01.09'!C50 -> *Пр. Информационные технологии* | D51: ='21.09'!D51+COUNTIF(D$8:D$38,$C51) -> 4 | E51: ='21.09'!E51+COUNTIF(E$8:E$38,$C51) -> 4 | F51: ='21.09'!F51+COUNTIF(F$8:F$38,$C51) -> 4 | G51: ='21.09'!G51+COUNTIF(G$8:G$38,$C51) -> 4 | H51: ='21.09'!H51+COUNTIF(H$8:H$38,$C51) -> 4 | I51: ='21.09'!I51+COUNTIF(I$8:I$38,$C51) -> 4
... C66: ='01.09'!C65 -> 0 | D66: ='21.09'!D66+COUNTIF(D$8:D$38,$C66) -> 0 | E66: ='21.09'!E66+COUNTIF(E$8:E$38,$C66) -> 0 | F66: ='21.09'!F66+COUNTIF(F$8:F$38,$C66) -> 0 | G66: ='21.09'!G66+COUNTIF(G$8:G$38,$C66) -> 0 | H66: ='21.09'!H66+COUNTIF(H$8:H$38,$C66) -> 0 | I66: ='21.09'!I66+COUNTIF(I$8:I$38,$C66) -> 0

Sheet 05.10
B1: Расписание учебных занятий на первое полугодие 2026-2027 учебного года
B2: ТРЕНЕРСКИЙ ФАКУЛЬТЕТ, направление подготовки (образовательная программа)
B3: 49.03.04 Спорт *
B4: Курс 1, семестр 1, очная форма обучения
A5: группы С1-01-26, С1-02-26, С1-03-26, С1-04А-26, С1-04Б-26, С1-05А-26, С1-05Б-26, С1-06-26
A6: День недели | B6: Дата | C6: Время | D6: 1 группа | E6: 2 группа | F6: 3 группа | G6: 4 группа | H6: 5 группа | I6: 6 группа
D7: Баскетбол | E7: Волейбол, гандбол, бейсбол, регби | F7: Интеллектуальные и технологичные виды спорта (шахматы, гонки дронов, компьютерный спорт, страйкбол) | G7: Теннис, настольный теннис, бадминтон, бильярд, сквош | H7: Футбол | I7: Хоккей
A8: Понедельник | B8: 46300 | C8: 8.50-10.20 | D8: Пр. Иностранный язык Комова Е.В. 508 гл.к.
C9: 10.40-12.10 | D9: Пр. Информационные технологии в сфере физической культуры и спорта Яшкина Е.Н. 277мбк | G9: Пр. Элективные дисциплины по ФКиС: Силовая подготовка Громов В.А. 42СК | H9: Пр. Волейбол Ефимов А.С., Пшеничная А.М. 230СК
C10: 13.00-14.30 | D10: Пр. Гимнастика Андреасян К.Б. 205СК | E10: Пр. Иностранный язык Комова Е.В. 508 гл.к. | G10: Пр. Информационные технологии в сфере физической культуры и спорта Яшкина Е.Н. 277мбк, Попов Г.И. 246мбк | H10: Л. Теория и методика футбола Прил.1 | I10: Пр. Волейбол Ефимов А.С. 230СК
C11: 14.50-16.20 | D11: Пр. Волейбол Ефимов А.С. 230СК | E11: Пр. Информационные технологии в сфере физической культуры и спорта Яшкина Е.Н. 277мбк | G11: Пр. Гимнастика Андреасян К.Б. 205СК (группа С1-04А-26) | H11: Пр. Теория и методика футбола Прил.1 | I11: Пр. Иностранный язык Комова Е.В. 508 гл.к.
C12: 16.40-18.10
A13: Вторник | B13: =B8+1 -> 46301 | C13: 8.50-10.20 | F13: Л. Теория и методика интеллектуальных и технологичных видов спорта Прил.1 | G13: Пр. Теория и методика тенниса, настольного тенниса, бадминтона, бильярда, сквоша Прил.1 | I13: Пр. Использование электронной информационно-образовательной среды РУС "ГЦОЛИФК" Шевцов А.В. 216ауд.к.
C14: 10.40-12.10 | D14: Пр. Теория и методика баскетбола Прил.1 | E14: Л. Теория и методика волейбола, гандбола, бейсбола, регби Прил.1 | F14: Пр. Теория и методика интеллектуальных и технологичных видов спорта Прил.1 | G14: Пр. Теория и методика тенниса, настольного тенниса, бадминтона, бильярда, сквоша Прил.1 | H14: Пр. Иностранный язык Комова Е.В. 508 гл.к., Бабель Т.А. 511 гл.к. | I14: Пр. Гимнастика Кувшинникова С.А.205СК
C15: 13.00-14.30 | D15: Пр. Анатомия человека Гричанова Т.Г. 154мбк | E15: Пр. Гимнастика Кувшинникова С.А. 205СК - только 06.10 | F15: Пр. Иностранный язык Комова Е.В. 508 гл.к. | G15: Пр. Волейбол Суханова А.В., Пшеничная А.М. 230СК | H15: Пр. Элективные дисциплины по ФКиС: Силовая подготовка Атлас А.А. 42СК | I15: Пр. Физическая культура и спорт Кривенков А.А. 309 гл.к.
C16: 14.50-16.20 | D16: Пр. Речевое общение в профессиональной деятельности Волкова М.С. 513 гл.к. | F16: Пр. Элективные дисциплины по ФКиС: Силовая подготовка Атлас А.А. 42СК | H16: Пр. Физическая культура и спорт Кривенков А.А. 306 гл.к.
C17: 16.40-18.10
C18: 18.30-20.00
A19: Среда | B19: =B13+1 -> 46302 | C19: 8.50-10.20 | E19: Пр. Речевое общение в профессиональной деятельности Волкова М.С. 410 гл.к.- только 07.10 | G19: Пр. Физическая культура и спорт Кривенков А.А. 404 ауд.к. | H19: Пр. Волейбол Ефимов А.С., Пшеничная А.М. 230СК
C20: 10.40-12.10 | D20: Пр. Элективные дисциплины по ФКиС: Силовая подготовка Смирнов В.Е. 42СК | E20: Пр. Физическая культура и спорт Кривенков А.А. 404 ауд.к. | F20: Пр. Анатомия человека Мештель А.В. 154мбк | G20: Пр. Гимнастика Андреасян К.Б. 205СК (группа С1-04А-26), Козлов В.В. 205СК (группа С1-04Б-26) | H20: Пр. Гимнастика Кувшинникова С.А., Дубовицкая И.А. 205СК | I20: Пр. Волейбол Ефимов А.С. 230СК
C21: 13.00-14.30 | D21: Пр. Волейбол Ефимов А.С. 230СК | E21: Пр. Гимнастика Кувшинникова С.А. 205СК | F21: Пр. Физическая культура и спорт Кривенков А.А. 403 ауд.к. | I21: Л. Теория и методика хоккея Прил.1
C22: 14.50-16.20 | D22: Пр. Физическая культура и спорт Кривенков А.А. 403 ауд.к. | E22: Пр. Волейбол Ананьин А.С. 230СК | F22: Пр. Гимнастика Андреасян К.Б. 205СК | I22: Пр. Теория и методика хоккея Прил.1
C23: 16.40-18.10
A24: Четверг | B24: =B19+1 -> 46303 | C24: 8.50-10.20
C25: 10.40-12.10 | E25: Пр. Элективные дисциплины по ФКиС: Силовая подготовка Громов В.А. 42СК | F25: Пр. Информационные технологии в сфере физической культуры и спорта Яшкина Е.Н. 277мбк | G25: Пр. Теория и методика настольного тенниса, бадминтона, бильярда, сквоша Прил.1 | I25: Пр. Речевое общение в профессиональной деятельности Волкова М.С. 513 гл.к.
C26: 13.00-14.30 | D26: Пр. Теория и методика баскетбола Прил.1 | E26: Пр. Теория и методика волейбола, гандбола, бейсбола, регби Прил.1 | F26: Пр. Волейбол Суханова А.В. 230СК | G26: Пр. Иностранный язык Комова Е.В. 508 гл.к., Удалова М.Ю. 511 гл.к. | H26: Пр. Гимнастика Кувшинникова С.А., Дубовицкая И.А. 205СК - только 08.10 | I26: Пр. Информационные технологии в сфере физической культуры и спорта Яшкина Е.Н. 277мбк
C27: 14.50-16.20 | D27: Пр. Теория и методика баскетбола Прил.1 | E27: Пр. Теория и методика волейбола, гандбола, бейсбола, регби Прил.1 | F27: Пр. Теория и методика интеллектуальных и технологичных видов спорта Прил.1 | G27: Пр. Теория и методика тенниса Прил.1 | H27: Пр. Информационные технологии в сфере физической культуры и спорта Яшкина Е.Н. 277мбк, Попов Г.И. 246мбк
C28: 16.40-18.10 | H28: Пр. Речевое общение в профессиональной деятельности Волкова М.С. (группа С1-05А-26) 513 гл.к.- только 08.10
A29: Пятница | B29: =B24+1 -> 46304 | C29: 8.50-10.20 | E29: Пр. Анатомия человека Сироткина Ю.А. 151мбк | F29: Пр. Гимнастика Андреасян К.Б. 205СК | H29: Пр. Теория и методика футбола Прил.1 | I29: Пр. Элективные дисциплины по ФКиС: Силовая подготовка Атлас А.А. 42СК
C30: 10.40-12.10 | E30: Пр. Волейбол Ананьин А.С. 230СК | F30: Пр. Речевое общение в профессиональной деятельности Волкова М.С. 513 гл.к. | H30: Пр. Теория и методика футбола Прил.1 | I30: Пр. Анатомия человека Силаева Л.В. 143мбк
C31: 13.00-14.30 | F31: Пр. Использование электронной информационно-образовательной среды РУС "ГЦОЛИФК" Шевцов А.В. 220ауд.к. | G31: Пр. Речевое общение в профессиональной деятельности Волкова М.С. 513гл.к. (группа С1-04А-26); Пр. Гимнастика Козлов В.В. 205СК (группа С1-04Б-26) | H31: Пр. Анатомия человека Силаева Л.В. 143мбк(группа С1-05Б-26) , Мештель А.В. 151мбк (группа С1-05А-26) | I31: Пр. Использование электронной информационно-образовательной среды РУС "ГЦОЛИФК" Кузнецова Н.А. 401ауд.к.
C32: 14.50-16.20 | G32: Пр. Анатомия человека Силаева Л.В. 143мбк (группа С1-04А-26), Мештель А.В. 151мбк (группа С1-04Б-26) | H32: Пр. Речевое общение в профессиональной деятельности Волкова М.С. 513 гл.к.(группа С1-05Б-26)
C33: 16.40-18.10 | G33: Пр. Речевое общение в профессиональной деятельности Волкова М.С. 513гл.к.(группа С1-04Б-26)
A34: Суббота | B34: =B29+1 -> 46305 | C34: 8.50-10.20
C35: 10.40-12.10
C36: 13.00-14.30
C37: 14.50-16.20
C38: 16.40-18.10
D39: * Профили (направленность) указанны на титульном листе
C40: ='01.09'!C39 -> *Л. Речевое общение в профессиональной деятельности* | D40: ='28.09'!D40+COUNTIF(D$8:D$38,$C40) -> 5 | E40: ='28.09'!E40+COUNTIF(E$8:E$38,$C40) -> 5 | F40: ='28.09'!F40+COUNTIF(F$8:F$38,$C40) -> 5 | G40: ='28.09'!G40+COUNTIF(G$8:G$38,$C40) -> 5 | H40: ='28.09'!H40+COUNTIF(H$8:H$38,$C40) -> 5 | I40: ='28.09'!I40+COUNTIF(I$8:I$38,$C40) -> 5
C41: ='01.09'!C40 -> *Пр. Речевое общение в профессиональной деятельности* | D41: ='28.09'!D41+COUNTIF(D$8:D$38,$C41) -> 1 | E41: ='28.09'!E41+COUNTIF(E$8:E$38,$C41) -> 1 | F41: ='28.09'!F41+COUNTIF(F$8:F$38,$C41) -> 1 | G41: ='28.09'!G41+COUNTIF(G$8:G$38,$C41) -> 1 | H41: ='28.09'!H41+COUNTIF(H$8:H$38,$C41) -> 1 | I41: ='28.09'!I41+COUNTIF(I$8:I$38,$C41) -> 1
C42: ='01.09'!C41 -> *Л. Элективные дисциплины по ФКиС: Силовая подготовка* | D42: ='28.09'!D42+COUNTIF(D$8:D$38,$C42) -> 1 | E42: ='28.09'!E42+COUNTIF(E$8:E$38,$C42) -> 1 | F42: ='28.09'!F42+COUNTIF(F$8:F$38,$C42) -> 1 | G42: ='28.09'!G42+COUNTIF(G$8:G$38,$C42) -> 1 | H42: ='28.09'!H42+COUNTIF(H$8:H$38,$C42) -> 1 | I42: ='28.09'!I42+COUNTIF(I$8:I$38,$C42) -> 1
C43: ='01.09'!C42 -> *Пр. Элективные дисциплины по ФКиС: Силовая подготовка* | D43: ='28.09'!D43+COUNTIF(D$8:D$38,$C43) -> 5 | E43: ='28.09'!E43+COUNTIF(E$8:E$38,$C43) -> 5 | F43: ='28.09'!F43+COUNTIF(F$8:F$38,$C43) -> 5 | G43: ='28.09'!G43+COUNTIF(G$8:G$38,$C43) -> 7 | H43: ='28.09'!H43+COUNTIF(H$8:H$38,$C43) -> 5 | I43: ='28.09'!I43+COUNTIF(I$8:I$38,$C43) -> 5
C44: ='01.09'!C43 -> *Л. Анатомия* | D44: ='28.09'!D44+COUNTIF(D$8:D$38,$C44) -> 4 | E44: ='28.09'!E44+COUNTIF(E$8:E$38,$C44) -> 4 | F44: ='28.09'!F44+COUNTIF(F$8:F$38,$C44) -> 4 | G44: ='28.09'!G44+COUNTIF(G$8:G$38,$C44) -> 4 | H44: ='28.09'!H44+COUNTIF(H$8:H$38,$C44) -> 4 | I44: ='28.09'!I44+COUNTIF(I$8:I$38,$C44) -> 4
C45: ='01.09'!C44 -> *Пр. Анатомия* | D45: ='28.09'!D45+COUNTIF(D$8:D$38,$C45) -> 1 | E45: ='28.09'!E45+COUNTIF(E$8:E$38,$C45) -> 1 | F45: ='28.09'!F45+COUNTIF(F$8:F$38,$C45) -> 1 | G45: ='28.09'!G45+COUNTIF(G$8:G$38,$C45) -> 1 | H45: ='28.09'!H45+COUNTIF(H$8:H$38,$C45) -> 1 | I45: ='28.09'!I45+COUNTIF(I$8:I$38,$C45) -> 1
C46: ='01.09'!C45 -> *Л. Теория и методика* | D46: ='28.09'!D46+COUNTIF(D$8:D$38,$C46) -> 2 | E46: ='28.09'!E46+COUNTIF(E$8:E$38,$C46) -> 2 | F46: ='28.09'!F46+COUNTIF(F$8:F$38,$C46) -> 2 | G46: ='28.09'!G46+COUNTIF(G$8:G$38,$C46) -> 1 | H46: ='28.09'!H46+COUNTIF(H$8:H$38,$C46) -> 2 | I46: ='28.09'!I46+COUNTIF(I$8:I$38,$C46) -> 2
C47: ='01.09'!C46 -> *Пр. Теория и методика* | D47: ='28.09'!D47+COUNTIF(D$8:D$38,$C47) -> 18 | E47: ='28.09'!E47+COUNTIF(E$8:E$38,$C47) -> 16 | F47: ='28.09'!F47+COUNTIF(F$8:F$38,$C47) -> 16 | G47: ='28.09'!G47+COUNTIF(G$8:G$38,$C47) -> 17 | H47: ='28.09'!H47+COUNTIF(H$8:H$38,$C47) -> 17 | I47: ='28.09'!I47+COUNTIF(I$8:I$38,$C47) -> 15
C48: ='01.09'!C47 -> *Л. Физическая культура и спорт* | D48: ='28.09'!D48+COUNTIF(D$8:D$38,$C48) -> 5 | E48: ='28.09'!E48+COUNTIF(E$8:E$38,$C48) -> 5 | F48: ='28.09'!F48+COUNTIF(F$8:F$38,$C48) -> 5 | G48: ='28.09'!G48+COUNTIF(G$8:G$38,$C48) -> 5 | H48: ='28.09'!H48+COUNTIF(H$8:H$38,$C48) -> 5 | I48: ='28.09'!I48+COUNTIF(I$8:I$38,$C48) -> 5
C49: ='01.09'!C48 -> *Пр. Физическая культура и спорт* | D49: ='28.09'!D49+COUNTIF(D$8:D$38,$C49) -> 2 | E49: ='28.09'!E49+COUNTIF(E$8:E$38,$C49) -> 2 | F49: ='28.09'!F49+COUNTIF(F$8:F$38,$C49) -> 2 | G49: ='28.09'!G49+COUNTIF(G$8:G$38,$C49) -> 2 | H49: ='28.09'!H49+COUNTIF(H$8:H$38,$C49) -> 2 | I49: ='28.09'!I49+COUNTIF(I$8:I$38,$C49) -> 2
C50: ='01.09'!C49 -> *Л. Информационные технологии* | D50: ='28.09'!D50+COUNTIF(D$8:D$38,$C50) -> 2 | E50: ='28.09'!E50+COUNTIF(E$8:E$38,$C50) -> 2 | F50: ='28.09'!F50+COUNTIF(F$8:F$38,$C50) -> 2 | G50: ='28.09'!G50+COUNTIF(G$8:G$38,$C50) -> 2 | H50: ='28.09'!H50+COUNTIF(H$8:H$38,$C50) -> 2 | I50: ='28.09'!I50+COUNTIF(I$8:I$38,$C50) -> 2
C51: ='01.09'!C50 -> *Пр. Информационные технологии* | D51: ='28.09'!D51+COUNTIF(D$8:D$38,$C51) -> 5 | E51: ='28.09'!E51+COUNTIF(E$8:E$38,$C51) -> 5 | F51: ='28.09'!F51+COUNTIF(F$8:F$38,$C51) -> 5 | G51: ='28.09'!G51+COUNTIF(G$8:G$38,$C51) -> 5 | H51: ='28.09'!H51+COUNTIF(H$8:H$38,$C51) -> 5 | I51: ='28.09'!I51+COUNTIF(I$8:I$38,$C51) -> 5
... C70: ='01.09'!C69 -> 0 | D70: ='28.09'!D70+COUNTIF(D$8:D$38,$C70) -> 0 | E70: ='28.09'!E70+COUNTIF(E$8:E$38,$C70) -> 0 | F70: ='28.09'!F70+COUNTIF(F$8:F$38,$C70) -> 0 | G70: ='28.09'!G70+COUNTIF(G$8:G$38,$C70) -> 0 | H70: ='28.09'!H70+COUNTIF(H$8:H$38,$C70) -> 0 | I70: ='28.09'!I70+COUNTIF(I$8:I$38,$C70) -> 0

Sheet 12.10
B1: Расписание учебных занятий на первое полугодие 2026-2027 учебного года
B2: ТРЕНЕРСКИЙ ФАКУЛЬТЕТ, направление подготовки (образовательная программа)
B3: 49.03.04 Спорт *
B4: Курс 1, семестр 1, очная форма обучения
A5: группы С1-01-26, С1-02-26, С1-03-26, С1-04А-26, С1-04Б-26, С1-05А-26, С1-05Б-26, С1-06-26
A6: День недели | B6: Дата | C6: Время | D6: 1 группа | E6: 2 группа | F6: 3 группа | G6: 4 группа | H6: 5 группа | I6: 6 группа
D7: Баскетбол | E7: Волейбол, гандбол, бейсбол, регби | F7: Интеллектуальные и технологичные виды спорта (шахматы, гонки дронов, компьютерный спорт, страйкбол) | G7: Теннис, настольный теннис, бадминтон, бильярд, сквош | H7: Футбол | I7: Хоккей
A8: Понедельник | B8: 46307 | C8: 8.50-10.20 | D8: Пр. Иностранный язык Комова Е.В. 508 гл.к.
C9: 10.40-12.10 | D9: Пр. Информационные технологии в сфере физической культуры и спорта Яшкина Е.Н. 277мбк | E9: Пр. Использование электронной информационно-образовательной среды РУС "ГЦОЛИФК" Шевцов А.В. 403 ауд.к. | G9: Пр. Элективные дисциплины по ФКиС: Силовая подготовка Громов В.А. 42СК | H9: Пр. Волейбол Ефимов А.С., Пшеничная А.М. 230СК
C10: 13.00-14.30 | D10: Пр. Гимнастика Андреасян К.Б. 205СК | E10: Пр. Иностранный язык Комова Е.В. 508 гл.к. | G10: Пр. Информационные технологии в сфере физической культуры и спорта Яшкина Е.Н. 277мбк, Попов Г.И. 246мбк | H10: Пр. Теория и методика футбола Прил.1 | I10: Пр. Волейбол Ефимов А.С. 230СК
C11: 14.50-16.20 | D11: Пр. Волейбол Ефимов А.С. 230СК | E11: Пр. Информационные технологии в сфере физической культуры и спорта Яшкина Е.Н. 277мбк | G11: Пр. Гимнастика Андреасян К.Б. 205СК (группа С1-04А-26) | H11: Л. Теория и методика футбола Прил.1 | I11: Пр. Иностранный язык Комова Е.В. 508 гл.к.
C12: 16.40-18.10
A13: Вторник | B13: =B8+1 -> 46308 | C13: 8.50-10.20 | D13: Пр. Использование электронной информационно-образовательной среды РУС "ГЦОЛИФК" Шевцов А.В. 218ауд.к. | E13: Пр. Элективные дисциплины по ФКиС: Силовая подготовка Громов В.А. 42СК - только 13.10 | F13: Пр. Теория и методика интеллектуальных и технологичных видов спорта Прил.1 | G13: Л. Теория и методика тенниса, настольного тенниса, бадминтона, бильярда, сквоша Прил.1
C14: 10.40-12.10 | D14: Л. Теория и методика баскетбола Прил.1 | E14: Пр. Теория и методика волейбола, гандбола, бейсбола, регби Прил.1 | F14: Пр. Теория и методика интеллектуальных и технологичных видов спорта Прил.1 | G14: Пр. Теория и методика тенниса, настольного тенниса, бадминтона, бильярда, сквоша Прил.1 | H14: Пр. Иностранный язык Комова Е.В. 508 гл.к., Бабель Т.А. 511 гл.к. | I14: Пр. Гимнастика Кувшинникова С.А.205СК
C15: 13.00-14.30 | D15: Пр. Анатомия человека Гричанова Т.Г. 154мбк | E15: Пр. Речевое общение в профессиональной деятельности Волкова М.С. 513 гл.к. | F15: Пр. Иностранный язык Комова Е.В. 508 гл.к. | G15: Пр. Волейбол Суханова А.В., Пшеничная А.М. 230СК | H15: Пр. Элективные дисциплины по ФКиС: Силовая подготовка Атлас А.А. 42СК | I15: Пр. Физическая культура и спорт Кривенков А.А. 404 ауд.к.
C16: 14.50-16.20 | D16: Пр. Речевое общение в профессиональной деятельности Волкова М.С. 513 гл.к. | F16: Пр. Элективные дисциплины по ФКиС: Силовая подготовка Атлас А.А. 42СК | H16: Пр. Физическая культура и спорт Кривенков А.А. 404 ауд.к.
C17: 16.40-18.10
C18: 18.30-20.00
A19: Среда | B19: =B13+1 -> 46309 | C19: 8.50-10.20 | G19: Пр. Физическая культура и спорт Кривенков А.А. 404 ауд.к. | H19: Пр. Волейбол Ефимов А.С., Пшеничная А.М. 230СК
C20: 10.40-12.10 | D20: Пр. Элективные дисциплины по ФКиС: Силовая подготовка Смирнов В.Е. 42СК | E20: Пр. Физическая культура и спорт Кривенков А.А. 404 ауд.к. | F20: Пр. Анатомия человека Мештель А.В. 154мбк | G20: Пр. Гимнастика Андреасян К.Б. 205СК, Михалина Г.М. 205СК | H20: Пр. Гимнастика Кувшинникова С.А., Дубовицкая И.А. 205СК | I20: Пр. Волейбол Ефимов А.С. 230СК
C21: 13.00-14.30 | D21: Пр. Волейбол Ефимов А.С. 230СК | E21: Пр. Гимнастика Кувшинникова С.А. 205СК | F21: Пр. Физическая культура и спорт Кривенков А.А. 403 ауд.к. | I21: Пр. Теория и методика хоккея Прил.1
C22: 14.50-16.20 | D22: Пр. Физическая культура и спорт Кривенков А.А. 403 ауд.к. | E22: Пр. Волейбол Ананьин А.С. 230СК | F22: Пр. Гимнастика Андреасян К.Б. 205СК | I22: Пр. Теория и методика хоккея Прил.1
C23: 16.40-18.10
A24: Четверг | B24: =B19+1 -> 46310 | C24: 8.50-10.20
C25: 10.40-12.10 | E25: Пр. Элективные дисциплины по ФКиС: Силовая подготовка Громов В.А. 42СК | F25: Пр. Информационные технологии в сфере физической культуры и спорта Яшкина Е.Н. 277мбк | G25: Л. Теория и методика настольного тенниса, бадминтона, бильярда, сквоша Прил.1 | I25: Пр. Речевое общение в профессиональной деятельности Волкова М.С. 513 гл.к.
C26: 13.00-14.30 | D26: Пр. Теория и методика баскетбола Прил.1 | E26: Пр. Теория и методика волейбола, гандбола, бейсбола, регби Прил.1 | F26: Пр. Волейбол Суханова А.В. 230СК | G26: Пр. Иностранный язык Комова Е.В. 508 гл.к., Удалова М.Ю. 511 гл.к. | H26: Пр. Речевое общение в профессиональной деятельности Волкова М.С. 404ауд.к.(группа С1-05А-26) | I26: Пр. Информационные технологии в сфере физической культуры и спорта Яшкина Е.Н. 277мбк
C27: 14.50-16.20 | D27: Пр. Теория и методика баскетбола Прил.1 | E27: Л. Теория и методика волейбола, гандбола, бейсбола, регби Прил.1 | F27: Л. Теория и методика интеллектуальных и технологичных видов спорта Прил.1 | G27: Л. Теория и методика тенниса Прил.1 | H27: Пр. Информационные технологии в сфере физической культуры и спорта Яшкина Е.Н. 277мбк, Попов Г.И. 246мбк
C28: 16.40-18.10
A29: Пятница | B29: =B24+1 -> 46311 | C29: 8.50-10.20 | E29: Пр. Анатомия человека Сироткина Ю.А. 151мбк | F29: Пр. Гимнастика Андреасян К.Б. 205СК | H29: Пр. Теория и методика футбола Прил.1 | I29: Пр. Элективные дисциплины по ФКиС: Силовая подготовка Атлас А.А. 42СК
C30: 10.40-12.10 | E30: Пр. Волейбол Ананьин А.С. 230СК | F30: Пр. Речевое общение в профессиональной деятельности Волкова М.С. 513 гл.к. | H30: Пр. Теория и методика футбола Прил.1 | I30: Пр. Анатомия человека Силаева Л.В. 143мбк
C31: 13.00-14.30 | F31: Пр. Использование электронной информационно-образовательной среды РУС "ГЦОЛИФК" Кузнецова Н.А. 401 ауд.к. | G31: Пр. Речевое общение в профессиональной деятельности Волкова М.С. 513гл.к.(группа С1-04А-26); Пр. Гимнастика Михалина Г.М. 205СК (группа С1-04Б-26) | H31: Пр. Анатомия человека Силаева Л.В. 143мбк (группа С1-05Б-26) , Мештель А.В. 151мбк (группа С1-05А-26)
C32: 14.50-16.20 | G32: Пр. Анатомия человека Силаева Л.В. 143мбк (группа С1-04А-26), Мештель А.В. 151мбк (группа С1-04Б-26) | H32: Пр. Речевое общение в профессиональной деятельности Волкова М.С. 513гл.к.(группа С1-05Б-26)
C33: 16.40-18.10 | G33: Пр. Речевое общение в профессиональной деятельности Волкова М.С. 513гл.к.(группа С1-04Б-26)
A34: Суббота | B34: =B29+1 -> 46312 | C34: 8.50-10.20
C35: 10.40-12.10
C36: 13.00-14.30
C37: 14.50-16.20
C38: 16.40-18.10
D39: * Профили (направленность) указанны на титульном листе
C40: ='01.09'!C39 -> *Л. Речевое общение в профессиональной деятельности* | D40: ='05.10'!D40+COUNTIF(D$8:D$38,$C40) -> 5 | E40: ='05.10'!E40+COUNTIF(E$8:E$38,$C40) -> 5 | F40: ='05.10'!F40+COUNTIF(F$8:F$38,$C40) -> 5 | G40: ='05.10'!G40+COUNTIF(G$8:G$38,$C40) -> 5 | H40: ='05.10'!H40+COUNTIF(H$8:H$38,$C40) -> 5 | I40: ='05.10'!I40+COUNTIF(I$8:I$38,$C40) -> 5
C41: ='01.09'!C40 -> *Пр. Речевое общение в профессиональной деятельности* | D41: ='05.10'!D41+COUNTIF(D$8:D$38,$C41) -> 2 | E41: ='05.10'!E41+COUNTIF(E$8:E$38,$C41) -> 2 | F41: ='05.10'!F41+COUNTIF(F$8:F$38,$C41) -> 2 | G41: ='05.10'!G41+COUNTIF(G$8:G$38,$C41) -> 2 | H41: ='05.10'!H41+COUNTIF(H$8:H$38,$C41) -> 2 | I41: ='05.10'!I41+COUNTIF(I$8:I$38,$C41) -> 2
C42: ='01.09'!C41 -> *Л. Элективные дисциплины по ФКиС: Силовая подготовка* | D42: ='05.10'!D42+COUNTIF(D$8:D$38,$C42) -> 1 | E42: ='05.10'!E42+COUNTIF(E$8:E$38,$C42) -> 1 | F42: ='05.10'!F42+COUNTIF(F$8:F$38,$C42) -> 1 | G42: ='05.10'!G42+COUNTIF(G$8:G$38,$C42) -> 1 | H42: ='05.10'!H42+COUNTIF(H$8:H$38,$C42) -> 1 | I42: ='05.10'!I42+COUNTIF(I$8:I$38,$C42) -> 1
C43: ='01.09'!C42 -> *Пр. Элективные дисциплины по ФКиС: Силовая подготовка* | D43: ='05.10'!D43+COUNTIF(D$8:D$38,$C43) -> 6 | E43: ='05.10'!E43+COUNTIF(E$8:E$38,$C43) -> 7 | F43: ='05.10'!F43+COUNTIF(F$8:F$38,$C43) -> 6 | G43: ='05.10'!G43+COUNTIF(G$8:G$38,$C43) -> 8 | H43: ='05.10'!H43+COUNTIF(H$8:H$38,$C43) -> 6 | I43: ='05.10'!I43+COUNTIF(I$8:I$38,$C43) -> 6
C44: ='01.09'!C43 -> *Л. Анатомия* | D44: ='05.10'!D44+COUNTIF(D$8:D$38,$C44) -> 4 | E44: ='05.10'!E44+COUNTIF(E$8:E$38,$C44) -> 4 | F44: ='05.10'!F44+COUNTIF(F$8:F$38,$C44) -> 4 | G44: ='05.10'!G44+COUNTIF(G$8:G$38,$C44) -> 4 | H44: ='05.10'!H44+COUNTIF(H$8:H$38,$C44) -> 4 | I44: ='05.10'!I44+COUNTIF(I$8:I$38,$C44) -> 4
C45: ='01.09'!C44 -> *Пр. Анатомия* | D45: ='05.10'!D45+COUNTIF(D$8:D$38,$C45) -> 2 | E45: ='05.10'!E45+COUNTIF(E$8:E$38,$C45) -> 2 | F45: ='05.10'!F45+COUNTIF(F$8:F$38,$C45) -> 2 | G45: ='05.10'!G45+COUNTIF(G$8:G$38,$C45) -> 2 | H45: ='05.10'!H45+COUNTIF(H$8:H$38,$C45) -> 2 | I45: ='05.10'!I45+COUNTIF(I$8:I$38,$C45) -> 2
C46: ='01.09'!C45 -> *Л. Теория и методика* | D46: ='05.10'!D46+COUNTIF(D$8:D$38,$C46) -> 3 | E46: ='05.10'!E46+COUNTIF(E$8:E$38,$C46) -> 3 | F46: ='05.10'!F46+COUNTIF(F$8:F$38,$C46) -> 3 | G46: ='05.10'!G46+COUNTIF(G$8:G$38,$C46) -> 3 | H46: ='05.10'!H46+COUNTIF(H$8:H$38,$C46) -> 3 | I46: ='05.10'!I46+COUNTIF(I$8:I$38,$C46) -> 2
C47: ='01.09'!C46 -> *Пр. Теория и методика* | D47: ='05.10'!D47+COUNTIF(D$8:D$38,$C47) -> 20 | E47: ='05.10'!E47+COUNTIF(E$8:E$38,$C47) -> 18 | F47: ='05.10'!F47+COUNTIF(F$8:F$38,$C47) -> 18 | G47: ='05.10'!G47+COUNTIF(G$8:G$38,$C47) -> 18 | H47: ='05.10'!H47+COUNTIF(H$8:H$38,$C47) -> 20 | I47: ='05.10'!I47+COUNTIF(I$8:I$38,$C47) -> 17
C48: ='01.09'!C47 -> *Л. Физическая культура и спорт* | D48: ='05.10'!D48+COUNTIF(D$8:D$38,$C48) -> 5 | E48: ='05.10'!E48+COUNTIF(E$8:E$38,$C48) -> 5 | F48: ='05.10'!F48+COUNTIF(F$8:F$38,$C48) -> 5 | G48: ='05.10'!G48+COUNTIF(G$8:G$38,$C48) -> 5 | H48: ='05.10'!H48+COUNTIF(H$8:H$38,$C48) -> 5 | I48: ='05.10'!I48+COUNTIF(I$8:I$38,$C48) -> 5
C49: ='01.09'!C48 -> *Пр. Физическая культура и спорт* | D49: ='05.10'!D49+COUNTIF(D$8:D$38,$C49) -> 3 | E49: ='05.10'!E49+COUNTIF(E$8:E$38,$C49) -> 3 | F49: ='05.10'!F49+COUNTIF(F$8:F$38,$C49) -> 3 | G49: ='05.10'!G49+COUNTIF(G$8:G$38,$C49) -> 3 | H49: ='05.10'!H49+COUNTIF(H$8:H$38,$C49) -> 3 | I49: ='05.10'!I49+COUNTIF(I$8:I$38,$C49) -> 3
C50: ='01.09'!C49 -> *Л. Информационные технологии* | D50: ='05.10'!D50+COUNTIF(D$8:D$38,$C50) -> 2 | E50: ='05.10'!E50+COUNTIF(E$8:E$38,$C50) -> 2 | F50: ='05.10'!F50+COUNTIF(F$8:F$38,$C50) -> 2 | G50: ='05.10'!G50+COUNTIF(G$8:G$38,$C50) -> 2 | H50: ='05.10'!H50+COUNTIF(H$8:H$38,$C50) -> 2 | I50: ='05.10'!I50+COUNTIF(I$8:I$38,$C50) -> 2
C51: ='01.09'!C50 -> *Пр. Информационные технологии* | D51: ='05.10'!D51+COUNTIF(D$8:D$38,$C51) -> 6 | E51: ='05.10'!E51+COUNTIF(E$8:E$38,$C51) -> 6 | F51: ='05.10'!F51+COUNTIF(F$8:F$38,$C51) -> 6 | G51: ='05.10'!G51+COUNTIF(G$8:G$38,$C51) -> 6 | H51: ='05.10'!H51+COUNTIF(H$8:H$38,$C51) -> 6 | I51: ='05.10'!I51+COUNTIF(I$8:I$38,$C51) -> 6
... C67: ='01.09'!C66 -> 0 | D67: ='05.10'!D67+COUNTIF(D$8:D$38,$C67) -> 0 | E67: ='05.10'!E67+COUNTIF(E$8:E$38,$C67) -> 0 | F67: ='05.10'!F67+COUNTIF(F$8:F$38,$C67) -> 0 | G67: ='05.10'!G67+COUNTIF(G$8:G$38,$C67) -> 0 | H67: ='05.10'!H67+COUNTIF(H$8:H$38,$C67) -> 0 | I67: ='05.10'!I67+COUNTIF(I$8:I$38,$C67) -> 0

Sheet 19.10
B1: Расписание учебных занятий на первое полугодие 2026-2027 учебного года
B2: ТРЕНЕРСКИЙ ФАКУЛЬТЕТ, направление подготовки (образовательная программа)
B3: 49.03.04 Спорт *
B4: Курс 1, семестр 1, очная форма обучения
A5: группы С1-01-26, С1-02-26, С1-03-26, С1-04А-26, С1-04Б-26, С1-05А-26, С1-05Б-26, С1-06-26
A6: День недели | B6: Дата | C6: Время | D6: 1 группа | E6: 2 группа | F6: 3 группа | G6: 4 группа | H6: 5 группа | I6: 6 группа
D7: Баскетбол | E7: Волейбол, гандбол, бейсбол, регби | F7: Интеллектуальные и технологичные виды спорта (шахматы, гонки дронов, компьютерный спорт, страйкбол) | G7: Теннис, настольный теннис, бадминтон, бильярд, сквош | H7: Футбол | I7: Хоккей
A8: Понедельник | B8: 46314 | C8: 8.50-10.20 | D8: Пр. Иностранный язык Комова Е.В. 508 гл.к.
C9: 10.40-12.10 | D9: Пр. Информационные технологии в сфере физической культуры и спорта Яшкина Е.Н. 277мбк | G9: Пр. Элективные дисциплины по ФКиС: Силовая подготовка Громов В.А. 42СК | H9: Пр. Волейбол Ефимов А.С., Пшеничная А.М. 230СК
C10: 13.00-14.30 | D10: Пр. Гимнастика Андреасян К.Б. 205СК | E10: Пр. Иностранный язык Комова Е.В. 508 гл.к. | G10: Пр. Информационные технологии в сфере физической культуры и спорта Яшкина Е.Н. 277мбк, Попов Г.И. 246мбк | H10: Пр. Теория и методика футбола Прил.1 | I10: Пр. Волейбол Ефимов А.С. 230СК
C11: 14.50-16.20 | D11: Пр. Волейбол Ефимов А.С. 230СК | E11: Пр. Информационные технологии в сфере физической культуры и спорта Яшкина Е.Н. 277мбк | G11: Пр. Гимнастика Андреасян К.Б. 205СК (группа С1-04А-26) | H11: Пр. Теория и методика футбола Прил.1 | I11: Пр. Иностранный язык Комова Е.В. 508 гл.к.
C12: 16.40-18.10
A13: Вторник | B13: =B8+1 -> 46315 | C13: 8.50-10.20 | D13: Пр. Использование электронной информационно-образовательной среды РУС "ГЦОЛИФК" Кузнецова Н.А. | F13: Пр. Теория и методика интеллектуальных и технологичных видов спорта Прил.1 | G13: Пр. Теория и методика тенниса, настольного тенниса, бадминтона, бильярда, сквоша Прил.1
C14: 10.40-12.10 | D14: Пр. Теория и методика баскетбола Прил.1 | E14: Пр. Теория и методика волейбола, гандбола, бейсбола, регби Прил.1 | F14: Пр. Теория и методика интеллектуальных и технологичных видов спорта Прил.1 | G14: Пр. Теория и методика тенниса, настольного тенниса, бадминтона, бильярда, сквоша Прил.1 | H14: Пр. Иностранный язык Комова Е.В. 508 гл.к., Бабель Т.А. 511 гл.к. | I14: Пр. Гимнастика Кувшинникова С.А.205СК
C15: 13.00-14.30 | D15: Пр. Анатомия человека Гричанова Т.Г. 154мбк | E15: Пр. Речевое общение в профессиональной деятельности Волкова М.С. 513 гл.к. | F15: Пр. Иностранный язык Комова Е.В. 508 гл.к. | G15: Пр. Волейбол Суханова А.В., Пшеничная А.М. 230СК | H15: Пр. Элективные дисциплины по ФКиС: Силовая подготовка Атлас А.А. 42СК | I15: Пр. Физическая культура и спорт Кривенков А.А. 404 ауд.к.
C16: 14.50-16.20 | D16: Пр. Речевое общение в профессиональной деятельности Волкова М.С. 513 гл.к. | F16: Пр. Элективные дисциплины по ФКиС: Силовая подготовка Атлас А.А. 42СК | H16: Пр. Физическая культура и спорт Кривенков А.А. 404 ауд.к.
C17: 16.40-18.10
C18: 18.30-20.00
A19: Среда | B19: =B13+1 -> 46316 | C19: 8.50-10.20 | F19: Пр. Элективные дисциплины по ФКиС: Силовая подготовка Атлас А.А. 42СК - только 21.10 | G19: Пр. Физическая культура и спорт Кривенков А.А. 404 ауд.к. | H19: Пр. Волейбол Ефимов А.С., Пшеничная А.М. 230СК
C20: 10.40-12.10 | D20: Пр. Элективные дисциплины по ФКиС: Силовая подготовка Смирнов В.Е. 42СК | E20: Пр. Физическая культура и спорт Кривенков А.А. 404 ауд.к. | F20: Пр. Анатомия человека Мештель А.В. 154мбк | G20: Пр. Гимнастика Андреасян К.Б. 205СК, Михалина Г.М. 205СК | H20: Пр. Гимнастика Кувшинникова С.А., Дубовицкая И.А. 205СК | I20: Пр. Волейбол Ефимов А.С. 230СК
C21: 13.00-14.30 | D21: Пр. Волейбол Ефимов А.С. 230СК | E21: Пр. Гимнастика Кувшинникова С.А. 205СК | F21: Пр. Физическая культура и спорт Кривенков А.А. 403 ауд.к. | H21: Пр. Элективные дисциплины по ФКиС: Силовая подготовка Атлас А.А. 42СК - только 21.10 | I21: Пр. Теория и методика хоккея Прил.1
C22: 14.50-16.20 | D22: Пр. Физическая культура и спорт Кривенков А.А. 403 ауд.к. | E22: Пр. Волейбол Ананьин А.С. 230СК | F22: Пр. Гимнастика Андреасян К.Б. 205СК | I22: Пр. Теория и методика хоккея Прил.1
C23: 16.40-18.10
A24: Четверг | B24: =B19+1 -> 46317 | C24: 8.50-10.20
C25: 10.40-12.10 | E25: Пр. Элективные дисциплины по ФКиС: Силовая подготовка Громов В.А. 42СК | F25: Пр. Информационные технологии в сфере физической культуры и спорта Яшкина Е.Н. 277мбк | G25: Пр. Теория и методика настольного тенниса, бадминтона, бильярда, сквоша Прил.1 | I25: Пр. Речевое общение в профессиональной деятельности Волкова М.С. 513 гл.к.
C26: 13.00-14.30 | D26: Пр. Теория и методика баскетбола Прил.1 | E26: Пр. Теория и методика волейбола, гандбола, бейсбола, регби Прил.1 | F26: Пр. Волейбол Суханова А.В. 230СК | G26: Пр. Иностранный язык Комова Е.В. 508 гл.к., Удалова М.Ю. 511 гл.к. | H26: Пр. Речевое общение в профессиональной деятельности Волкова М.С. 404ауд.к.(группа С1-05А-26); Пр. Анатомия человека Силаева Л.В. (группа С1-05Б-26) | I26: Пр. Информационные технологии в сфере физической культуры и спорта Яшкина Е.Н. 277мбк
C27: 14.50-16.20 | D27: Л. Теория и методика баскетбола Прил.1 | E27: Пр. Теория и методика волейбола, гандбола, бейсбола, регби Прил.1 | F27: Пр. Теория и методика интеллектуальных и технологичных видов спорта Прил.1 | G27: Пр. Теория и методика тенниса Прил.1 | H27: Пр. Информационные технологии в сфере физической культуры и спорта Яшкина Е.Н. 277мбк, Попов Г.И. 246мбк
C28: 16.40-18.10
A29: Пятница | B29: =B24+1 -> 46318 | C29: 8.50-10.20 | E29: Пр. Анатомия человека Сироткина Ю.А. 151мбк | F29: Пр. Гимнастика Андреасян К.Б. 205СК | H29: Л. Теория и методика футбола Прил.1 | I29: Пр. Элективные дисциплины по ФКиС: Силовая подготовка Атлас А.А. 42СК
C30: 10.40-12.10 | E30: Пр. Волейбол Ананьин А.С. 230СК | F30: Пр. Речевое общение в профессиональной деятельности Волкова М.С. 513 гл.к. | H30: Пр. Теория и методика футбола Прил.1 | I30: Пр. Анатомия человека Силаева Л.В. 143мбк
C31: 13.00-14.30 | E31: Пр. Использование электронной информационно-образовательной среды РУС "ГЦОЛИФК" Кузнецова Н.А. | G31: Пр. Анатомия человека Силаева Л.В. 143мбк(группа С1-04А-26); Пр. Гимнастика Михалина Г.М. 205СК (группа С1-04Б-26) | H31: Пр. Анатомия человека Мештель А.В. 151мбк (группа С1-05А-26); Пр. Речевое общение в профессиональной деятельности Волкова М.С. 513 гл.к.(группа С1-05Б-26)
C32: 14.50-16.20 | G32: Пр. Речевое общение в профессиональной деятельности Волкова М.С. 513гл.к.(группа С1-04А-26); Пр. Анатомия человека Мештель А.В. 151мбк (группа С1-04Б-26)
C33: 16.40-18.10 | G33: Пр. Речевое общение в профессиональной деятельности Волкова М.С. 513гл.к.(группа С1-04Б-26)
A34: Суббота | B34: =B29+1 -> 46319 | C34: 8.50-10.20
C35: 10.40-12.10
C36: 13.00-14.30
C37: 14.50-16.20
C38: 16.40-18.10
D39: * Профили (направленность) указанны на титульном листе
C40: ='01.09'!C39 -> *Л. Речевое общение в профессиональной деятельности* | D40: ='12.10'!D40+COUNTIF(D$8:D$38,$C40) -> 5 | E40: ='12.10'!E40+COUNTIF(E$8:E$38,$C40) -> 5 | F40: ='12.10'!F40+COUNTIF(F$8:F$38,$C40) -> 5 | G40: ='12.10'!G40+COUNTIF(G$8:G$38,$C40) -> 5 | H40: ='12.10'!H40+COUNTIF(H$8:H$38,$C40) -> 5 | I40: ='12.10'!I40+COUNTIF(I$8:I$38,$C40) -> 5
C41: ='01.09'!C40 -> *Пр. Речевое общение в профессиональной деятельности* | D41: ='12.10'!D41+COUNTIF(D$8:D$38,$C41) -> 3 | E41: ='12.10'!E41+COUNTIF(E$8:E$38,$C41) -> 3 | F41: ='12.10'!F41+COUNTIF(F$8:F$38,$C41) -> 3 | G41: ='12.10'!G41+COUNTIF(G$8:G$38,$C41) -> 3 | H41: ='12.10'!H41+COUNTIF(H$8:H$38,$C41) -> 3 | I41: ='12.10'!I41+COUNTIF(I$8:I$38,$C41) -> 3
C42: ='01.09'!C41 -> *Л. Элективные дисциплины по ФКиС: Силовая подготовка* | D42: ='12.10'!D42+COUNTIF(D$8:D$38,$C42) -> 1 | E42: ='12.10'!E42+COUNTIF(E$8:E$38,$C42) -> 1 | F42: ='12.10'!F42+COUNTIF(F$8:F$38,$C42) -> 1 | G42: ='12.10'!G42+COUNTIF(G$8:G$38,$C42) -> 1 | H42: ='12.10'!H42+COUNTIF(H$8:H$38,$C42) -> 1 | I42: ='12.10'!I42+COUNTIF(I$8:I$38,$C42) -> 1
C43: ='01.09'!C42 -> *Пр. Элективные дисциплины по ФКиС: Силовая подготовка* | D43: ='12.10'!D43+COUNTIF(D$8:D$38,$C43) -> 7 | E43: ='12.10'!E43+COUNTIF(E$8:E$38,$C43) -> 8 | F43: ='12.10'!F43+COUNTIF(F$8:F$38,$C43) -> 8 | G43: ='12.10'!G43+COUNTIF(G$8:G$38,$C43) -> 9 | H43: ='12.10'!H43+COUNTIF(H$8:H$38,$C43) -> 8 | I43: ='12.10'!I43+COUNTIF(I$8:I$38,$C43) -> 7
C44: ='01.09'!C43 -> *Л. Анатомия* | D44: ='12.10'!D44+COUNTIF(D$8:D$38,$C44) -> 4 | E44: ='12.10'!E44+COUNTIF(E$8:E$38,$C44) -> 4 | F44: ='12.10'!F44+COUNTIF(F$8:F$38,$C44) -> 4 | G44: ='12.10'!G44+COUNTIF(G$8:G$38,$C44) -> 4 | H44: ='12.10'!H44+COUNTIF(H$8:H$38,$C44) -> 4 | I44: ='12.10'!I44+COUNTIF(I$8:I$38,$C44) -> 4
C45: ='01.09'!C44 -> *Пр. Анатомия* | D45: ='12.10'!D45+COUNTIF(D$8:D$38,$C45) -> 3 | E45: ='12.10'!E45+COUNTIF(E$8:E$38,$C45) -> 3 | F45: ='12.10'!F45+COUNTIF(F$8:F$38,$C45) -> 3 | G45: ='12.10'!G45+COUNTIF(G$8:G$38,$C45) -> 3 | H45: ='12.10'!H45+COUNTIF(H$8:H$38,$C45) -> 3 | I45: ='12.10'!I45+COUNTIF(I$8:I$38,$C45) -> 3
C46: ='01.09'!C45 -> *Л. Теория и методика* | D46: ='12.10'!D46+COUNTIF(D$8:D$38,$C46) -> 4 | E46: ='12.10'!E46+COUNTIF(E$8:E$38,$C46) -> 3 | F46: ='12.10'!F46+COUNTIF(F$8:F$38,$C46) -> 3 | G46: ='12.10'!G46+COUNTIF(G$8:G$38,$C46) -> 3 | H46: ='12.10'!H46+COUNTIF(H$8:H$38,$C46) -> 4 | I46: ='12.10'!I46+COUNTIF(I$8:I$38,$C46) -> 2
C47: ='01.09'!C46 -> *Пр. Теория и методика* | D47: ='12.10'!D47+COUNTIF(D$8:D$38,$C47) -> 22 | E47: ='12.10'!E47+COUNTIF(E$8:E$38,$C47) -> 21 | F47: ='12.10'!F47+COUNTIF(F$8:F$38,$C47) -> 21 | G47: ='12.10'!G47+COUNTIF(G$8:G$38,$C47) -> 21 | H47: ='12.10'!H47+COUNTIF(H$8:H$38,$C47) -> 23 | I47: ='12.10'!I47+COUNTIF(I$8:I$38,$C47) -> 19
C48: ='01.09'!C47 -> *Л. Физическая культура и спорт* | D48: ='12.10'!D48+COUNTIF(D$8:D$38,$C48) -> 5 | E48: ='12.10'!E48+COUNTIF(E$8:E$38,$C48) -> 5 | F48: ='12.10'!F48+COUNTIF(F$8:F$38,$C48) -> 5 | G48: ='12.10'!G48+COUNTIF(G$8:G$38,$C48) -> 5 | H48: ='12.10'!H48+COUNTIF(H$8:H$38,$C48) -> 5 | I48: ='12.10'!I48+COUNTIF(I$8:I$38,$C48) -> 5
C49: ='01.09'!C48 -> *Пр. Физическая культура и спорт* | D49: ='12.10'!D49+COUNTIF(D$8:D$38,$C49) -> 4 | E49: ='12.10'!E49+COUNTIF(E$8:E$38,$C49) -> 4 | F49: ='12.10'!F49+COUNTIF(F$8:F$38,$C49) -> 4 | G49: ='12.10'!G49+COUNTIF(G$8:G$38,$C49) -> 4 | H49: ='12.10'!H49+COUNTIF(H$8:H$38,$C49) -> 4 | I49: ='12.10'!I49+COUNTIF(I$8:I$38,$C49) -> 4
C50: ='01.09'!C49 -> *Л. Информационные технологии* | D50: ='12.10'!D50+COUNTIF(D$8:D$38,$C50) -> 2 | E50: ='12.10'!E50+COUNTIF(E$8:E$38,$C50) -> 2 | F50: ='12.10'!F50+COUNTIF(F$8:F$38,$C50) -> 2 | G50: ='12.10'!G50+COUNTIF(G$8:G$38,$C50) -> 2 | H50: ='12.10'!H50+COUNTIF(H$8:H$38,$C50) -> 2 | I50: ='12.10'!I50+COUNTIF(I$8:I$38,$C50) -> 2
C51: ='01.09'!C50 -> *Пр. Информационные технологии* | D51: ='12.10'!D51+COUNTIF(D$8:D$38,$C51) -> 7 | E51: ='12.10'!E51+COUNTIF(E$8:E$38,$C51) -> 7 | F51: ='12.10'!F51+COUNTIF(F$8:F$38,$C51) -> 7 | G51: ='12.10'!G51+COUNTIF(G$8:G$38,$C51) -> 7 | H51: ='12.10'!H51+COUNTIF(H$8:H$38,$C51) -> 7 | I51: ='12.10'!I51+COUNTIF(I$8:I$38,$C51) -> 7
... C67: ='01.09'!C66 -> 0 | D67: ='12.10'!D67+COUNTIF(D$8:D$38,$C67) -> 0 | E67: ='12.10'!E67+COUNTIF(E$8:E$38,$C67) -> 0 | F67: ='12.10'!F67+COUNTIF(F$8:F$38,$C67) -> 0 | G67: ='12.10'!G67+COUNTIF(G$8:G$38,$C67) -> 0 | H67: ='12.10'!H67+COUNTIF(H$8:H$38,$C67) -> 0 | I67: ='12.10'!I67+COUNTIF(I$8:I$38,$C67) -> 0

Sheet 26.10
B1: Расписание учебных занятий на первое полугодие 2026-2027 учебного года
B2: ТРЕНЕРСКИЙ ФАКУЛЬТЕТ, направление подготовки (образовательная программа)
B3: 49.03.04 Спорт *
B4: Курс 1, семестр 1, очная форма обучения
A5: группы С1-01-26, С1-02-26, С1-03-26, С1-04А-26, С1-04Б-26, С1-05А-26, С1-05Б-26, С1-06-26
A6: День недели | B6: Дата | C6: Время | D6: 1 группа | E6: 2 группа | F6: 3 группа | G6: 4 группа | H6: 5 группа | I6: 6 группа
D7: Баскетбол | E7: Волейбол, гандбол, бейсбол, регби | F7: Интеллектуальные и технологичные виды спорта (шахматы, гонки дронов, компьютерный спорт, страйкбол) | G7: Теннис, настольный теннис, бадминтон, бильярд, сквош | H7: Футбол | I7: Хоккей
A8: Понедельник | B8: 46321 | C8: 8.50-10.20 | D8: Пр. Иностранный язык Комова Е.В. 508 гл.к.
C9: 10.40-12.10 | D9: Пр. Информационные технологии в сфере физической культуры и спорта Яшкина Е.Н. 277мбк | H9: Пр. Волейбол Ефимов А.С., Пшеничная А.М. 230СК
C10: 13.00-14.30 | D10: Пр. Гимнастика Андреасян К.Б. 205СК | E10: Пр. Иностранный язык Комова Е.В. 508 гл.к. | G10: Пр. Информационные технологии в сфере физической культуры и спорта Яшкина Е.Н. 277мбк, Попов Г.И. 246мбк | H10: Пр. Теория и методика футбола Прил.1 | I10: Пр. Волейбол Ефимов А.С. 230СК
C11: 14.50-16.20 | D11: Пр. Волейбол Ефимов А.С. 230СК | E11: Пр. Информационные технологии в сфере физической культуры и спорта Яшкина Е.Н. 277мбк | G11: Пр. Гимнастика Андреасян К.Б. 205СК (группа С1-04А-26) | H11: Л. Теория и методика футбола Прил.1 | I11: Пр. Иностранный язык Комова Е.В. 508 гл.к.
C12: 16.40-18.10
A13: Вторник | B13: =B8+1 -> 46322 | C13: 8.50-10.20 | F13: Пр. Теория и методика интеллектуальных и технологичных видов спорта Прил.1 | G13: Пр. Теория и методика тенниса, настольного тенниса, бадминтона, бильярда, сквоша Прил.1
C14: 10.40-12.10 | D14: Пр. Теория и методика баскетбола Прил.1 | E14: Пр. Теория и методика волейбола, гандбола, бейсбола, регби Прил.1 | F14: Л. Теория и методика интеллектуальных и технологичных видов спорта Прил.1 | G14: Л. Теория и методика тенниса, настольного тенниса, бадминтона, бильярда, сквоша Прил.1 | H14: Пр. Иностранный язык Комова Е.В. 508 гл.к., Бабель Т.А. 511 гл.к. | I14: Пр. Гимнастика Кувшинникова С.А.205СК
C15: 13.00-14.30 | D15: Пр. Анатомия человека Гричанова Т.Г. 154мбк | E15: Пр. Речевое общение в профессиональной деятельности Волкова М.С. 513 гл.к. | F15: Пр. Иностранный язык Комова Е.В. 508 гл.к. | G15: Пр. Волейбол Суханова А.В., Пшеничная А.М. 230СК | H15: Пр. Элективные дисциплины по ФКиС: Силовая подготовка Атлас А.А. 42СК | I15: Пр. Физическая культура и спорт Кривенков А.А. 404 ауд.к.
C16: 14.50-16.20 | D16: Пр. Речевое общение в профессиональной деятельности Волкова М.С. 513 гл.к. | F16: Пр. Элективные дисциплины по ФКиС: Силовая подготовка Атлас А.А. 42СК | H16: Пр. Физическая культура и спорт Кривенков А.А. 404 ауд.к.
C17: 16.40-18.10
C18: 18.30-20.00
A19: Среда | B19: =B13+1 -> 46323 | C19: 8.50-10.20 | G19: Пр. Физическая культура и спорт Кривенков А.А. 404 ауд.к. | H19: Пр. Волейбол Ефимов А.С., Пшеничная А.М. 230СК
C20: 10.40-12.10 | D20: Пр. Элективные дисциплины по ФКиС: Силовая подготовка Смирнов В.Е. 42СК | E20: Пр. Физическая культура и спорт Кривенков А.А. 404 ауд.к. | F20: Пр. Анатомия человека Мештель А.В. 154мбк | G20: Пр. Гимнастика Андреасян К.Б. 205СК, Михалина Г.М. 205СК | H20: Пр. Гимнастика Кувшинникова С.А., Дубовицкая И.А. 205СК | I20: Пр. Волейбол Ефимов А.С. 230СК
C21: 13.00-14.30 | D21: Пр. Волейбол Ефимов А.С. 230СК | E21: Пр. Гимнастика Кувшинникова С.А. 205СК | F21: Пр. Физическая культура и спорт Кривенков А.А. 403 ауд.к. | I21: Л. Теория и методика хоккея Прил.1
C22: 14.50-16.20 | D22: Пр. Физическая культура и спорт Кривенков А.А. 403 ауд.к. | E22: Пр. Волейбол Ананьин А.С. 230СК | F22: Пр. Гимнастика Андреасян К.Б. 205СК | I22: Пр. Теория и методика хоккея Прил.1
C23: 16.40-18.10
A24: Четверг | B24: =B19+1 -> 46324 | C24: 8.50-10.20
C25: 10.40-12.10 | E25: Пр. Элективные дисциплины по ФКиС: Силовая подготовка Громов В.А. 42СК | F25: Пр. Информационные технологии в сфере физической культуры и спорта Яшкина Е.Н. 277мбк | G25: Пр. Теория и методика настольного тенниса, бадминтона, бильярда, сквоша Прил.1 | I25: Пр. Речевое общение в профессиональной деятельности Волкова М.С. 513 гл.к.
C26: 13.00-14.30 | D26: Пр. Теория и методика баскетбола Прил.1 | E26: Л. Теория и методика волейбола, гандбола, бейсбола, регби Прил.1 | F26: Пр. Волейбол Суханова А.В. 230СК | G26: Пр. Иностранный язык Комова Е.В. 508 гл.к., Удалова М.Ю. 511 гл.к. | H26: Пр. Речевое общение в профессиональной деятельности Волкова М.С. 404ауд.к.(группа С1-05А-26); Пр. Анатомия человека Силаева Л.В. (группа С1-05Б-26) | I26: Пр. Информационные технологии в сфере физической культуры и спорта Яшкина Е.Н. 277мбк
C27: 14.50-16.20 | D27: Л. Теория и методика баскетбола Прил.1 | E27: Пр. Теория и методика волейбола, гандбола, бейсбола, регби Прил.1 | F27: Пр. Теория и методика интеллектуальных и технологичных видов спорта Прил.1 | G27: Пр. Теория и методика тенниса Прил.1 | H27: Пр. Информационные технологии в сфере физической культуры и спорта Яшкина Е.Н. 277мбк, Попов Г.И. 246мбк
C28: 16.40-18.10
A29: Пятница | B29: =B24+1 -> 46325 | C29: 8.50-10.20 | E29: Пр. Анатомия человека Сироткина Ю.А. 151мбк | F29: Пр. Гимнастика Андреасян К.Б. 205СК | H29: Пр. Теория и методика футбола Прил.1 | I29: Пр. Элективные дисциплины по ФКиС: Силовая подготовка Атлас А.А. 42СК
C30: 10.40-12.10 | E30: Пр. Волейбол Ананьин А.С. 230СК | F30: Пр. Речевое общение в профессиональной деятельности Волкова М.С. 513 гл.к. | H30: Пр. Теория и методика футбола Прил.1 | I30: Пр. Анатомия человека Силаева Л.В. 143мбк
C31: 13.00-14.30 | G31: Пр. Анатомия человека Силаева Л.В. 143мбк (группа С1-04А-26); Пр. Гимнастика Михалина Г.М. 205СК (группа С1-04Б-26) | H31: Пр. Анатомия человека Мештель А.В. 151мбк (группа С1-05А-26); Пр. Речевое общение в профессиональной деятельности Волкова М.С. 513 гл.к.(группа С1-05Б-26)
C32: 14.50-16.20 | G32: Пр. Речевое общение в профессиональной деятельности Волкова М.С. 513гл.к.(группа С1-04А-26); Пр. Анатомия человека Мештель А.В. 151мбк (группа С1-04Б-26)
C33: 16.40-18.10 | G33: Пр. Речевое общение в профессиональной деятельности Волкова М.С. 513гл.к.(группа С1-04Б-26)
A34: Суббота | B34: =B29+1 -> 46326 | C34: 8.50-10.20
C35: 10.40-12.10
C36: 13.00-14.30
C37: 14.50-16.20
C38: 16.40-18.10
D39: * Профили (направленность) указанны на титульном листе
C40: ='01.09'!C39 -> *Л. Речевое общение в профессиональной деятельности* | D40: ='19.10'!D40+COUNTIF(D$8:D$38,$C40) -> 5 | E40: ='19.10'!E40+COUNTIF(E$8:E$38,$C40) -> 5 | F40: ='19.10'!F40+COUNTIF(F$8:F$38,$C40) -> 5 | G40: ='19.10'!G40+COUNTIF(G$8:G$38,$C40) -> 5 | H40: ='19.10'!H40+COUNTIF(H$8:H$38,$C40) -> 5 | I40: ='19.10'!I40+COUNTIF(I$8:I$38,$C40) -> 5
C41: ='01.09'!C40 -> *Пр. Речевое общение в профессиональной деятельности* | D41: ='19.10'!D41+COUNTIF(D$8:D$38,$C41) -> 4 | E41: ='19.10'!E41+COUNTIF(E$8:E$38,$C41) -> 4 | F41: ='19.10'!F41+COUNTIF(F$8:F$38,$C41) -> 4 | G41: ='19.10'!G41+COUNTIF(G$8:G$38,$C41) -> 4 | H41: ='19.10'!H41+COUNTIF(H$8:H$38,$C41) -> 4 | I41: ='19.10'!I41+COUNTIF(I$8:I$38,$C41) -> 4
C42: ='01.09'!C41 -> *Л. Элективные дисциплины по ФКиС: Силовая подготовка* | D42: ='19.10'!D42+COUNTIF(D$8:D$38,$C42) -> 1 | E42: ='19.10'!E42+COUNTIF(E$8:E$38,$C42) -> 1 | F42: ='19.10'!F42+COUNTIF(F$8:F$38,$C42) -> 1 | G42: ='19.10'!G42+COUNTIF(G$8:G$38,$C42) -> 1 | H42: ='19.10'!H42+COUNTIF(H$8:H$38,$C42) -> 1 | I42: ='19.10'!I42+COUNTIF(I$8:I$38,$C42) -> 1
C43: ='01.09'!C42 -> *Пр. Элективные дисциплины по ФКиС: Силовая подготовка* | D43: ='19.10'!D43+COUNTIF(D$8:D$38,$C43) -> 8 | E43: ='19.10'!E43+COUNTIF(E$8:E$38,$C43) -> 9 | F43: ='19.10'!F43+COUNTIF(F$8:F$38,$C43) -> 9 | G43: ='19.10'!G43+COUNTIF(G$8:G$38,$C43) -> 9 | H43: ='19.10'!H43+COUNTIF(H$8:H$38,$C43) -> 9 | I43: ='19.10'!I43+COUNTIF(I$8:I$38,$C43) -> 8
C44: ='01.09'!C43 -> *Л. Анатомия* | D44: ='19.10'!D44+COUNTIF(D$8:D$38,$C44) -> 4 | E44: ='19.10'!E44+COUNTIF(E$8:E$38,$C44) -> 4 | F44: ='19.10'!F44+COUNTIF(F$8:F$38,$C44) -> 4 | G44: ='19.10'!G44+COUNTIF(G$8:G$38,$C44) -> 4 | H44: ='19.10'!H44+COUNTIF(H$8:H$38,$C44) -> 4 | I44: ='19.10'!I44+COUNTIF(I$8:I$38,$C44) -> 4
C45: ='01.09'!C44 -> *Пр. Анатомия* | D45: ='19.10'!D45+COUNTIF(D$8:D$38,$C45) -> 4 | E45: ='19.10'!E45+COUNTIF(E$8:E$38,$C45) -> 4 | F45: ='19.10'!F45+COUNTIF(F$8:F$38,$C45) -> 4 | G45: ='19.10'!G45+COUNTIF(G$8:G$38,$C45) -> 4 | H45: ='19.10'!H45+COUNTIF(H$8:H$38,$C45) -> 4 | I45: ='19.10'!I45+COUNTIF(I$8:I$38,$C45) -> 4
C46: ='01.09'!C45 -> *Л. Теория и методика* | D46: ='19.10'!D46+COUNTIF(D$8:D$38,$C46) -> 5 | E46: ='19.10'!E46+COUNTIF(E$8:E$38,$C46) -> 4 | F46: ='19.10'!F46+COUNTIF(F$8:F$38,$C46) -> 4 | G46: ='19.10'!G46+COUNTIF(G$8:G$38,$C46) -> 4 | H46: ='19.10'!H46+COUNTIF(H$8:H$38,$C46) -> 5 | I46: ='19.10'!I46+COUNTIF(I$8:I$38,$C46) -> 3
C47: ='01.09'!C46 -> *Пр. Теория и методика* | D47: ='19.10'!D47+COUNTIF(D$8:D$38,$C47) -> 24 | E47: ='19.10'!E47+COUNTIF(E$8:E$38,$C47) -> 23 | F47: ='19.10'!F47+COUNTIF(F$8:F$38,$C47) -> 23 | G47: ='19.10'!G47+COUNTIF(G$8:G$38,$C47) -> 23 | H47: ='19.10'!H47+COUNTIF(H$8:H$38,$C47) -> 26 | I47: ='19.10'!I47+COUNTIF(I$8:I$38,$C47) -> 20
C48: ='01.09'!C47 -> *Л. Физическая культура и спорт* | D48: ='19.10'!D48+COUNTIF(D$8:D$38,$C48) -> 5 | E48: ='19.10'!E48+COUNTIF(E$8:E$38,$C48) -> 5 | F48: ='19.10'!F48+COUNTIF(F$8:F$38,$C48) -> 5 | G48: ='19.10'!G48+COUNTIF(G$8:G$38,$C48) -> 5 | H48: ='19.10'!H48+COUNTIF(H$8:H$38,$C48) -> 5 | I48: ='19.10'!I48+COUNTIF(I$8:I$38,$C48) -> 5
C49: ='01.09'!C48 -> *Пр. Физическая культура и спорт* | D49: ='19.10'!D49+COUNTIF(D$8:D$38,$C49) -> 5 | E49: ='19.10'!E49+COUNTIF(E$8:E$38,$C49) -> 5 | F49: ='19.10'!F49+COUNTIF(F$8:F$38,$C49) -> 5 | G49: ='19.10'!G49+COUNTIF(G$8:G$38,$C49) -> 5 | H49: ='19.10'!H49+COUNTIF(H$8:H$38,$C49) -> 5 | I49: ='19.10'!I49+COUNTIF(I$8:I$38,$C49) -> 5
C50: ='01.09'!C49 -> *Л. Информационные технологии* | D50: ='19.10'!D50+COUNTIF(D$8:D$38,$C50) -> 2 | E50: ='19.10'!E50+COUNTIF(E$8:E$38,$C50) -> 2 | F50: ='19.10'!F50+COUNTIF(F$8:F$38,$C50) -> 2 | G50: ='19.10'!G50+COUNTIF(G$8:G$38,$C50) -> 2 | H50: ='19.10'!H50+COUNTIF(H$8:H$38,$C50) -> 2 | I50: ='19.10'!I50+COUNTIF(I$8:I$38,$C50) -> 2
C51: ='01.09'!C50 -> *Пр. Информационные технологии* | D51: ='19.10'!D51+COUNTIF(D$8:D$38,$C51) -> 8 | E51: ='19.10'!E51+COUNTIF(E$8:E$38,$C51) -> 8 | F51: ='19.10'!F51+COUNTIF(F$8:F$38,$C51) -> 8 | G51: ='19.10'!G51+COUNTIF(G$8:G$38,$C51) -> 8 | H51: ='19.10'!H51+COUNTIF(H$8:H$38,$C51) -> 8 | I51: ='19.10'!I51+COUNTIF(I$8:I$38,$C51) -> 8
... C68: ='01.09'!C67 -> 0 | D68: ='19.10'!D68+COUNTIF(D$8:D$38,$C68) -> 0 | E68: ='19.10'!E68+COUNTIF(E$8:E$38,$C68) -> 0 | F68: ='19.10'!F68+COUNTIF(F$8:F$38,$C68) -> 0 | G68: ='19.10'!G68+COUNTIF(G$8:G$38,$C68) -> 0 | H68: ='19.10'!H68+COUNTIF(H$8:H$38,$C68) -> 0 | I68: ='19.10'!I68+COUNTIF(I$8:I$38,$C68) -> 0

Sheet 02.11
B1: Расписание учебных занятий на первое полугодие 2026-2027 учебного года
B2: ТРЕНЕРСКИЙ ФАКУЛЬТЕТ, направление подготовки (образовательная программа)
B3: 49.03.04 Спорт *
B4: Курс 1, семестр 1, очная форма обучения
A5: группы С1-01-26, С1-02-26, С1-03-26, С1-04А-26, С1-04Б-26, С1-05А-26, С1-05Б-26, С1-06-26
A6: День недели | B6: Дата | C6: Время | D6: 1 группа | E6: 2 группа | F6: 3 группа | G6: 4 группа | H6: 5 группа | I6: 6 группа
D7: Баскетбол | E7: Волейбол, гандбол, бейсбол, регби | F7: Интеллектуальные и технологичные виды спорта (шахматы, гонки дронов, компьютерный спорт, страйкбол) | G7: Теннис, настольный теннис, бадминтон, бильярд, сквош | H7: Футбол | I7: Хоккей
A8: Понедельник | B8: 46328 | C8: 8.50-10.20
C9: 10.40-12.10
C10: 13.00-14.30
C11: 14.50-16.20
C12: 16.40-18.10
A13: Вторник | B13: =B8+1 -> 46329 | C13: 8.50-10.20
C14: 10.40-12.10
C15: 13.00-14.30
C16: 14.50-16.20
C17: 16.40-18.10
C18: 18.30-20.00
A19: Среда | B19: =B13+1 -> 46330 | C19: 8.50-10.20
C20: 10.40-12.10
C21: 13.00-14.30
C22: 14.50-16.20
C23: 16.40-18.10
A24: Четверг | B24: =B19+1 -> 46331 | C24: 8.50-10.20
C25: 10.40-12.10
C26: 13.00-14.30
C27: 14.50-16.20
C28: 16.40-18.10
A29: Пятница | B29: =B24+1 -> 46332 | C29: 8.50-10.20
C30: 10.40-12.10
C31: 13.00-14.30
C32: 14.50-16.20
C33: 16.40-18.10
A34: Суббота | B34: =B29+1 -> 46333 | C34: 8.50-10.20
C35: 10.40-12.10
C36: 13.00-14.30
C37: 14.50-16.20
C38: 16.40-18.10
D39: * Профили (направленность) указанны на титульном листе
C40: ='01.09'!C39 -> *Л. Речевое общение в профессиональной деятельности* | D40: ='26.10'!D40+COUNTIF(D$8:D$38,$C40) -> 5 | E40: ='26.10'!E40+COUNTIF(E$8:E$38,$C40) -> 5 | F40: ='26.10'!F40+COUNTIF(F$8:F$38,$C40) -> 5 | G40: ='26.10'!G40+COUNTIF(G$8:G$38,$C40) -> 5 | H40: ='26.10'!H40+COUNTIF(H$8:H$38,$C40) -> 5 | I40: ='26.10'!I40+COUNTIF(I$8:I$38,$C40) -> 5
C41: ='01.09'!C40 -> *Пр. Речевое общение в профессиональной деятельности* | D41: ='26.10'!D41+COUNTIF(D$8:D$38,$C41) -> 4 | E41: ='26.10'!E41+COUNTIF(E$8:E$38,$C41) -> 4 | F41: ='26.10'!F41+COUNTIF(F$8:F$38,$C41) -> 4 | G41: ='26.10'!G41+COUNTIF(G$8:G$38,$C41) -> 4 | H41: ='26.10'!H41+COUNTIF(H$8:H$38,$C41) -> 4 | I41: ='26.10'!I41+COUNTIF(I$8:I$38,$C41) -> 4
C42: ='01.09'!C41 -> *Л. Элективные дисциплины по ФКиС: Силовая подготовка* | D42: ='26.10'!D42+COUNTIF(D$8:D$38,$C42) -> 1 | E42: ='26.10'!E42+COUNTIF(E$8:E$38,$C42) -> 1 | F42: ='26.10'!F42+COUNTIF(F$8:F$38,$C42) -> 1 | G42: ='26.10'!G42+COUNTIF(G$8:G$38,$C42) -> 1 | H42: ='26.10'!H42+COUNTIF(H$8:H$38,$C42) -> 1 | I42: ='26.10'!I42+COUNTIF(I$8:I$38,$C42) -> 1
C43: ='01.09'!C42 -> *Пр. Элективные дисциплины по ФКиС: Силовая подготовка* | D43: ='26.10'!D43+COUNTIF(D$8:D$38,$C43) -> 8 | E43: ='26.10'!E43+COUNTIF(E$8:E$38,$C43) -> 9 | F43: ='26.10'!F43+COUNTIF(F$8:F$38,$C43) -> 9 | G43: ='26.10'!G43+COUNTIF(G$8:G$38,$C43) -> 9 | H43: ='26.10'!H43+COUNTIF(H$8:H$38,$C43) -> 9 | I43: ='26.10'!I43+COUNTIF(I$8:I$38,$C43) -> 8
C44: ='01.09'!C43 -> *Л. Анатомия* | D44: ='26.10'!D44+COUNTIF(D$8:D$38,$C44) -> 4 | E44: ='26.10'!E44+COUNTIF(E$8:E$38,$C44) -> 4 | F44: ='26.10'!F44+COUNTIF(F$8:F$38,$C44) -> 4 | G44: ='26.10'!G44+COUNTIF(G$8:G$38,$C44) -> 4 | H44: ='26.10'!H44+COUNTIF(H$8:H$38,$C44) -> 4 | I44: ='26.10'!I44+COUNTIF(I$8:I$38,$C44) -> 4
C45: ='01.09'!C44 -> *Пр. Анатомия* | D45: ='26.10'!D45+COUNTIF(D$8:D$38,$C45) -> 4 | E45: ='26.10'!E45+COUNTIF(E$8:E$38,$C45) -> 4 | F45: ='26.10'!F45+COUNTIF(F$8:F$38,$C45) -> 4 | G45: ='26.10'!G45+COUNTIF(G$8:G$38,$C45) -> 4 | H45: ='26.10'!H45+COUNTIF(H$8:H$38,$C45) -> 4 | I45: ='26.10'!I45+COUNTIF(I$8:I$38,$C45) -> 4
C46: ='01.09'!C45 -> *Л. Теория и методика* | D46: ='26.10'!D46+COUNTIF(D$8:D$38,$C46) -> 5 | E46: ='26.10'!E46+COUNTIF(E$8:E$38,$C46) -> 4 | F46: ='26.10'!F46+COUNTIF(F$8:F$38,$C46) -> 4 | G46: ='26.10'!G46+COUNTIF(G$8:G$38,$C46) -> 4 | H46: ='26.10'!H46+COUNTIF(H$8:H$38,$C46) -> 5 | I46: ='26.10'!I46+COUNTIF(I$8:I$38,$C46) -> 3
C47: ='01.09'!C46 -> *Пр. Теория и методика* | D47: ='26.10'!D47+COUNTIF(D$8:D$38,$C47) -> 24 | E47: ='26.10'!E47+COUNTIF(E$8:E$38,$C47) -> 23 | F47: ='26.10'!F47+COUNTIF(F$8:F$38,$C47) -> 23 | G47: ='26.10'!G47+COUNTIF(G$8:G$38,$C47) -> 23 | H47: ='26.10'!H47+COUNTIF(H$8:H$38,$C47) -> 26 | I47: ='26.10'!I47+COUNTIF(I$8:I$38,$C47) -> 20
C48: ='01.09'!C47 -> *Л. Физическая культура и спорт* | D48: ='26.10'!D48+COUNTIF(D$8:D$38,$C48) -> 5 | E48: ='26.10'!E48+COUNTIF(E$8:E$38,$C48) -> 5 | F48: ='26.10'!F48+COUNTIF(F$8:F$38,$C48) -> 5 | G48: ='26.10'!G48+COUNTIF(G$8:G$38,$C48) -> 5 | H48: ='26.10'!H48+COUNTIF(H$8:H$38,$C48) -> 5 | I48: ='26.10'!I48+COUNTIF(I$8:I$38,$C48) -> 5
C49: ='01.09'!C48 -> *Пр. Физическая культура и спорт* | D49: ='26.10'!D49+COUNTIF(D$8:D$38,$C49) -> 5 | E49: ='26.10'!E49+COUNTIF(E$8:E$38,$C49) -> 5 | F49: ='26.10'!F49+COUNTIF(F$8:F$38,$C49) -> 5 | G49: ='26.10'!G49+COUNTIF(G$8:G$38,$C49) -> 5 | H49: ='26.10'!H49+COUNTIF(H$8:H$38,$C49) -> 5 | I49: ='26.10'!I49+COUNTIF(I$8:I$38,$C49) -> 5
C50: ='01.09'!C49 -> *Л. Информационные технологии* | D50: ='26.10'!D50+COUNTIF(D$8:D$38,$C50) -> 2 | E50: ='26.10'!E50+COUNTIF(E$8:E$38,$C50) -> 2 | F50: ='26.10'!F50+COUNTIF(F$8:F$38,$C50) -> 2 | G50: ='26.10'!G50+COUNTIF(G$8:G$38,$C50) -> 2 | H50: ='26.10'!H50+COUNTIF(H$8:H$38,$C50) -> 2 | I50: ='26.10'!I50+COUNTIF(I$8:I$38,$C50) -> 2
C51: ='01.09'!C50 -> *Пр. Информационные технологии* | D51: ='26.10'!D51+COUNTIF(D$8:D$38,$C51) -> 8 | E51: ='26.10'!E51+COUNTIF(E$8:E$38,$C51) -> 8 | F51: ='26.10'!F51+COUNTIF(F$8:F$38,$C51) -> 8 | G51: ='26.10'!G51+COUNTIF(G$8:G$38,$C51) -> 8 | H51: ='26.10'!H51+COUNTIF(H$8:H$38,$C51) -> 8 | I51: ='26.10'!I51+COUNTIF(I$8:I$38,$C51) -> 8
... C66: ='01.09'!C65 -> 0 | D66: ='26.10'!D66+COUNTIF(D$8:D$38,$C66) -> 0 | E66: ='26.10'!E66+COUNTIF(E$8:E$38,$C66) -> 0 | F66: ='26.10'!F66+COUNTIF(F$8:F$38,$C66) -> 0 | G66: ='26.10'!G66+COUNTIF(G$8:G$38,$C66) -> 0 | H66: ='26.10'!H66+COUNTIF(H$8:H$38,$C66) -> 0 | I66: ='26.10'!I66+COUNTIF(I$8:I$38,$C66) -> 0

Sheet 09.11
B1: Расписание учебных занятий на первое полугодие 2026-2027 учебного года
B2: ТРЕНЕРСКИЙ ФАКУЛЬТЕТ, направление подготовки (образовательная программа)
B3: 49.03.04 Спорт *
B4: Курс 1, семестр 1, очная форма обучения
A5: группы С1-01-26, С1-02-26, С1-03-26, С1-04А-26, С1-04Б-26, С1-05А-26, С1-05Б-26, С1-06-26
A6: День недели | B6: Дата | C6: Время | D6: 1 группа | E6: 2 группа | F6: 3 группа | G6: 4 группа | H6: 5 группа | I6: 6 группа
D7: Баскетбол | E7: Волейбол, гандбол, бейсбол, регби | F7: Интеллектуальные и технологичные виды спорта (шахматы, гонки дронов, компьютерный спорт, страйкбол) | G7: Теннис, настольный теннис, бадминтон, бильярд, сквош | H7: Футбол | I7: Хоккей
A8: Понедельник | B8: 46335 | C8: 8.50-10.20
C9: 10.40-12.10
C10: 13.00-14.30
C11: 14.50-16.20
C12: 16.40-18.10
A13: Вторник | B13: =B8+1 -> 46336 | C13: 8.50-10.20
C14: 10.40-12.10
C15: 13.00-14.30
C16: 14.50-16.20
C17: 16.40-18.10
C18: 18.30-20.00
A19: Среда | B19: =B13+1 -> 46337 | C19: 8.50-10.20
C20: 10.40-12.10
C21: 13.00-14.30
C22: 14.50-16.20
C23: 16.40-18.10
A24: Четверг | B24: =B19+1 -> 46338 | C24: 8.50-10.20
C25: 10.40-12.10
C26: 13.00-14.30
C27: 14.50-16.20
C28: 16.40-18.10
A29: Пятница | B29: =B24+1 -> 46339 | C29: 8.50-10.20
C30: 10.40-12.10
C31: 13.00-14.30
C32: 14.50-16.20
C33: 16.40-18.10
A34: Суббота | B34: =B29+1 -> 46340 | C34: 8.50-10.20
C35: 10.40-12.10
C36: 13.00-14.30
C37: 14.50-16.20
C38: 16.40-18.10
D39: * Профили (направленность) указанны на титульном листе
C40: ='01.09'!C39 -> *Л. Речевое общение в профессиональной деятельности* | D40: ='02.11'!D40+COUNTIF(D$8:D$38,$C40) -> 5 | E40: ='02.11'!E40+COUNTIF(E$8:E$38,$C40) -> 5 | F40: ='02.11'!F40+COUNTIF(F$8:F$38,$C40) -> 5 | G40: ='02.11'!G40+COUNTIF(G$8:G$38,$C40) -> 5 | H40: ='02.11'!H40+COUNTIF(H$8:H$38,$C40) -> 5 | I40: ='02.11'!I40+COUNTIF(I$8:I$38,$C40) -> 5
C41: ='01.09'!C40 -> *Пр. Речевое общение в профессиональной деятельности* | D41: ='02.11'!D41+COUNTIF(D$8:D$38,$C41) -> 4 | E41: ='02.11'!E41+COUNTIF(E$8:E$38,$C41) -> 4 | F41: ='02.11'!F41+COUNTIF(F$8:F$38,$C41) -> 4 | G41: ='02.11'!G41+COUNTIF(G$8:G$38,$C41) -> 4 | H41: ='02.11'!H41+COUNTIF(H$8:H$38,$C41) -> 4 | I41: ='02.11'!I41+COUNTIF(I$8:I$38,$C41) -> 4
C42: ='01.09'!C41 -> *Л. Элективные дисциплины по ФКиС: Силовая подготовка* | D42: ='02.11'!D42+COUNTIF(D$8:D$38,$C42) -> 1 | E42: ='02.11'!E42+COUNTIF(E$8:E$38,$C42) -> 1 | F42: ='02.11'!F42+COUNTIF(F$8:F$38,$C42) -> 1 | G42: ='02.11'!G42+COUNTIF(G$8:G$38,$C42) -> 1 | H42: ='02.11'!H42+COUNTIF(H$8:H$38,$C42) -> 1 | I42: ='02.11'!I42+COUNTIF(I$8:I$38,$C42) -> 1
C43: ='01.09'!C42 -> *Пр. Элективные дисциплины по ФКиС: Силовая подготовка* | D43: ='02.11'!D43+COUNTIF(D$8:D$38,$C43) -> 8 | E43: ='02.11'!E43+COUNTIF(E$8:E$38,$C43) -> 9 | F43: ='02.11'!F43+COUNTIF(F$8:F$38,$C43) -> 9 | G43: ='02.11'!G43+COUNTIF(G$8:G$38,$C43) -> 9 | H43: ='02.11'!H43+COUNTIF(H$8:H$38,$C43) -> 9 | I43: ='02.11'!I43+COUNTIF(I$8:I$38,$C43) -> 8
C44: ='01.09'!C43 -> *Л. Анатомия* | D44: ='02.11'!D44+COUNTIF(D$8:D$38,$C44) -> 4 | E44: ='02.11'!E44+COUNTIF(E$8:E$38,$C44) -> 4 | F44: ='02.11'!F44+COUNTIF(F$8:F$38,$C44) -> 4 | G44: ='02.11'!G44+COUNTIF(G$8:G$38,$C44) -> 4 | H44: ='02.11'!H44+COUNTIF(H$8:H$38,$C44) -> 4 | I44: ='02.11'!I44+COUNTIF(I$8:I$38,$C44) -> 4
C45: ='01.09'!C44 -> *Пр. Анатомия* | D45: ='02.11'!D45+COUNTIF(D$8:D$38,$C45) -> 4 | E45: ='02.11'!E45+COUNTIF(E$8:E$38,$C45) -> 4 | F45: ='02.11'!F45+COUNTIF(F$8:F$38,$C45) -> 4 | G45: ='02.11'!G45+COUNTIF(G$8:G$38,$C45) -> 4 | H45: ='02.11'!H45+COUNTIF(H$8:H$38,$C45) -> 4 | I45: ='02.11'!I45+COUNTIF(I$8:I$38,$C45) -> 4
C46: ='01.09'!C45 -> *Л. Теория и методика* | D46: ='02.11'!D46+COUNTIF(D$8:D$38,$C46) -> 5 | E46: ='02.11'!E46+COUNTIF(E$8:E$38,$C46) -> 4 | F46: ='02.11'!F46+COUNTIF(F$8:F$38,$C46) -> 4 | G46: ='02.11'!G46+COUNTIF(G$8:G$38,$C46) -> 4 | H46: ='02.11'!H46+COUNTIF(H$8:H$38,$C46) -> 5 | I46: ='02.11'!I46+COUNTIF(I$8:I$38,$C46) -> 3
C47: ='01.09'!C46 -> *Пр. Теория и методика* | D47: ='02.11'!D47+COUNTIF(D$8:D$38,$C47) -> 24 | E47: ='02.11'!E47+COUNTIF(E$8:E$38,$C47) -> 23 | F47: ='02.11'!F47+COUNTIF(F$8:F$38,$C47) -> 23 | G47: ='02.11'!G47+COUNTIF(G$8:G$38,$C47) -> 23 | H47: ='02.11'!H47+COUNTIF(H$8:H$38,$C47) -> 26 | I47: ='02.11'!I47+COUNTIF(I$8:I$38,$C47) -> 20
C48: ='01.09'!C47 -> *Л. Физическая культура и спорт* | D48: ='02.11'!D48+COUNTIF(D$8:D$38,$C48) -> 5 | E48: ='02.11'!E48+COUNTIF(E$8:E$38,$C48) -> 5 | F48: ='02.11'!F48+COUNTIF(F$8:F$38,$C48) -> 5 | G48: ='02.11'!G48+COUNTIF(G$8:G$38,$C48) -> 5 | H48: ='02.11'!H48+COUNTIF(H$8:H$38,$C48) -> 5 | I48: ='02.11'!I48+COUNTIF(I$8:I$38,$C48) -> 5
C49: ='01.09'!C48 -> *Пр. Физическая культура и спорт* | D49: ='02.11'!D49+COUNTIF(D$8:D$38,$C49) -> 5 | E49: ='02.11'!E49+COUNTIF(E$8:E$38,$C49) -> 5 | F49: ='02.11'!F49+COUNTIF(F$8:F$38,$C49) -> 5 | G49: ='02.11'!G49+COUNTIF(G$8:G$38,$C49) -> 5 | H49: ='02.11'!H49+COUNTIF(H$8:H$38,$C49) -> 5 | I49: ='02.11'!I49+COUNTIF(I$8:I$38,$C49) -> 5
C50: ='01.09'!C49 -> *Л. Информационные технологии* | D50: ='02.11'!D50+COUNTIF(D$8:D$38,$C50) -> 2 | E50: ='02.11'!E50+COUNTIF(E$8:E$38,$C50) -> 2 | F50: ='02.11'!F50+COUNTIF(F$8:F$38,$C50) -> 2 | G50: ='02.11'!G50+COUNTIF(G$8:G$38,$C50) -> 2 | H50: ='02.11'!H50+COUNTIF(H$8:H$38,$C50) -> 2 | I50: ='02.11'!I50+COUNTIF(I$8:I$38,$C50) -> 2
C51: ='01.09'!C50 -> *Пр. Информационные технологии* | D51: ='02.11'!D51+COUNTIF(D$8:D$38,$C51) -> 8 | E51: ='02.11'!E51+COUNTIF(E$8:E$38,$C51) -> 8 | F51: ='02.11'!F51+COUNTIF(F$8:F$38,$C51) -> 8 | G51: ='02.11'!G51+COUNTIF(G$8:G$38,$C51) -> 8 | H51: ='02.11'!H51+COUNTIF(H$8:H$38,$C51) -> 8 | I51: ='02.11'!I51+COUNTIF(I$8:I$38,$C51) -> 8
... C66: ='01.09'!C65 -> 0 | D66: ='02.11'!D66+COUNTIF(D$8:D$38,$C66) -> 0 | E66: ='02.11'!E66+COUNTIF(E$8:E$38,$C66) -> 0 | F66: ='02.11'!F66+COUNTIF(F$8:F$38,$C66) -> 0 | G66: ='02.11'!G66+COUNTIF(G$8:G$38,$C66) -> 0 | H66: ='02.11'!H66+COUNTIF(H$8:H$38,$C66) -> 0 | I66: ='02.11'!I66+COUNTIF(I$8:I$38,$C66) -> 0

Sheet 16.11
B1: Расписание учебных занятий на первое полугодие 2026-2027 учебного года
B2: ТРЕНЕРСКИЙ ФАКУЛЬТЕТ, направление подготовки (образовательная программа)
B3: 49.03.04 Спорт *
B4: Курс 1, семестр 1, очная форма обучения
A5: группы С1-01-26, С1-02-26, С1-03-26, С1-04А-26, С1-04Б-26, С1-05А-26, С1-05Б-26, С1-06-26
A6: День недели | B6: Дата | C6: Время | D6: 1 группа | E6: 2 группа | F6: 3 группа | G6: 4 группа | H6: 5 группа | I6: 6 группа
D7: Баскетбол | E7: Волейбол, гандбол, бейсбол, регби | F7: Интеллектуальные и технологичные виды спорта (шахматы, гонки дронов, компьютерный спорт, страйкбол) | G7: Теннис, настольный теннис, бадминтон, бильярд, сквош | H7: Футбол | I7: Хоккей
A8: Понедельник | B8: 46342 | C8: 8.50-10.20
C9: 10.40-12.10
C10: 13.00-14.30
C11: 14.50-16.20
C12: 16.40-18.10
A13: Вторник | B13: =B8+1 -> 46343 | C13: 8.50-10.20
C14: 10.40-12.10
C15: 13.00-14.30
C16: 14.50-16.20
C17: 16.40-18.10
C18: 18.30-20.00
A19: Среда | B19: =B13+1 -> 46344 | C19: 8.50-10.20
C20: 10.40-12.10
C21: 13.00-14.30
C22: 14.50-16.20
C23: 16.40-18.10
A24: Четверг | B24: =B19+1 -> 46345 | C24: 8.50-10.20
C25: 10.40-12.10
C26: 13.00-14.30
C27: 14.50-16.20
C28: 16.40-18.10
A29: Пятница | B29: =B24+1 -> 46346 | C29: 8.50-10.20
C30: 10.40-12.10
C31: 13.00-14.30
C32: 14.50-16.20
C33: 16.40-18.10
A34: Суббота | B34: =B29+1 -> 46347 | C34: 8.50-10.20
C35: 10.40-12.10
C36: 13.00-14.30
C37: 14.50-16.20
C38: 16.40-18.10
D39: * Профили (направленность) указанны на титульном листе
C40: ='01.09'!C39 -> *Л. Речевое общение в профессиональной деятельности* | D40: ='09.11'!D40+COUNTIF(D$8:D$38,$C40) -> 5 | E40: ='09.11'!E40+COUNTIF(E$8:E$38,$C40) -> 5 | F40: ='09.11'!F40+COUNTIF(F$8:F$38,$C40) -> 5 | G40: ='09.11'!G40+COUNTIF(G$8:G$38,$C40) -> 5 | H40: ='09.11'!H40+COUNTIF(H$8:H$38,$C40) -> 5 | I40: ='09.11'!I40+COUNTIF(I$8:I$38,$C40) -> 5
C41: ='01.09'!C40 -> *Пр. Речевое общение в профессиональной деятельности* | D41: ='09.11'!D41+COUNTIF(D$8:D$38,$C41) -> 4 | E41: ='09.11'!E41+COUNTIF(E$8:E$38,$C41) -> 4 | F41: ='09.11'!F41+COUNTIF(F$8:F$38,$C41) -> 4 | G41: ='09.11'!G41+COUNTIF(G$8:G$38,$C41) -> 4 | H41: ='09.11'!H41+COUNTIF(H$8:H$38,$C41) -> 4 | I41: ='09.11'!I41+COUNTIF(I$8:I$38,$C41) -> 4
C42: ='01.09'!C41 -> *Л. Элективные дисциплины по ФКиС: Силовая подготовка* | D42: ='09.11'!D42+COUNTIF(D$8:D$38,$C42) -> 1 | E42: ='09.11'!E42+COUNTIF(E$8:E$38,$C42) -> 1 | F42: ='09.11'!F42+COUNTIF(F$8:F$38,$C42) -> 1 | G42: ='09.11'!G42+COUNTIF(G$8:G$38,$C42) -> 1 | H42: ='09.11'!H42+COUNTIF(H$8:H$38,$C42) -> 1 | I42: ='09.11'!I42+COUNTIF(I$8:I$38,$C42) -> 1
C43: ='01.09'!C42 -> *Пр. Элективные дисциплины по ФКиС: Силовая подготовка* | D43: ='09.11'!D43+COUNTIF(D$8:D$38,$C43) -> 8 | E43: ='09.11'!E43+COUNTIF(E$8:E$38,$C43) -> 9 | F43: ='09.11'!F43+COUNTIF(F$8:F$38,$C43) -> 9 | G43: ='09.11'!G43+COUNTIF(G$8:G$38,$C43) -> 9 | H43: ='09.11'!H43+COUNTIF(H$8:H$38,$C43) -> 9 | I43: ='09.11'!I43+COUNTIF(I$8:I$38,$C43) -> 8
C44: ='01.09'!C43 -> *Л. Анатомия* | D44: ='09.11'!D44+COUNTIF(D$8:D$38,$C44) -> 4 | E44: ='09.11'!E44+COUNTIF(E$8:E$38,$C44) -> 4 | F44: ='09.11'!F44+COUNTIF(F$8:F$38,$C44) -> 4 | G44: ='09.11'!G44+COUNTIF(G$8:G$38,$C44) -> 4 | H44: ='09.11'!H44+COUNTIF(H$8:H$38,$C44) -> 4 | I44: ='09.11'!I44+COUNTIF(I$8:I$38,$C44) -> 4
C45: ='01.09'!C44 -> *Пр. Анатомия* | D45: ='09.11'!D45+COUNTIF(D$8:D$38,$C45) -> 4 | E45: ='09.11'!E45+COUNTIF(E$8:E$38,$C45) -> 4 | F45: ='09.11'!F45+COUNTIF(F$8:F$38,$C45) -> 4 | G45: ='09.11'!G45+COUNTIF(G$8:G$38,$C45) -> 4 | H45: ='09.11'!H45+COUNTIF(H$8:H$38,$C45) -> 4 | I45: ='09.11'!I45+COUNTIF(I$8:I$38,$C45) -> 4
C46: ='01.09'!C45 -> *Л. Теория и методика* | D46: ='09.11'!D46+COUNTIF(D$8:D$38,$C46) -> 5 | E46: ='09.11'!E46+COUNTIF(E$8:E$38,$C46) -> 4 | F46: ='09.11'!F46+COUNTIF(F$8:F$38,$C46) -> 4 | G46: ='09.11'!G46+COUNTIF(G$8:G$38,$C46) -> 4 | H46: ='09.11'!H46+COUNTIF(H$8:H$38,$C46) -> 5 | I46: ='09.11'!I46+COUNTIF(I$8:I$38,$C46) -> 3
C47: ='01.09'!C46 -> *Пр. Теория и методика* | D47: ='09.11'!D47+COUNTIF(D$8:D$38,$C47) -> 24 | E47: ='09.11'!E47+COUNTIF(E$8:E$38,$C47) -> 23 | F47: ='09.11'!F47+COUNTIF(F$8:F$38,$C47) -> 23 | G47: ='09.11'!G47+COUNTIF(G$8:G$38,$C47) -> 23 | H47: ='09.11'!H47+COUNTIF(H$8:H$38,$C47) -> 26 | I47: ='09.11'!I47+COUNTIF(I$8:I$38,$C47) -> 20
C48: ='01.09'!C47 -> *Л. Физическая культура и спорт* | D48: ='09.11'!D48+COUNTIF(D$8:D$38,$C48) -> 5 | E48: ='09.11'!E48+COUNTIF(E$8:E$38,$C48) -> 5 | F48: ='09.11'!F48+COUNTIF(F$8:F$38,$C48) -> 5 | G48: ='09.11'!G48+COUNTIF(G$8:G$38,$C48) -> 5 | H48: ='09.11'!H48+COUNTIF(H$8:H$38,$C48) -> 5 | I48: ='09.11'!I48+COUNTIF(I$8:I$38,$C48) -> 5
C49: ='01.09'!C48 -> *Пр. Физическая культура и спорт* | D49: ='09.11'!D49+COUNTIF(D$8:D$38,$C49) -> 5 | E49: ='09.11'!E49+COUNTIF(E$8:E$38,$C49) -> 5 | F49: ='09.11'!F49+COUNTIF(F$8:F$38,$C49) -> 5 | G49: ='09.11'!G49+COUNTIF(G$8:G$38,$C49) -> 5 | H49: ='09.11'!H49+COUNTIF(H$8:H$38,$C49) -> 5 | I49: ='09.11'!I49+COUNTIF(I$8:I$38,$C49) -> 5
C50: ='01.09'!C49 -> *Л. Информационные технологии* | D50: ='09.11'!D50+COUNTIF(D$8:D$38,$C50) -> 2 | E50: ='09.11'!E50+COUNTIF(E$8:E$38,$C50) -> 2 | F50: ='09.11'!F50+COUNTIF(F$8:F$38,$C50) -> 2 | G50: ='09.11'!G50+COUNTIF(G$8:G$38,$C50) -> 2 | H50: ='09.11'!H50+COUNTIF(H$8:H$38,$C50) -> 2 | I50: ='09.11'!I50+COUNTIF(I$8:I$38,$C50) -> 2
C51: ='01.09'!C50 -> *Пр. Информационные технологии* | D51: ='09.11'!D51+COUNTIF(D$8:D$38,$C51) -> 8 | E51: ='09.11'!E51+COUNTIF(E$8:E$38,$C51) -> 8 | F51: ='09.11'!F51+COUNTIF(F$8:F$38,$C51) -> 8 | G51: ='09.11'!G51+COUNTIF(G$8:G$38,$C51) -> 8 | H51: ='09.11'!H51+COUNTIF(H$8:H$38,$C51) -> 8 | I51: ='09.11'!I51+COUNTIF(I$8:I$38,$C51) -> 8
... C68: ='01.09'!C67 -> 0 | D68: ='09.11'!D68+COUNTIF(D$8:D$38,$C68) -> 0 | E68: ='09.11'!E68+COUNTIF(E$8:E$38,$C68) -> 0 | F68: ='09.11'!F68+COUNTIF(F$8:F$38,$C68) -> 0 | G68: ='09.11'!G68+COUNTIF(G$8:G$38,$C68) -> 0 | H68: ='09.11'!H68+COUNTIF(H$8:H$38,$C68) -> 0 | I68: ='09.11'!I68+COUNTIF(I$8:I$38,$C68) -> 0

Sheet 23.11
B1: Расписание учебных занятий на первое полугодие 2026-2027 учебного года
B2: ТРЕНЕРСКИЙ ФАКУЛЬТЕТ, направление подготовки (образовательная программа)
B3: 49.03.04 Спорт *
B4: Курс 1, семестр 1, очная форма обучения
A5: группы С1-01-26, С1-02-26, С1-03-26, С1-04А-26, С1-04Б-26, С1-05А-26, С1-05Б-26, С1-06-26
A6: День недели | B6: Дата | C6: Время | D6: 1 группа | E6: 2 группа | F6: 3 группа | G6: 4 группа | H6: 5 группа | I6: 6 группа
D7: Баскетбол | E7: Волейбол, гандбол, бейсбол, регби | F7: Интеллектуальные и технологичные виды спорта (шахматы, гонки дронов, компьютерный спорт, страйкбол) | G7: Теннис, настольный теннис, бадминтон, бильярд, сквош | H7: Футбол | I7: Хоккей
A8: Понедельник | B8: 46349 | C8: 8.50-10.20
C9: 10.40-12.10
C10: 13.00-14.30
C11: 14.50-16.20
C12: 16.40-18.10
A13: Вторник | B13: =B8+1 -> 46350 | C13: 8.50-10.20
C14: 10.40-12.10
C15: 13.00-14.30
C16: 14.50-16.20
C17: 16.40-18.10
C18: 18.30-20.00
A19: Среда | B19: =B13+1 -> 46351 | C19: 8.50-10.20
C20: 10.40-12.10
C21: 13.00-14.30
C22: 14.50-16.20
C23: 16.40-18.10
A24: Четверг | B24: =B19+1 -> 46352 | C24: 8.50-10.20
C25: 10.40-12.10
C26: 13.00-14.30
C27: 14.50-16.20
C28: 16.40-18.10
A29: Пятница | B29: =B24+1 -> 46353 | C29: 8.50-10.20
C30: 10.40-12.10
C31: 13.00-14.30
C32: 14.50-16.20
C33: 16.40-18.10
A34: Суббота | B34: =B29+1 -> 46354 | C34: 8.50-10.20
C35: 10.40-12.10
C36: 13.00-14.30
C37: 14.50-16.20
C38: 16.40-18.10
D39: * Профили (направленность) указанны на титульном листе
C40: ='01.09'!C39 -> *Л. Речевое общение в профессиональной деятельности* | D40: ='16.11'!D40+COUNTIF(D$8:D$38,$C40) -> 5 | E40: ='16.11'!E40+COUNTIF(E$8:E$38,$C40) -> 5 | F40: ='16.11'!F40+COUNTIF(F$8:F$38,$C40) -> 5 | G40: ='16.11'!G40+COUNTIF(G$8:G$38,$C40) -> 5 | H40: ='16.11'!H40+COUNTIF(H$8:H$38,$C40) -> 5 | I40: ='16.11'!I40+COUNTIF(I$8:I$38,$C40) -> 5
C41: ='01.09'!C40 -> *Пр. Речевое общение в профессиональной деятельности* | D41: ='16.11'!D41+COUNTIF(D$8:D$38,$C41) -> 4 | E41: ='16.11'!E41+COUNTIF(E$8:E$38,$C41) -> 4 | F41: ='16.11'!F41+COUNTIF(F$8:F$38,$C41) -> 4 | G41: ='16.11'!G41+COUNTIF(G$8:G$38,$C41) -> 4 | H41: ='16.11'!H41+COUNTIF(H$8:H$38,$C41) -> 4 | I41: ='16.11'!I41+COUNTIF(I$8:I$38,$C41) -> 4
C42: ='01.09'!C41 -> *Л. Элективные дисциплины по ФКиС: Силовая подготовка* | D42: ='16.11'!D42+COUNTIF(D$8:D$38,$C42) -> 1 | E42: ='16.11'!E42+COUNTIF(E$8:E$38,$C42) -> 1 | F42: ='16.11'!F42+COUNTIF(F$8:F$38,$C42) -> 1 | G42: ='16.11'!G42+COUNTIF(G$8:G$38,$C42) -> 1 | H42: ='16.11'!H42+COUNTIF(H$8:H$38,$C42) -> 1 | I42: ='16.11'!I42+COUNTIF(I$8:I$38,$C42) -> 1
C43: ='01.09'!C42 -> *Пр. Элективные дисциплины по ФКиС: Силовая подготовка* | D43: ='16.11'!D43+COUNTIF(D$8:D$38,$C43) -> 8 | E43: ='16.11'!E43+COUNTIF(E$8:E$38,$C43) -> 9 | F43: ='16.11'!F43+COUNTIF(F$8:F$38,$C43) -> 9 | G43: ='16.11'!G43+COUNTIF(G$8:G$38,$C43) -> 9 | H43: ='16.11'!H43+COUNTIF(H$8:H$38,$C43) -> 9 | I43: ='16.11'!I43+COUNTIF(I$8:I$38,$C43) -> 8
C44: ='01.09'!C43 -> *Л. Анатомия* | D44: ='16.11'!D44+COUNTIF(D$8:D$38,$C44) -> 4 | E44: ='16.11'!E44+COUNTIF(E$8:E$38,$C44) -> 4 | F44: ='16.11'!F44+COUNTIF(F$8:F$38,$C44) -> 4 | G44: ='16.11'!G44+COUNTIF(G$8:G$38,$C44) -> 4 | H44: ='16.11'!H44+COUNTIF(H$8:H$38,$C44) -> 4 | I44: ='16.11'!I44+COUNTIF(I$8:I$38,$C44) -> 4
C45: ='01.09'!C44 -> *Пр. Анатомия* | D45: ='16.11'!D45+COUNTIF(D$8:D$38,$C45) -> 4 | E45: ='16.11'!E45+COUNTIF(E$8:E$38,$C45) -> 4 | F45: ='16.11'!F45+COUNTIF(F$8:F$38,$C45) -> 4 | G45: ='16.11'!G45+COUNTIF(G$8:G$38,$C45) -> 4 | H45: ='16.11'!H45+COUNTIF(H$8:H$38,$C45) -> 4 | I45: ='16.11'!I45+COUNTIF(I$8:I$38,$C45) -> 4
C46: ='01.09'!C45 -> *Л. Теория и методика* | D46: ='16.11'!D46+COUNTIF(D$8:D$38,$C46) -> 5 | E46: ='16.11'!E46+COUNTIF(E$8:E$38,$C46) -> 4 | F46: ='16.11'!F46+COUNTIF(F$8:F$38,$C46) -> 4 | G46: ='16.11'!G46+COUNTIF(G$8:G$38,$C46) -> 4 | H46: ='16.11'!H46+COUNTIF(H$8:H$38,$C46) -> 5 | I46: ='16.11'!I46+COUNTIF(I$8:I$38,$C46) -> 3
C47: ='01.09'!C46 -> *Пр. Теория и методика* | D47: ='16.11'!D47+COUNTIF(D$8:D$38,$C47) -> 24 | E47: ='16.11'!E47+COUNTIF(E$8:E$38,$C47) -> 23 | F47: ='16.11'!F47+COUNTIF(F$8:F$38,$C47) -> 23 | G47: ='16.11'!G47+COUNTIF(G$8:G$38,$C47) -> 23 | H47: ='16.11'!H47+COUNTIF(H$8:H$38,$C47) -> 26 | I47: ='16.11'!I47+COUNTIF(I$8:I$38,$C47) -> 20
C48: ='01.09'!C47 -> *Л. Физическая культура и спорт* | D48: ='16.11'!D48+COUNTIF(D$8:D$38,$C48) -> 5 | E48: ='16.11'!E48+COUNTIF(E$8:E$38,$C48) -> 5 | F48: ='16.11'!F48+COUNTIF(F$8:F$38,$C48) -> 5 | G48: ='16.11'!G48+COUNTIF(G$8:G$38,$C48) -> 5 | H48: ='16.11'!H48+COUNTIF(H$8:H$38,$C48) -> 5 | I48: ='16.11'!I48+COUNTIF(I$8:I$38,$C48) -> 5
C49: ='01.09'!C48 -> *Пр. Физическая культура и спорт* | D49: ='16.11'!D49+COUNTIF(D$8:D$38,$C49) -> 5 | E49: ='16.11'!E49+COUNTIF(E$8:E$38,$C49) -> 5 | F49: ='16.11'!F49+COUNTIF(F$8:F$38,$C49) -> 5 | G49: ='16.11'!G49+COUNTIF(G$8:G$38,$C49) -> 5 | H49: ='16.11'!H49+COUNTIF(H$8:H$38,$C49) -> 5 | I49: ='16.11'!I49+COUNTIF(I$8:I$38,$C49) -> 5
C50: ='01.09'!C49 -> *Л. Информационные технологии* | D50: ='16.11'!D50+COUNTIF(D$8:D$38,$C50) -> 2 | E50: ='16.11'!E50+COUNTIF(E$8:E$38,$C50) -> 2 | F50: ='16.11'!F50+COUNTIF(F$8:F$38,$C50) -> 2 | G50: ='16.11'!G50+COUNTIF(G$8:G$38,$C50) -> 2 | H50: ='16.11'!H50+COUNTIF(H$8:H$38,$C50) -> 2 | I50: ='16.11'!I50+COUNTIF(I$8:I$38,$C50) -> 2
C51: ='01.09'!C50 -> *Пр. Информационные технологии* | D51: ='16.11'!D51+COUNTIF(D$8:D$38,$C51) -> 8 | E51: ='16.11'!E51+COUNTIF(E$8:E$38,$C51) -> 8 | F51: ='16.11'!F51+COUNTIF(F$8:F$38,$C51) -> 8 | G51: ='16.11'!G51+COUNTIF(G$8:G$38,$C51) -> 8 | H51: ='16.11'!H51+COUNTIF(H$8:H$38,$C51) -> 8 | I51: ='16.11'!I51+COUNTIF(I$8:I$38,$C51) -> 8
... C66: ='01.09'!C65 -> 0 | D66: ='16.11'!D66+COUNTIF(D$8:D$38,$C66) -> 0 | E66: ='16.11'!E66+COUNTIF(E$8:E$38,$C66) -> 0 | F66: ='16.11'!F66+COUNTIF(F$8:F$38,$C66) -> 0 | G66: ='16.11'!G66+COUNTIF(G$8:G$38,$C66) -> 0 | H66: ='16.11'!H66+COUNTIF(H$8:H$38,$C66) -> 0 | I66: ='16.11'!I66+COUNTIF(I$8:I$38,$C66) -> 0

Sheet 30.11
B1: Расписание учебных занятий на первое полугодие 2026-2027 учебного года
B2: ТРЕНЕРСКИЙ ФАКУЛЬТЕТ, направление подготовки (образовательная программа)
B3: 49.03.04 Спорт *
B4: Курс 1, семестр 1, очная форма обучения
A5: группы С1-01-26, С1-02-26, С1-03-26, С1-04А-26, С1-04Б-26, С1-05А-26, С1-05Б-26, С1-06-26
A6: День недели | B6: Дата | C6: Время | D6: 1 группа | E6: 2 группа | F6: 3 группа | G6: 4 группа | H6: 5 группа | I6: 6 группа
D7: Баскетбол | E7: Волейбол, гандбол, бейсбол, регби | F7: Интеллектуальные и технологичные виды спорта (шахматы, гонки дронов, компьютерный спорт, страйкбол) | G7: Теннис, настольный теннис, бадминтон, бильярд, сквош | H7: Футбол | I7: Хоккей
A8: Понедельник | B8: 46356 | C8: 8.50-10.20
C9: 10.40-12.10
C10: 13.00-14.30
C11: 14.50-16.20
C12: 16.40-18.10
A13: Вторник | B13: =B8+1 -> 46357 | C13: 8.50-10.20
C14: 10.40-12.10
C15: 13.00-14.30
C16: 14.50-16.20
C17: 16.40-18.10
C18: 18.30-20.00
A19: Среда | B19: =B13+1 -> 46358 | C19: 8.50-10.20
C20: 10.40-12.10
C21: 13.00-14.30
C22: 14.50-16.20
C23: 16.40-18.10
A24: Четверг | B24: =B19+1 -> 46359 | C24: 8.50-10.20
C25: 10.40-12.10
C26: 13.00-14.30
C27: 14.50-16.20
C28: 16.40-18.10
A29: Пятница | B29: =B24+1 -> 46360 | C29: 8.50-10.20
C30: 10.40-12.10
C31: 13.00-14.30
C32: 14.50-16.20
C33: 16.40-18.10
A34: Суббота | B34: =B29+1 -> 46361 | C34: 8.50-10.20
C35: 10.40-12.10
C36: 13.00-14.30
C37: 14.50-16.20
C38: 16.40-18.10
D39: * Профили (направленность) указанны на титульном листе
C40: ='01.09'!C39 -> *Л. Речевое общение в профессиональной деятельности* | D40: ='23.11'!D40+COUNTIF(D$8:D$38,$C40) -> 5 | E40: ='23.11'!E40+COUNTIF(E$8:E$38,$C40) -> 5 | F40: ='23.11'!F40+COUNTIF(F$8:F$38,$C40) -> 5 | G40: ='23.11'!G40+COUNTIF(G$8:G$38,$C40) -> 5 | H40: ='23.11'!H40+COUNTIF(H$8:H$38,$C40) -> 5 | I40: ='23.11'!I40+COUNTIF(I$8:I$38,$C40) -> 5
C41: ='01.09'!C40 -> *Пр. Речевое общение в профессиональной деятельности* | D41: ='23.11'!D41+COUNTIF(D$8:D$38,$C41) -> 4 | E41: ='23.11'!E41+COUNTIF(E$8:E$38,$C41) -> 4 | F41: ='23.11'!F41+COUNTIF(F$8:F$38,$C41) -> 4 | G41: ='23.11'!G41+COUNTIF(G$8:G$38,$C41) -> 4 | H41: ='23.11'!H41+COUNTIF(H$8:H$38,$C41) -> 4 | I41: ='23.11'!I41+COUNTIF(I$8:I$38,$C41) -> 4
C42: ='01.09'!C41 -> *Л. Элективные дисциплины по ФКиС: Силовая подготовка* | D42: ='23.11'!D42+COUNTIF(D$8:D$38,$C42) -> 1 | E42: ='23.11'!E42+COUNTIF(E$8:E$38,$C42) -> 1 | F42: ='23.11'!F42+COUNTIF(F$8:F$38,$C42) -> 1 | G42: ='23.11'!G42+COUNTIF(G$8:G$38,$C42) -> 1 | H42: ='23.11'!H42+COUNTIF(H$8:H$38,$C42) -> 1 | I42: ='23.11'!I42+COUNTIF(I$8:I$38,$C42) -> 1
C43: ='01.09'!C42 -> *Пр. Элективные дисциплины по ФКиС: Силовая подготовка* | D43: ='23.11'!D43+COUNTIF(D$8:D$38,$C43) -> 8 | E43: ='23.11'!E43+COUNTIF(E$8:E$38,$C43) -> 9 | F43: ='23.11'!F43+COUNTIF(F$8:F$38,$C43) -> 9 | G43: ='23.11'!G43+COUNTIF(G$8:G$38,$C43) -> 9 | H43: ='23.11'!H43+COUNTIF(H$8:H$38,$C43) -> 9 | I43: ='23.11'!I43+COUNTIF(I$8:I$38,$C43) -> 8
C44: ='01.09'!C43 -> *Л. Анатомия* | D44: ='23.11'!D44+COUNTIF(D$8:D$38,$C44) -> 4 | E44: ='23.11'!E44+COUNTIF(E$8:E$38,$C44) -> 4 | F44: ='23.11'!F44+COUNTIF(F$8:F$38,$C44) -> 4 | G44: ='23.11'!G44+COUNTIF(G$8:G$38,$C44) -> 4 | H44: ='23.11'!H44+COUNTIF(H$8:H$38,$C44) -> 4 | I44: ='23.11'!I44+COUNTIF(I$8:I$38,$C44) -> 4
C45: ='01.09'!C44 -> *Пр. Анатомия* | D45: ='23.11'!D45+COUNTIF(D$8:D$38,$C45) -> 4 | E45: ='23.11'!E45+COUNTIF(E$8:E$38,$C45) -> 4 | F45: ='23.11'!F45+COUNTIF(F$8:F$38,$C45) -> 4 | G45: ='23.11'!G45+COUNTIF(G$8:G$38,$C45) -> 4 | H45: ='23.11'!H45+COUNTIF(H$8:H$38,$C45) -> 4 | I45: ='23.11'!I45+COUNTIF(I$8:I$38,$C45) -> 4
C46: ='01.09'!C45 -> *Л. Теория и методика* | D46: ='23.11'!D46+COUNTIF(D$8:D$38,$C46) -> 5 | E46: ='23.11'!E46+COUNTIF(E$8:E$38,$C46) -> 4 | F46: ='23.11'!F46+COUNTIF(F$8:F$38,$C46) -> 4 | G46: ='23.11'!G46+COUNTIF(G$8:G$38,$C46) -> 4 | H46: ='23.11'!H46+COUNTIF(H$8:H$38,$C46) -> 5 | I46: ='23.11'!I46+COUNTIF(I$8:I$38,$C46) -> 3
C47: ='01.09'!C46 -> *Пр. Теория и методика* | D47: ='23.11'!D47+COUNTIF(D$8:D$38,$C47) -> 24 | E47: ='23.11'!E47+COUNTIF(E$8:E$38,$C47) -> 23 | F47: ='23.11'!F47+COUNTIF(F$8:F$38,$C47) -> 23 | G47: ='23.11'!G47+COUNTIF(G$8:G$38,$C47) -> 23 | H47: ='23.11'!H47+COUNTIF(H$8:H$38,$C47) -> 26 | I47: ='23.11'!I47+COUNTIF(I$8:I$38,$C47) -> 20
C48: ='01.09'!C47 -> *Л. Физическая культура и спорт* | D48: ='23.11'!D48+COUNTIF(D$8:D$38,$C48) -> 5 | E48: ='23.11'!E48+COUNTIF(E$8:E$38,$C48) -> 5 | F48: ='23.11'!F48+COUNTIF(F$8:F$38,$C48) -> 5 | G48: ='23.11'!G48+COUNTIF(G$8:G$38,$C48) -> 5 | H48: ='23.11'!H48+COUNTIF(H$8:H$38,$C48) -> 5 | I48: ='23.11'!I48+COUNTIF(I$8:I$38,$C48) -> 5
C49: ='01.09'!C48 -> *Пр. Физическая культура и спорт* | D49: ='23.11'!D49+COUNTIF(D$8:D$38,$C49) -> 5 | E49: ='23.11'!E49+COUNTIF(E$8:E$38,$C49) -> 5 | F49: ='23.11'!F49+COUNTIF(F$8:F$38,$C49) -> 5 | G49: ='23.11'!G49+COUNTIF(G$8:G$38,$C49) -> 5 | H49: ='23.11'!H49+COUNTIF(H$8:H$38,$C49) -> 5 | I49: ='23.11'!I49+COUNTIF(I$8:I$38,$C49) -> 5
C50: ='01.09'!C49 -> *Л. Информационные технологии* | D50: ='23.11'!D50+COUNTIF(D$8:D$38,$C50) -> 2 | E50: ='23.11'!E50+COUNTIF(E$8:E$38,$C50) -> 2 | F50: ='23.11'!F50+COUNTIF(F$8:F$38,$C50) -> 2 | G50: ='23.11'!G50+COUNTIF(G$8:G$38,$C50) -> 2 | H50: ='23.11'!H50+COUNTIF(H$8:H$38,$C50) -> 2 | I50: ='23.11'!I50+COUNTIF(I$8:I$38,$C50) -> 2
C51: ='01.09'!C50 -> *Пр. Информационные технологии* | D51: ='23.11'!D51+COUNTIF(D$8:D$38,$C51) -> 8 | E51: ='23.11'!E51+COUNTIF(E$8:E$38,$C51) -> 8 | F51: ='23.11'!F51+COUNTIF(F$8:F$38,$C51) -> 8 | G51: ='23.11'!G51+COUNTIF(G$8:G$38,$C51) -> 8 | H51: ='23.11'!H51+COUNTIF(H$8:H$38,$C51) -> 8 | I51: ='23.11'!I51+COUNTIF(I$8:I$38,$C51) -> 8
... C69: ='01.09'!C68 -> 0 | D69: ='23.11'!D69+COUNTIF(D$8:D$38,$C69) -> 0 | E69: ='23.11'!E69+COUNTIF(E$8:E$38,$C69) -> 0 | F69: ='23.11'!F69+COUNTIF(F$8:F$38,$C69) -> 0 | G69: ='23.11'!G69+COUNTIF(G$8:G$38,$C69) -> 0 | H69: ='23.11'!H69+COUNTIF(H$8:H$38,$C69) -> 0 | I69: ='23.11'!I69+COUNTIF(I$8:I$38,$C69) -> 0

Sheet 07.12
B1: Расписание учебных занятий на первое полугодие 2026-2027 учебного года
B2: ТРЕНЕРСКИЙ ФАКУЛЬТЕТ, направление подготовки (образовательная программа)
B3: 49.03.04 Спорт *
B4: Курс 1, семестр 1, очная форма обучения
A5: группы С1-01-26, С1-02-26, С1-03-26, С1-04А-26, С1-04Б-26, С1-05А-26, С1-05Б-26, С1-06-26
A6: День недели | B6: Дата | C6: Время | D6: 1 группа | E6: 2 группа | F6: 3 группа | G6: 4 группа | H6: 5 группа | I6: 6 группа
D7: Баскетбол | E7: Волейбол, гандбол, бейсбол, регби | F7: Интеллектуальные и технологичные виды спорта (шахматы, гонки дронов, компьютерный спорт, страйкбол) | G7: Теннис, настольный теннис, бадминтон, бильярд, сквош | H7: Футбол | I7: Хоккей
A8: Понедельник | B8: 46363 | C8: 8.50-10.20
C9: 10.40-12.10
C10: 13.00-14.30
C11: 14.50-16.20
C12: 16.40-18.10
A13: Вторник | B13: =B8+1 -> 46364 | C13: 8.50-10.20
C14: 10.40-12.10
C15: 13.00-14.30
C16: 14.50-16.20
C17: 16.40-18.10
C18: 18.30-20.00
A19: Среда | B19: =B13+1 -> 46365 | C19: 8.50-10.20
C20: 10.40-12.10
C21: 13.00-14.30
C22: 14.50-16.20
C23: 16.40-18.10
A24: Четверг | B24: =B19+1 -> 46366 | C24: 8.50-10.20
C25: 10.40-12.10
C26: 13.00-14.30
C27: 14.50-16.20
C28: 16.40-18.10
A29: Пятница | B29: =B24+1 -> 46367 | C29: 8.50-10.20
C30: 10.40-12.10
C31: 13.00-14.30
C32: 14.50-16.20
C33: 16.40-18.10
A34: Суббота | B34: =B29+1 -> 46368 | C34: 8.50-10.20
C35: 10.40-12.10
C36: 13.00-14.30
C37: 14.50-16.20
C38: 16.40-18.10
D39: * Профили (направленность) указанны на титульном листе
C40: ='01.09'!C39 -> *Л. Речевое общение в профессиональной деятельности* | D40: ='30.11'!D40+COUNTIF(D$8:D$38,$C40) -> 5 | E40: ='30.11'!E40+COUNTIF(E$8:E$38,$C40) -> 5 | F40: ='30.11'!F40+COUNTIF(F$8:F$38,$C40) -> 5 | G40: ='30.11'!G40+COUNTIF(G$8:G$38,$C40) -> 5 | H40: ='30.11'!H40+COUNTIF(H$8:H$38,$C40) -> 5 | I40: ='30.11'!I40+COUNTIF(I$8:I$38,$C40) -> 5
C41: ='01.09'!C40 -> *Пр. Речевое общение в профессиональной деятельности* | D41: ='30.11'!D41+COUNTIF(D$8:D$38,$C41) -> 4 | E41: ='30.11'!E41+COUNTIF(E$8:E$38,$C41) -> 4 | F41: ='30.11'!F41+COUNTIF(F$8:F$38,$C41) -> 4 | G41: ='30.11'!G41+COUNTIF(G$8:G$38,$C41) -> 4 | H41: ='30.11'!H41+COUNTIF(H$8:H$38,$C41) -> 4 | I41: ='30.11'!I41+COUNTIF(I$8:I$38,$C41) -> 4
C42: ='01.09'!C41 -> *Л. Элективные дисциплины по ФКиС: Силовая подготовка* | D42: ='30.11'!D42+COUNTIF(D$8:D$38,$C42) -> 1 | E42: ='30.11'!E42+COUNTIF(E$8:E$38,$C42) -> 1 | F42: ='30.11'!F42+COUNTIF(F$8:F$38,$C42) -> 1 | G42: ='30.11'!G42+COUNTIF(G$8:G$38,$C42) -> 1 | H42: ='30.11'!H42+COUNTIF(H$8:H$38,$C42) -> 1 | I42: ='30.11'!I42+COUNTIF(I$8:I$38,$C42) -> 1
C43: ='01.09'!C42 -> *Пр. Элективные дисциплины по ФКиС: Силовая подготовка* | D43: ='30.11'!D43+COUNTIF(D$8:D$38,$C43) -> 8 | E43: ='30.11'!E43+COUNTIF(E$8:E$38,$C43) -> 9 | F43: ='30.11'!F43+COUNTIF(F$8:F$38,$C43) -> 9 | G43: ='30.11'!G43+COUNTIF(G$8:G$38,$C43) -> 9 | H43: ='30.11'!H43+COUNTIF(H$8:H$38,$C43) -> 9 | I43: ='30.11'!I43+COUNTIF(I$8:I$38,$C43) -> 8
C44: ='01.09'!C43 -> *Л. Анатомия* | D44: ='30.11'!D44+COUNTIF(D$8:D$38,$C44) -> 4 | E44: ='30.11'!E44+COUNTIF(E$8:E$38,$C44) -> 4 | F44: ='30.11'!F44+COUNTIF(F$8:F$38,$C44) -> 4 | G44: ='30.11'!G44+COUNTIF(G$8:G$38,$C44) -> 4 | H44: ='30.11'!H44+COUNTIF(H$8:H$38,$C44) -> 4 | I44: ='30.11'!I44+COUNTIF(I$8:I$38,$C44) -> 4
C45: ='01.09'!C44 -> *Пр. Анатомия* | D45: ='30.11'!D45+COUNTIF(D$8:D$38,$C45) -> 4 | E45: ='30.11'!E45+COUNTIF(E$8:E$38,$C45) -> 4 | F45: ='30.11'!F45+COUNTIF(F$8:F$38,$C45) -> 4 | G45: ='30.11'!G45+COUNTIF(G$8:G$38,$C45) -> 4 | H45: ='30.11'!H45+COUNTIF(H$8:H$38,$C45) -> 4 | I45: ='30.11'!I45+COUNTIF(I$8:I$38,$C45) -> 4
C46: ='01.09'!C45 -> *Л. Теория и методика* | D46: ='30.11'!D46+COUNTIF(D$8:D$38,$C46) -> 5 | E46: ='30.11'!E46+COUNTIF(E$8:E$38,$C46) -> 4 | F46: ='30.11'!F46+COUNTIF(F$8:F$38,$C46) -> 4 | G46: ='30.11'!G46+COUNTIF(G$8:G$38,$C46) -> 4 | H46: ='30.11'!H46+COUNTIF(H$8:H$38,$C46) -> 5 | I46: ='30.11'!I46+COUNTIF(I$8:I$38,$C46) -> 3
C47: ='01.09'!C46 -> *Пр. Теория и методика* | D47: ='30.11'!D47+COUNTIF(D$8:D$38,$C47) -> 24 | E47: ='30.11'!E47+COUNTIF(E$8:E$38,$C47) -> 23 | F47: ='30.11'!F47+COUNTIF(F$8:F$38,$C47) -> 23 | G47: ='30.11'!G47+COUNTIF(G$8:G$38,$C47) -> 23 | H47: ='30.11'!H47+COUNTIF(H$8:H$38,$C47) -> 26 | I47: ='30.11'!I47+COUNTIF(I$8:I$38,$C47) -> 20
C48: ='01.09'!C47 -> *Л. Физическая культура и спорт* | D48: ='30.11'!D48+COUNTIF(D$8:D$38,$C48) -> 5 | E48: ='30.11'!E48+COUNTIF(E$8:E$38,$C48) -> 5 | F48: ='30.11'!F48+COUNTIF(F$8:F$38,$C48) -> 5 | G48: ='30.11'!G48+COUNTIF(G$8:G$38,$C48) -> 5 | H48: ='30.11'!H48+COUNTIF(H$8:H$38,$C48) -> 5 | I48: ='30.11'!I48+COUNTIF(I$8:I$38,$C48) -> 5
C49: ='01.09'!C48 -> *Пр. Физическая культура и спорт* | D49: ='30.11'!D49+COUNTIF(D$8:D$38,$C49) -> 5 | E49: ='30.11'!E49+COUNTIF(E$8:E$38,$C49) -> 5 | F49: ='30.11'!F49+COUNTIF(F$8:F$38,$C49) -> 5 | G49: ='30.11'!G49+COUNTIF(G$8:G$38,$C49) -> 5 | H49: ='30.11'!H49+COUNTIF(H$8:H$38,$C49) -> 5 | I49: ='30.11'!I49+COUNTIF(I$8:I$38,$C49) -> 5
C50: ='01.09'!C49 -> *Л. Информационные технологии* | D50: ='30.11'!D50+COUNTIF(D$8:D$38,$C50) -> 2 | E50: ='30.11'!E50+COUNTIF(E$8:E$38,$C50) -> 2 | F50: ='30.11'!F50+COUNTIF(F$8:F$38,$C50) -> 2 | G50: ='30.11'!G50+COUNTIF(G$8:G$38,$C50) -> 2 | H50: ='30.11'!H50+COUNTIF(H$8:H$38,$C50) -> 2 | I50: ='30.11'!I50+COUNTIF(I$8:I$38,$C50) -> 2
C51: ='01.09'!C50 -> *Пр. Информационные технологии* | D51: ='30.11'!D51+COUNTIF(D$8:D$38,$C51) -> 8 | E51: ='30.11'!E51+COUNTIF(E$8:E$38,$C51) -> 8 | F51: ='30.11'!F51+COUNTIF(F$8:F$38,$C51) -> 8 | G51: ='30.11'!G51+COUNTIF(G$8:G$38,$C51) -> 8 | H51: ='30.11'!H51+COUNTIF(H$8:H$38,$C51) -> 8 | I51: ='30.11'!I51+COUNTIF(I$8:I$38,$C51) -> 8
... C70: ='01.09'!C69 -> 0 | D70: ='30.11'!D70+COUNTIF(D$8:D$38,$C70) -> 0 | E70: ='30.11'!E70+COUNTIF(E$8:E$38,$C70) -> 0 | F70: ='30.11'!F70+COUNTIF(F$8:F$38,$C70) -> 0 | G70: ='30.11'!G70+COUNTIF(G$8:G$38,$C70) -> 0 | H70: ='30.11'!H70+COUNTIF(H$8:H$38,$C70) -> 0 | I70: ='30.11'!I70+COUNTIF(I$8:I$38,$C70) -> 0

Sheet 14.12
B1: Расписание учебных занятий на первое полугодие 2026-2027 учебного года
B2: ТРЕНЕРСКИЙ ФАКУЛЬТЕТ, направление подготовки (образовательная программа)
B3: 49.03.04 Спорт *
B4: Курс 1, семестр 1, очная форма обучения
A5: группы С1-01-26, С1-02-26, С1-03-26, С1-04А-26, С1-04Б-26, С1-05А-26, С1-05Б-26, С1-06-26
A6: День недели | B6: Дата | C6: Время | D6: 1 группа | E6: 2 группа | F6: 3 группа | G6: 4 группа | H6: 5 группа | I6: 6 группа
D7: Баскетбол | E7: Волейбол, гандбол, бейсбол, регби | F7: Интеллектуальные и технологичные виды спорта (шахматы, гонки дронов, компьютерный спорт, страйкбол) | G7: Теннис, настольный теннис, бадминтон, бильярд, сквош | H7: Футбол | I7: Хоккей
A8: Понедельник | B8: 46370 | C8: 8.50-10.20
C9: 10.40-12.10
C10: 13.00-14.30
C11: 14.50-16.20
C12: 16.40-18.10
A13: Вторник | B13: =B8+1 -> 46371 | C13: 8.50-10.20
C14: 10.40-12.10
C15: 13.00-14.30
C16: 14.50-16.20
C17: 16.40-18.10
C18: 18.30-20.00
A19: Среда | B19: =B13+1 -> 46372 | C19: 8.50-10.20
C20: 10.40-12.10
C21: 13.00-14.30
C22: 14.50-16.20
C23: 16.40-18.10
A24: Четверг | B24: =B19+1 -> 46373 | C24: 8.50-10.20
C25: 10.40-12.10
C26: 13.00-14.30
C27: 14.50-16.20
C28: 16.40-18.10
A29: Пятница | B29: =B24+1 -> 46374 | C29: 8.50-10.20
C30: 10.40-12.10
C31: 13.00-14.30
C32: 14.50-16.20
C33: 16.40-18.10
A34: Суббота | B34: =B29+1 -> 46375 | C34: 8.50-10.20
C35: 10.40-12.10
C36: 13.00-14.30
C37: 14.50-16.20
C38: 16.40-18.10
D39: * Профили (направленность) указанны на титульном листе
C40: ='01.09'!C39 -> *Л. Речевое общение в профессиональной деятельности* | D40: ='21.12'!D40+COUNTIF(D$8:D$38,$C40) -> 5 | E40: ='21.12'!E40+COUNTIF(E$8:E$38,$C40) -> 5 | F40: ='21.12'!F40+COUNTIF(F$8:F$38,$C40) -> 5 | G40: ='21.12'!G40+COUNTIF(G$8:G$38,$C40) -> 5 | H40: ='21.12'!H40+COUNTIF(H$8:H$38,$C40) -> 5 | I40: ='21.12'!I40+COUNTIF(I$8:I$38,$C40) -> 5
C41: ='01.09'!C40 -> *Пр. Речевое общение в профессиональной деятельности* | D41: ='21.12'!D41+COUNTIF(D$8:D$38,$C41) -> 4 | E41: ='21.12'!E41+COUNTIF(E$8:E$38,$C41) -> 4 | F41: ='21.12'!F41+COUNTIF(F$8:F$38,$C41) -> 4 | G41: ='21.12'!G41+COUNTIF(G$8:G$38,$C41) -> 4 | H41: ='21.12'!H41+COUNTIF(H$8:H$38,$C41) -> 4 | I41: ='21.12'!I41+COUNTIF(I$8:I$38,$C41) -> 4
C42: ='01.09'!C41 -> *Л. Элективные дисциплины по ФКиС: Силовая подготовка* | D42: ='21.12'!D42+COUNTIF(D$8:D$38,$C42) -> 1 | E42: ='21.12'!E42+COUNTIF(E$8:E$38,$C42) -> 1 | F42: ='21.12'!F42+COUNTIF(F$8:F$38,$C42) -> 1 | G42: ='21.12'!G42+COUNTIF(G$8:G$38,$C42) -> 1 | H42: ='21.12'!H42+COUNTIF(H$8:H$38,$C42) -> 1 | I42: ='21.12'!I42+COUNTIF(I$8:I$38,$C42) -> 1
C43: ='01.09'!C42 -> *Пр. Элективные дисциплины по ФКиС: Силовая подготовка* | D43: ='21.12'!D43+COUNTIF(D$8:D$38,$C43) -> 8 | E43: ='21.12'!E43+COUNTIF(E$8:E$38,$C43) -> 9 | F43: ='21.12'!F43+COUNTIF(F$8:F$38,$C43) -> 9 | G43: ='21.12'!G43+COUNTIF(G$8:G$38,$C43) -> 9 | H43: ='21.12'!H43+COUNTIF(H$8:H$38,$C43) -> 9 | I43: ='21.12'!I43+COUNTIF(I$8:I$38,$C43) -> 8
C44: ='01.09'!C43 -> *Л. Анатомия* | D44: ='21.12'!D44+COUNTIF(D$8:D$38,$C44) -> 4 | E44: ='21.12'!E44+COUNTIF(E$8:E$38,$C44) -> 4 | F44: ='21.12'!F44+COUNTIF(F$8:F$38,$C44) -> 4 | G44: ='21.12'!G44+COUNTIF(G$8:G$38,$C44) -> 4 | H44: ='21.12'!H44+COUNTIF(H$8:H$38,$C44) -> 4 | I44: ='21.12'!I44+COUNTIF(I$8:I$38,$C44) -> 4
C45: ='01.09'!C44 -> *Пр. Анатомия* | D45: ='21.12'!D45+COUNTIF(D$8:D$38,$C45) -> 4 | E45: ='21.12'!E45+COUNTIF(E$8:E$38,$C45) -> 4 | F45: ='21.12'!F45+COUNTIF(F$8:F$38,$C45) -> 4 | G45: ='21.12'!G45+COUNTIF(G$8:G$38,$C45) -> 4 | H45: ='21.12'!H45+COUNTIF(H$8:H$38,$C45) -> 4 | I45: ='21.12'!I45+COUNTIF(I$8:I$38,$C45) -> 4
C46: ='01.09'!C45 -> *Л. Теория и методика* | D46: ='21.12'!D46+COUNTIF(D$8:D$38,$C46) -> 5 | E46: ='21.12'!E46+COUNTIF(E$8:E$38,$C46) -> 4 | F46: ='21.12'!F46+COUNTIF(F$8:F$38,$C46) -> 4 | G46: ='21.12'!G46+COUNTIF(G$8:G$38,$C46) -> 4 | H46: ='21.12'!H46+COUNTIF(H$8:H$38,$C46) -> 5 | I46: ='21.12'!I46+COUNTIF(I$8:I$38,$C46) -> 3
C47: ='01.09'!C46 -> *Пр. Теория и методика* | D47: ='21.12'!D47+COUNTIF(D$8:D$38,$C47) -> 24 | E47: ='21.12'!E47+COUNTIF(E$8:E$38,$C47) -> 23 | F47: ='21.12'!F47+COUNTIF(F$8:F$38,$C47) -> 23 | G47: ='21.12'!G47+COUNTIF(G$8:G$38,$C47) -> 23 | H47: ='21.12'!H47+COUNTIF(H$8:H$38,$C47) -> 26 | I47: ='21.12'!I47+COUNTIF(I$8:I$38,$C47) -> 20
C48: ='01.09'!C47 -> *Л. Физическая культура и спорт* | D48: ='21.12'!D48+COUNTIF(D$8:D$38,$C48) -> 5 | E48: ='21.12'!E48+COUNTIF(E$8:E$38,$C48) -> 5 | F48: ='21.12'!F48+COUNTIF(F$8:F$38,$C48) -> 5 | G48: ='21.12'!G48+COUNTIF(G$8:G$38,$C48) -> 5 | H48: ='21.12'!H48+COUNTIF(H$8:H$38,$C48) -> 5 | I48: ='21.12'!I48+COUNTIF(I$8:I$38,$C48) -> 5
C49: ='01.09'!C48 -> *Пр. Физическая культура и спорт* | D49: ='21.12'!D49+COUNTIF(D$8:D$38,$C49) -> 5 | E49: ='21.12'!E49+COUNTIF(E$8:E$38,$C49) -> 5 | F49: ='21.12'!F49+COUNTIF(F$8:F$38,$C49) -> 5 | G49: ='21.12'!G49+COUNTIF(G$8:G$38,$C49) -> 5 | H49: ='21.12'!H49+COUNTIF(H$8:H$38,$C49) -> 5 | I49: ='21.12'!I49+COUNTIF(I$8:I$38,$C49) -> 5
C50: ='01.09'!C49 -> *Л. Информационные технологии* | D50: ='21.12'!D50+COUNTIF(D$8:D$38,$C50) -> 2 | E50: ='21.12'!E50+COUNTIF(E$8:E$38,$C50) -> 2 | F50: ='21.12'!F50+COUNTIF(F$8:F$38,$C50) -> 2 | G50: ='21.12'!G50+COUNTIF(G$8:G$38,$C50) -> 2 | H50: ='21.12'!H50+COUNTIF(H$8:H$38,$C50) -> 2 | I50: ='21.12'!I50+COUNTIF(I$8:I$38,$C50) -> 2
C51: ='01.09'!C50 -> *Пр. Информационные технологии* | D51: ='21.12'!D51+COUNTIF(D$8:D$38,$C51) -> 8 | E51: ='21.12'!E51+COUNTIF(E$8:E$38,$C51) -> 8 | F51: ='21.12'!F51+COUNTIF(F$8:F$38,$C51) -> 8 | G51: ='21.12'!G51+COUNTIF(G$8:G$38,$C51) -> 8 | H51: ='21.12'!H51+COUNTIF(H$8:H$38,$C51) -> 8 | I51: ='21.12'!I51+COUNTIF(I$8:I$38,$C51) -> 8
... C66: ='01.09'!C65 -> 0 | D66: ='21.12'!D66+COUNTIF(D$8:D$38,$C66) -> 0 | E66: ='21.12'!E66+COUNTIF(E$8:E$38,$C66) -> 0 | F66: ='21.12'!F66+COUNTIF(F$8:F$38,$C66) -> 0 | G66: ='21.12'!G66+COUNTIF(G$8:G$38,$C66) -> 0 | H66: ='21.12'!H66+COUNTIF(H$8:H$38,$C66) -> 0 | I66: ='21.12'!I66+COUNTIF(I$8:I$38,$C66) -> 0

Sheet 21.12
B1: Расписание учебных занятий на первое полугодие 2026-2027 учебного года
B2: ТРЕНЕРСКИЙ ФАКУЛЬТЕТ, направление подготовки (образовательная программа)
B3: 49.03.04 Спорт *
B4: Курс 1, семестр 1, очная форма обучения
A5: группы С1-01-26, С1-02-26, С1-03-26, С1-04А-26, С1-04Б-26, С1-05А-26, С1-05Б-26, С1-06-26
A6: День недели | B6: Дата | C6: Время | D6: 1 группа | E6: 2 группа | F6: 3 группа | G6: 4 группа | H6: 5 группа | I6: 6 группа
D7: Баскетбол | E7: Волейбол, гандбол, бейсбол, регби | F7: Интеллектуальные и технологичные виды спорта (шахматы, гонки дронов, компьютерный спорт, страйкбол) | G7: Теннис, настольный теннис, бадминтон, бильярд, сквош | H7: Футбол | I7: Хоккей
A8: Понедельник | B8: 46377 | C8: 8.50-10.20
C9: 10.40-12.10
C10: 13.00-14.30
C11: 14.50-16.20
C12: 16.40-18.10
A13: Вторник | B13: =B8+1 -> 46378 | C13: 8.50-10.20
C14: 10.40-12.10
C15: 13.00-14.30
C16: 14.50-16.20
C17: 16.40-18.10
C18: 18.30-20.00
A19: Среда | B19: =B13+1 -> 46379 | C19: 8.50-10.20
C20: 10.40-12.10
C21: 13.00-14.30
C22: 14.50-16.20
C23: 16.40-18.10
A24: Четверг | B24: =B19+1 -> 46380 | C24: 8.50-10.20
C25: 10.40-12.10
C26: 13.00-14.30
C27: 14.50-16.20
C28: 16.40-18.10
A29: Пятница | B29: =B24+1 -> 46381 | C29: 8.50-10.20
C30: 10.40-12.10
C31: 13.00-14.30
C32: 14.50-16.20
C33: 16.40-18.10
A34: Суббота | B34: =B29+1 -> 46382 | C34: 8.50-10.20
C35: 10.40-12.10
C36: 13.00-14.30
C37: 14.50-16.20
C38: 16.40-18.10
D39: * Профили (направленность) указанны на титульном листе
C40: ='01.09'!C39 -> *Л. Речевое общение в профессиональной деятельности* | D40: ='07.12'!D40+COUNTIF(D$8:D$38,$C40) -> 5 | E40: ='07.12'!E40+COUNTIF(E$8:E$38,$C40) -> 5 | F40: ='07.12'!F40+COUNTIF(F$8:F$38,$C40) -> 5 | G40: ='07.12'!G40+COUNTIF(G$8:G$38,$C40) -> 5 | H40: ='07.12'!H40+COUNTIF(H$8:H$38,$C40) -> 5 | I40: ='07.12'!I40+COUNTIF(I$8:I$38,$C40) -> 5
C41: ='01.09'!C40 -> *Пр. Речевое общение в профессиональной деятельности* | D41: ='07.12'!D41+COUNTIF(D$8:D$38,$C41) -> 4 | E41: ='07.12'!E41+COUNTIF(E$8:E$38,$C41) -> 4 | F41: ='07.12'!F41+COUNTIF(F$8:F$38,$C41) -> 4 | G41: ='07.12'!G41+COUNTIF(G$8:G$38,$C41) -> 4 | H41: ='07.12'!H41+COUNTIF(H$8:H$38,$C41) -> 4 | I41: ='07.12'!I41+COUNTIF(I$8:I$38,$C41) -> 4
C42: ='01.09'!C41 -> *Л. Элективные дисциплины по ФКиС: Силовая подготовка* | D42: ='07.12'!D42+COUNTIF(D$8:D$38,$C42) -> 1 | E42: ='07.12'!E42+COUNTIF(E$8:E$38,$C42) -> 1 | F42: ='07.12'!F42+COUNTIF(F$8:F$38,$C42) -> 1 | G42: ='07.12'!G42+COUNTIF(G$8:G$38,$C42) -> 1 | H42: ='07.12'!H42+COUNTIF(H$8:H$38,$C42) -> 1 | I42: ='07.12'!I42+COUNTIF(I$8:I$38,$C42) -> 1
C43: ='01.09'!C42 -> *Пр. Элективные дисциплины по ФКиС: Силовая подготовка* | D43: ='07.12'!D43+COUNTIF(D$8:D$38,$C43) -> 8 | E43: ='07.12'!E43+COUNTIF(E$8:E$38,$C43) -> 9 | F43: ='07.12'!F43+COUNTIF(F$8:F$38,$C43) -> 9 | G43: ='07.12'!G43+COUNTIF(G$8:G$38,$C43) -> 9 | H43: ='07.12'!H43+COUNTIF(H$8:H$38,$C43) -> 9 | I43: ='07.12'!I43+COUNTIF(I$8:I$38,$C43) -> 8
C44: ='01.09'!C43 -> *Л. Анатомия* | D44: ='07.12'!D44+COUNTIF(D$8:D$38,$C44) -> 4 | E44: ='07.12'!E44+COUNTIF(E$8:E$38,$C44) -> 4 | F44: ='07.12'!F44+COUNTIF(F$8:F$38,$C44) -> 4 | G44: ='07.12'!G44+COUNTIF(G$8:G$38,$C44) -> 4 | H44: ='07.12'!H44+COUNTIF(H$8:H$38,$C44) -> 4 | I44: ='07.12'!I44+COUNTIF(I$8:I$38,$C44) -> 4
C45: ='01.09'!C44 -> *Пр. Анатомия* | D45: ='07.12'!D45+COUNTIF(D$8:D$38,$C45) -> 4 | E45: ='07.12'!E45+COUNTIF(E$8:E$38,$C45) -> 4 | F45: ='07.12'!F45+COUNTIF(F$8:F$38,$C45) -> 4 | G45: ='07.12'!G45+COUNTIF(G$8:G$38,$C45) -> 4 | H45: ='07.12'!H45+COUNTIF(H$8:H$38,$C45) -> 4 | I45: ='07.12'!I45+COUNTIF(I$8:I$38,$C45) -> 4
C46: ='01.09'!C45 -> *Л. Теория и методика* | D46: ='07.12'!D46+COUNTIF(D$8:D$38,$C46) -> 5 | E46: ='07.12'!E46+COUNTIF(E$8:E$38,$C46) -> 4 | F46: ='07.12'!F46+COUNTIF(F$8:F$38,$C46) -> 4 | G46: ='07.12'!G46+COUNTIF(G$8:G$38,$C46) -> 4 | H46: ='07.12'!H46+COUNTIF(H$8:H$38,$C46) -> 5 | I46: ='07.12'!I46+COUNTIF(I$8:I$38,$C46) -> 3
C47: ='01.09'!C46 -> *Пр. Теория и методика* | D47: ='07.12'!D47+COUNTIF(D$8:D$38,$C47) -> 24 | E47: ='07.12'!E47+COUNTIF(E$8:E$38,$C47) -> 23 | F47: ='07.12'!F47+COUNTIF(F$8:F$38,$C47) -> 23 | G47: ='07.12'!G47+COUNTIF(G$8:G$38,$C47) -> 23 | H47: ='07.12'!H47+COUNTIF(H$8:H$38,$C47) -> 26 | I47: ='07.12'!I47+COUNTIF(I$8:I$38,$C47) -> 20
C48: ='01.09'!C47 -> *Л. Физическая культура и спорт* | D48: ='07.12'!D48+COUNTIF(D$8:D$38,$C48) -> 5 | E48: ='07.12'!E48+COUNTIF(E$8:E$38,$C48) -> 5 | F48: ='07.12'!F48+COUNTIF(F$8:F$38,$C48) -> 5 | G48: ='07.12'!G48+COUNTIF(G$8:G$38,$C48) -> 5 | H48: ='07.12'!H48+COUNTIF(H$8:H$38,$C48) -> 5 | I48: ='07.12'!I48+COUNTIF(I$8:I$38,$C48) -> 5
C49: ='01.09'!C48 -> *Пр. Физическая культура и спорт* | D49: ='07.12'!D49+COUNTIF(D$8:D$38,$C49) -> 5 | E49: ='07.12'!E49+COUNTIF(E$8:E$38,$C49) -> 5 | F49: ='07.12'!F49+COUNTIF(F$8:F$38,$C49) -> 5 | G49: ='07.12'!G49+COUNTIF(G$8:G$38,$C49) -> 5 | H49: ='07.12'!H49+COUNTIF(H$8:H$38,$C49) -> 5 | I49: ='07.12'!I49+COUNTIF(I$8:I$38,$C49) -> 5
C50: ='01.09'!C49 -> *Л. Информационные технологии* | D50: ='07.12'!D50+COUNTIF(D$8:D$38,$C50) -> 2 | E50: ='07.12'!E50+COUNTIF(E$8:E$38,$C50) -> 2 | F50: ='07.12'!F50+COUNTIF(F$8:F$38,$C50) -> 2 | G50: ='07.12'!G50+COUNTIF(G$8:G$38,$C50) -> 2 | H50: ='07.12'!H50+COUNTIF(H$8:H$38,$C50) -> 2 | I50: ='07.12'!I50+COUNTIF(I$8:I$38,$C50) -> 2
C51: ='01.09'!C50 -> *Пр. Информационные технологии* | D51: ='07.12'!D51+COUNTIF(D$8:D$38,$C51) -> 8 | E51: ='07.12'!E51+COUNTIF(E$8:E$38,$C51) -> 8 | F51: ='07.12'!F51+COUNTIF(F$8:F$38,$C51) -> 8 | G51: ='07.12'!G51+COUNTIF(G$8:G$38,$C51) -> 8 | H51: ='07.12'!H51+COUNTIF(H$8:H$38,$C51) -> 8 | I51: ='07.12'!I51+COUNTIF(I$8:I$38,$C51) -> 8
... C66: ='01.09'!C65 -> 0 | D66: ='07.12'!D66+COUNTIF(D$8:D$38,$C66) -> 0 | E66: ='07.12'!E66+COUNTIF(E$8:E$38,$C66) -> 0 | F66: ='07.12'!F66+COUNTIF(F$8:F$38,$C66) -> 0 | G66: ='07.12'!G66+COUNTIF(G$8:G$38,$C66) -> 0 | H66: ='07.12'!H66+COUNTIF(H$8:H$38,$C66) -> 0 | I66: ='07.12'!I66+COUNTIF(I$8:I$38,$C66) -> 0

Sheet 28.12
B1: Расписание учебных занятий на первое полугодие 2026-2027 учебного года
B2: ТРЕНЕРСКИЙ ФАКУЛЬТЕТ, направление подготовки (образовательная программа)
B3: 49.03.04 Спорт *
B4: Курс 1, семестр 1, очная форма обучения
A5: группы С1-01-26, С1-02-26, С1-03-26, С1-04А-26, С1-04Б-26, С1-05А-26, С1-05Б-26, С1-06-26
A7: День недели | B7: Дата | C7: Время | D7: 1 группа | E7: 2 группа | F7: 3 группа | G7: 4 группа | H7: 5 группа | I7: 6 группа
D8: Баскетбол | E8: Волейбол, гандбол, бейсбол, регби | F8: Интеллектуальные и технологичные виды спорта (шахматы, гонки дронов, компьютерный спорт, страйкбол) | G8: Теннис, настольный теннис, бадминтон, бильярд, сквош | H8: Футбол | I8: Хоккей
A9: Понедельник | B9: 46384 | C9: 8.50-10.20
C10: 10.40-12.10
C11: 13.00-14.30
C12: 14.50-16.20
C13: 16.40-18.10
A14: Вторник | B14: =B9+1 -> 46385 | C14: 8.50-10.20
C15: 10.40-12.10
C16: 13.00-14.30
C17: 14.50-16.20
C18: 16.40-18.10
C19: 18.30-20.00
A20: Среда | B20: =B14+1 -> 46386 | C20: 8.50-10.20
C21: 10.40-12.10
C22: 13.00-14.30
C23: 14.50-16.20
C24: 16.40-18.10
A25: Четверг | B25: =B20+1 -> 46387 | C25: 8.50-10.20
C26: 10.40-12.10
C27: 13.00-14.30
C28: 14.50-16.20
C29: 16.40-18.10
A30: Пятница | B30: =B25+1 -> 46388 | C30: 8.50-10.20
C31: 10.40-12.10
C32: 13.00-14.30
C33: 14.50-16.20
C34: 16.40-18.10
A35: Суббота | B35: =B30+1 -> 46389 | C35: 8.50-10.20
C36: 10.40-12.10
C37: 13.00-14.30
C38: 14.50-16.20
C39: 16.40-18.10
D40: * Профили (направленность) указанны на титульном листе
B41: 5 | C41: ='01.09'!C39 -> *Л. Речевое общение в профессиональной деятельности* | D41: ='14.12'!D40+COUNTIF(D$9:D$39,$C41) -> 5 | E41: ='14.12'!E40+COUNTIF(E$9:E$39,$C41) -> 5 | F41: ='14.12'!F40+COUNTIF(F$9:F$39,$C41) -> 5 | G41: ='14.12'!G40+COUNTIF(G$9:G$39,$C41) -> 5 | H41: ='14.12'!H40+COUNTIF(H$9:H$39,$C41) -> 5 | I41: ='14.12'!I40+COUNTIF(I$9:I$39,$C41) -> 5
B42: 11 | C42: ='01.09'!C40 -> *Пр. Речевое общение в профессиональной деятельности* | D42: ='14.12'!D41+COUNTIF(D$9:D$39,$C42) -> 4 | E42: ='14.12'!E41+COUNTIF(E$9:E$39,$C42) -> 4 | F42: ='14.12'!F41+COUNTIF(F$9:F$39,$C42) -> 4 | G42: ='14.12'!G41+COUNTIF(G$9:G$39,$C42) -> 4 | H42: ='14.12'!H41+COUNTIF(H$9:H$39,$C42) -> 4 | I42: ='14.12'!I41+COUNTIF(I$9:I$39,$C42) -> 4
B43: 1 | C43: ='01.09'!C41 -> *Л. Элективные дисциплины по ФКиС: Силовая подготовка* | D43: ='14.12'!D42+COUNTIF(D$9:D$39,$C43) -> 1 | E43: ='14.12'!E42+COUNTIF(E$9:E$39,$C43) -> 1 | F43: ='14.12'!F42+COUNTIF(F$9:F$39,$C43) -> 1 | G43: ='14.12'!G42+COUNTIF(G$9:G$39,$C43) -> 1 | H43: ='14.12'!H42+COUNTIF(H$9:H$39,$C43) -> 1 | I43: ='14.12'!I42+COUNTIF(I$9:I$39,$C43) -> 1
B44: 9 | C44: ='01.09'!C42 -> *Пр. Элективные дисциплины по ФКиС: Силовая подготовка* | D44: ='14.12'!D43+COUNTIF(D$9:D$39,$C44) -> 8 | E44: ='14.12'!E43+COUNTIF(E$9:E$39,$C44) -> 9 | F44: ='14.12'!F43+COUNTIF(F$9:F$39,$C44) -> 9 | G44: ='14.12'!G43+COUNTIF(G$9:G$39,$C44) -> 9 | H44: ='14.12'!H43+COUNTIF(H$9:H$39,$C44) -> 9 | I44: ='14.12'!I43+COUNTIF(I$9:I$39,$C44) -> 8
B45: 4 | C45: ='01.09'!C43 -> *Л. Анатомия* | D45: ='14.12'!D44+COUNTIF(D$9:D$39,$C45) -> 4 | E45: ='14.12'!E44+COUNTIF(E$9:E$39,$C45) -> 4 | F45: ='14.12'!F44+COUNTIF(F$9:F$39,$C45) -> 4 | G45: ='14.12'!G44+COUNTIF(G$9:G$39,$C45) -> 4 | H45: ='14.12'!H44+COUNTIF(H$9:H$39,$C45) -> 4 | I45: ='14.12'!I44+COUNTIF(I$9:I$39,$C45) -> 4
B46: 12 | C46: ='01.09'!C44 -> *Пр. Анатомия* | D46: ='14.12'!D45+COUNTIF(D$9:D$39,$C46) -> 4 | E46: ='14.12'!E45+COUNTIF(E$9:E$39,$C46) -> 4 | F46: ='14.12'!F45+COUNTIF(F$9:F$39,$C46) -> 4 | G46: ='14.12'!G45+COUNTIF(G$9:G$39,$C46) -> 4 | H46: ='14.12'!H45+COUNTIF(H$9:H$39,$C46) -> 4 | I46: ='14.12'!I45+COUNTIF(I$9:I$39,$C46) -> 4
B47: 5 | C47: ='01.09'!C45 -> *Л. Теория и методика* | D47: ='14.12'!D46+COUNTIF(D$9:D$39,$C47) -> 5 | E47: ='14.12'!E46+COUNTIF(E$9:E$39,$C47) -> 4 | F47: ='14.12'!F46+COUNTIF(F$9:F$39,$C47) -> 4 | G47: ='14.12'!G46+COUNTIF(G$9:G$39,$C47) -> 4 | H47: ='14.12'!H46+COUNTIF(H$9:H$39,$C47) -> 5 | I47: ='14.12'!I46+COUNTIF(I$9:I$39,$C47) -> 3
B48: 45 | C48: ='01.09'!C46 -> *Пр. Теория и методика* | D48: ='14.12'!D47+COUNTIF(D$9:D$39,$C48) -> 24 | E48: ='14.12'!E47+COUNTIF(E$9:E$39,$C48) -> 23 | F48: ='14.12'!F47+COUNTIF(F$9:F$39,$C48) -> 23 | G48: ='14.12'!G47+COUNTIF(G$9:G$39,$C48) -> 23 | H48: ='14.12'!H47+COUNTIF(H$9:H$39,$C48) -> 26 | I48: ='14.12'!I47+COUNTIF(I$9:I$39,$C48) -> 20
B49: 5 | C49: ='01.09'!C47 -> *Л. Физическая культура и спорт* | D49: ='14.12'!D48+COUNTIF(D$9:D$39,$C49) -> 5 | E49: ='14.12'!E48+COUNTIF(E$9:E$39,$C49) -> 5 | F49: ='14.12'!F48+COUNTIF(F$9:F$39,$C49) -> 5 | G49: ='14.12'!G48+COUNTIF(G$9:G$39,$C49) -> 5 | H49: ='14.12'!H48+COUNTIF(H$9:H$39,$C49) -> 5 | I49: ='14.12'!I48+COUNTIF(I$9:I$39,$C49) -> 5
B50: 5 | C50: ='01.09'!C48 -> *Пр. Физическая культура и спорт* | D50: ='14.12'!D49+COUNTIF(D$9:D$39,$C50) -> 5 | E50: ='14.12'!E49+COUNTIF(E$9:E$39,$C50) -> 5 | F50: ='14.12'!F49+COUNTIF(F$9:F$39,$C50) -> 5 | G50: ='14.12'!G49+COUNTIF(G$9:G$39,$C50) -> 5 | H50: ='14.12'!H49+COUNTIF(H$9:H$39,$C50) -> 5 | I50: ='14.12'!I49+COUNTIF(I$9:I$39,$C50) -> 5
B51: 2 | C51: ='01.09'!C49 -> *Л. Информационные технологии* | D51: ='14.12'!D50+COUNTIF(D$9:D$39,$C51) -> 2 | E51: ='14.12'!E50+COUNTIF(E$9:E$39,$C51) -> 2 | F51: ='14.12'!F50+COUNTIF(F$9:F$39,$C51) -> 2 | G51: ='14.12'!G50+COUNTIF(G$9:G$39,$C51) -> 2 | H51: ='14.12'!H50+COUNTIF(H$9:H$39,$C51) -> 2 | I51: ='14.12'!I50+COUNTIF(I$9:I$39,$C51) -> 2
B52: 14 | C52: ='01.09'!C50 -> *Пр. Информационные технологии* | D52: ='14.12'!D51+COUNTIF(D$9:D$39,$C52) -> 8 | E52: ='14.12'!E51+COUNTIF(E$9:E$39,$C52) -> 8 | F52: ='14.12'!F51+COUNTIF(F$9:F$39,$C52) -> 8 | G52: ='14.12'!G51+COUNTIF(G$9:G$39,$C52) -> 8 | H52: ='14.12'!H51+COUNTIF(H$9:H$39,$C52) -> 8 | I52: ='14.12'!I51+COUNTIF(I$9:I$39,$C52) -> 8
... B65: 11 | C65: ='01.09'!C63 -> *С1-05Б-26* | D65: ='14.12'!D64+COUNTIF(D$9:D$39,$C65) -> 0 | E65: ='14.12'!E64+COUNTIF(E$9:E$39,$C65) -> 0 | F65: ='14.12'!F64+COUNTIF(F$9:F$39,$C65) -> 0 | G65: ='14.12'!G64+COUNTIF(G$9:G$39,$C65) -> 0 | H65: ='14.12'!H64+COUNTIF(H$9:H$39,$C65) -> 8 | I65: ='14.12'!I64+COUNTIF(I$9:I$39,$C65) -> 0
C66: ='01.09'!C64 -> 0 | D66: ='14.12'!D65+COUNTIF(D$9:D$39,$C66) -> 0 | E66: ='14.12'!E65+COUNTIF(E$9:E$39,$C66) -> 0 | F66: ='14.12'!F65+COUNTIF(F$9:F$39,$C66) -> 0 | G66: ='14.12'!G65+COUNTIF(G$9:G$39,$C66) -> 0 | H66: ='14.12'!H65+COUNTIF(H$9:H$39,$C66) -> 0 | I66: ='14.12'!I65+COUNTIF(I$9:I$39,$C66) -> 0
C67: ='01.09'!C65 -> 0 | D67: ='14.12'!D66+COUNTIF(D$9:D$39,$C67) -> 0 | E67: ='14.12'!E66+COUNTIF(E$9:E$39,$C67) -> 0 | F67: ='14.12'!F66+COUNTIF(F$9:F$39,$C67) -> 0 | G67: ='14.12'!G66+COUNTIF(G$9:G$39,$C67) -> 0 | H67: ='14.12'!H66+COUNTIF(H$9:H$39,$C67) -> 0 | I67: ='14.12'!I66+COUNTIF(I$9:I$39,$C67) -> 0

Sheet 08.06
B1: Расписание учебных занятий на первое полугодие 2026-2027 учебного года
B2: ТРЕНЕРСКИЙ ФАКУЛЬТЕТ, направление подготовки (образовательная программа)
B3: 49.03.04 Спорт *
B4: Курс 1, семестр 1, очная форма обучения
A5: группы С1-01-26, С1-02-26, С1-03-26, С1-04-26, С1-05-26
A7: День недели | B7: Дата | C7: Время | D7: 1 группа | E7: 2 группа | F7: 3 группа | G7: 4 группа | H7: 5 группа
D8: Баскетбол, гандбол, бейсбол, регби | E8: Волейбол, интеллектуальные и технологичные виды спорта (шахматы, гонки дронов, компьютерный спорт, спортивное программирование, страйкбол) | F8: Теннис, настольный теннис, бадминтон, бильярд, сквош | G8: Футбол | H8: Хоккей
A9: Понедельник | B9: 46181 | C9: 8.50-10.20
C10: 10.40-12.10
C11: 13.00-14.30
C12: 14.50-16.20
C13: 16.40-18.10
A14: Вторник | B14: =B9+1 -> 46182 | C14: 8.50-10.20
C15: 10.40-12.10
C16: 13.00-14.30
C17: 14.50-16.20
C18: 16.40-18.10
C19: 18.30-20.00
A20: Среда | B20: =B14+1 -> 46183 | C20: 8.50-10.20
C21: 10.40-12.10
C22: 13.00-14.30
C23: 14.50-16.20
C24: 16.40-18.10
A25: Четверг | B25: =B20+1 -> 46184 | C25: 8.50-10.20
C26: 10.40-12.10
C27: 13.00-14.30
C28: 14.50-16.20
C29: 16.40-18.10
A30: Пятница | B30: =B25+1 -> 46185 | C30: 8.50-10.20
C31: 10.40-12.10
C32: 13.00-14.30
C33: 14.50-16.20
C34: 16.40-18.10
A35: Суббота | B35: =B30+1 -> 46186 | C35: 8.50-10.20
C36: 10.40-12.10
C37: 13.00-14.30
C38: 14.50-16.20
C39: 16.40-18.10
D40: * Профили (направленность) указанны на титульном листе
C41: ='01.09'!C39 -> *Л. Речевое общение в профессиональной деятельности* | D41: ='28.12'!D41+COUNTIF(D$9:D$39,$C41) -> 5 | E41: ='28.12'!E41+COUNTIF(E$9:E$39,$C41) -> 5 | F41: ='28.12'!G41+COUNTIF(F$9:F$39,$C41) -> 5 | G41: ='28.12'!H41+COUNTIF(G$9:G$39,$C41) -> 5 | H41: ='28.12'!I41+COUNTIF(H$9:H$39,$C41) -> 5
C42: ='01.09'!C40 -> *Пр. Речевое общение в профессиональной деятельности* | D42: ='28.12'!D42+COUNTIF(D$9:D$39,$C42) -> 4 | E42: ='28.12'!E42+COUNTIF(E$9:E$39,$C42) -> 4 | F42: ='28.12'!G42+COUNTIF(F$9:F$39,$C42) -> 4 | G42: ='28.12'!H42+COUNTIF(G$9:G$39,$C42) -> 4 | H42: ='28.12'!I42+COUNTIF(H$9:H$39,$C42) -> 4
C43: ='01.09'!C41 -> *Л. Элективные дисциплины по ФКиС: Силовая подготовка* | D43: ='28.12'!D43+COUNTIF(D$9:D$39,$C43) -> 1 | E43: ='28.12'!E43+COUNTIF(E$9:E$39,$C43) -> 1 | F43: ='28.12'!G43+COUNTIF(F$9:F$39,$C43) -> 1 | G43: ='28.12'!H43+COUNTIF(G$9:G$39,$C43) -> 1 | H43: ='28.12'!I43+COUNTIF(H$9:H$39,$C43) -> 1
C44: ='01.09'!C42 -> *Пр. Элективные дисциплины по ФКиС: Силовая подготовка* | D44: ='28.12'!D44+COUNTIF(D$9:D$39,$C44) -> 8 | E44: ='28.12'!E44+COUNTIF(E$9:E$39,$C44) -> 9 | F44: ='28.12'!G44+COUNTIF(F$9:F$39,$C44) -> 9 | G44: ='28.12'!H44+COUNTIF(G$9:G$39,$C44) -> 9 | H44: ='28.12'!I44+COUNTIF(H$9:H$39,$C44) -> 8
C45: ='01.09'!C43 -> *Л. Анатомия* | D45: ='28.12'!D45+COUNTIF(D$9:D$39,$C45) -> 4 | E45: ='28.12'!E45+COUNTIF(E$9:E$39,$C45) -> 4 | F45: ='28.12'!G45+COUNTIF(F$9:F$39,$C45) -> 4 | G45: ='28.12'!H45+COUNTIF(G$9:G$39,$C45) -> 4 | H45: ='28.12'!I45+COUNTIF(H$9:H$39,$C45) -> 4
C46: ='01.09'!C44 -> *Пр. Анатомия* | D46: ='28.12'!D46+COUNTIF(D$9:D$39,$C46) -> 4 | E46: ='28.12'!E46+COUNTIF(E$9:E$39,$C46) -> 4 | F46: ='28.12'!G46+COUNTIF(F$9:F$39,$C46) -> 4 | G46: ='28.12'!H46+COUNTIF(G$9:G$39,$C46) -> 4 | H46: ='28.12'!I46+COUNTIF(H$9:H$39,$C46) -> 4
C47: ='01.09'!C45 -> *Л. Теория и методика* | D47: ='28.12'!D47+COUNTIF(D$9:D$39,$C47) -> 5 | E47: ='28.12'!E47+COUNTIF(E$9:E$39,$C47) -> 4 | F47: ='28.12'!G47+COUNTIF(F$9:F$39,$C47) -> 4 | G47: ='28.12'!H47+COUNTIF(G$9:G$39,$C47) -> 5 | H47: ='28.12'!I47+COUNTIF(H$9:H$39,$C47) -> 3
C48: ='01.09'!C46 -> *Пр. Теория и методика* | D48: ='28.12'!D48+COUNTIF(D$9:D$39,$C48) -> 24 | E48: ='28.12'!E48+COUNTIF(E$9:E$39,$C48) -> 23 | F48: ='28.12'!G48+COUNTIF(F$9:F$39,$C48) -> 23 | G48: ='28.12'!H48+COUNTIF(G$9:G$39,$C48) -> 26 | H48: ='28.12'!I48+COUNTIF(H$9:H$39,$C48) -> 20
C49: ='01.09'!C47 -> *Л. Физическая культура и спорт* | D49: ='28.12'!D49+COUNTIF(D$9:D$39,$C49) -> 5 | E49: ='28.12'!E49+COUNTIF(E$9:E$39,$C49) -> 5 | F49: ='28.12'!G49+COUNTIF(F$9:F$39,$C49) -> 5 | G49: ='28.12'!H49+COUNTIF(G$9:G$39,$C49) -> 5 | H49: ='28.12'!I49+COUNTIF(H$9:H$39,$C49) -> 5
C50: ='01.09'!C48 -> *Пр. Физическая культура и спорт* | D50: ='28.12'!D50+COUNTIF(D$9:D$39,$C50) -> 5 | E50: ='28.12'!E50+COUNTIF(E$9:E$39,$C50) -> 5 | F50: ='28.12'!G50+COUNTIF(F$9:F$39,$C50) -> 5 | G50: ='28.12'!H50+COUNTIF(G$9:G$39,$C50) -> 5 | H50: ='28.12'!I50+COUNTIF(H$9:H$39,$C50) -> 5
C51: ='01.09'!C49 -> *Л. Информационные технологии* | D51: ='28.12'!D51+COUNTIF(D$9:D$39,$C51) -> 2 | E51: ='28.12'!E51+COUNTIF(E$9:E$39,$C51) -> 2 | F51: ='28.12'!G51+COUNTIF(F$9:F$39,$C51) -> 2 | G51: ='28.12'!H51+COUNTIF(G$9:G$39,$C51) -> 2 | H51: ='28.12'!I51+COUNTIF(H$9:H$39,$C51) -> 2
C52: ='01.09'!C50 -> *Пр. Информационные технологии* | D52: ='28.12'!D52+COUNTIF(D$9:D$39,$C52) -> 8 | E52: ='28.12'!E52+COUNTIF(E$9:E$39,$C52) -> 8 | F52: ='28.12'!G52+COUNTIF(F$9:F$39,$C52) -> 8 | G52: ='28.12'!H52+COUNTIF(G$9:G$39,$C52) -> 8 | H52: ='28.12'!I52+COUNTIF(H$9:H$39,$C52) -> 8
... C67: ='01.09'!C65 -> 0 | D67: ='28.12'!D67+COUNTIF(D$9:D$39,$C67) -> 0 | E67: ='28.12'!E67+COUNTIF(E$9:E$39,$C67) -> 0 | F67: ='28.12'!G67+COUNTIF(F$9:F$39,$C67) -> 0 | G67: ='28.12'!H67+COUNTIF(G$9:G$39,$C67) -> 0 | H67: ='28.12'!I67+COUNTIF(H$9:H$39,$C67) -> 0

Sheet 15.06
B1: Расписание учебных занятий на первое полугодие 2026-2027 учебного года
B2: ТРЕНЕРСКИЙ ФАКУЛЬТЕТ, направление подготовки (образовательная программа)
B3: 49.03.04 Спорт *
B4: Курс 1, семестр 1, очная форма обучения
A5: группы С1-01-26, С1-02-26, С1-03-26, С1-04-26, С1-05-26
A7: День недели | B7: Дата | C7: Время | D7: 1 группа | E7: 2 группа | F7: 3 группа | G7: 4 группа | H7: 5 группа
D8: Баскетбол, гандбол, бейсбол, регби | E8: Волейбол, интеллектуальные и технологичные виды спорта (шахматы, гонки дронов, компьютерный спорт, спортивное программирование, страйкбол) | F8: Теннис, настольный теннис, бадминтон, бильярд, сквош | G8: Футбол | H8: Хоккей
A9: Понедельник | B9: 46188 | C9: 8.50-10.20
C10: 10.40-12.10
C11: 13.00-14.30
C12: 14.50-16.20
C13: 16.40-18.10
A14: Вторник | B14: =B9+1 -> 46189 | C14: 8.50-10.20
C15: 10.40-12.10
C16: 13.00-14.30
C17: 14.50-16.20
C18: 16.40-18.10
C19: 18.30-20.00
A20: Среда | B20: =B14+1 -> 46190 | C20: 8.50-10.20
C21: 10.40-12.10
C22: 13.00-14.30
C23: 14.50-16.20
C24: 16.40-18.10
A25: Четверг | B25: =B20+1 -> 46191 | C25: 8.50-10.20
C26: 10.40-12.10
C27: 13.00-14.30
C28: 14.50-16.20
C29: 16.40-18.10
A30: Пятница | B30: =B25+1 -> 46192 | C30: 8.50-10.20
C31: 10.40-12.10
C32: 13.00-14.30
C33: 14.50-16.20
C34: 16.40-18.10
A35: Суббота | B35: =B30+1 -> 46193 | C35: 8.50-10.20
C36: 10.40-12.10
C37: 13.00-14.30
C38: 14.50-16.20
C39: 16.40-18.10
D40: * Профили (направленность) указанны на титульном листе
B41: 11 | C41: ='01.09'!C39 -> *Л. Речевое общение в профессиональной деятельности* | D41: ='08.06'!D41+COUNTIF(D$9:D$39,$C41) -> 5 | E41: ='08.06'!E41+COUNTIF(E$9:E$39,$C41) -> 5 | F41: ='08.06'!F41+COUNTIF(F$9:F$39,$C41) -> 5 | G41: ='08.06'!G41+COUNTIF(G$9:G$39,$C41) -> 5 | H41: ='08.06'!H41+COUNTIF(H$9:H$39,$C41) -> 5
B42: 11 | C42: ='01.09'!C40 -> *Пр. Речевое общение в профессиональной деятельности* | D42: ='08.06'!D42+COUNTIF(D$9:D$39,$C42) -> 4 | E42: ='08.06'!E42+COUNTIF(E$9:E$39,$C42) -> 4 | F42: ='08.06'!F42+COUNTIF(F$9:F$39,$C42) -> 4 | G42: ='08.06'!G42+COUNTIF(G$9:G$39,$C42) -> 4 | H42: ='08.06'!H42+COUNTIF(H$9:H$39,$C42) -> 4
B43: 1 | C43: ='01.09'!C41 -> *Л. Элективные дисциплины по ФКиС: Силовая подготовка* | D43: ='08.06'!D43+COUNTIF(D$9:D$39,$C43) -> 1 | E43: ='08.06'!E43+COUNTIF(E$9:E$39,$C43) -> 1 | F43: ='08.06'!F43+COUNTIF(F$9:F$39,$C43) -> 1 | G43: ='08.06'!G43+COUNTIF(G$9:G$39,$C43) -> 1 | H43: ='08.06'!H43+COUNTIF(H$9:H$39,$C43) -> 1
B44: 9 | C44: ='01.09'!C42 -> *Пр. Элективные дисциплины по ФКиС: Силовая подготовка* | D44: ='08.06'!D44+COUNTIF(D$9:D$39,$C44) -> 8 | E44: ='08.06'!E44+COUNTIF(E$9:E$39,$C44) -> 9 | F44: ='08.06'!F44+COUNTIF(F$9:F$39,$C44) -> 9 | G44: ='08.06'!G44+COUNTIF(G$9:G$39,$C44) -> 9 | H44: ='08.06'!H44+COUNTIF(H$9:H$39,$C44) -> 8
B45: 8 | C45: ='01.09'!C43 -> *Л. Анатомия* | D45: ='08.06'!D45+COUNTIF(D$9:D$39,$C45) -> 4 | E45: ='08.06'!E45+COUNTIF(E$9:E$39,$C45) -> 4 | F45: ='08.06'!F45+COUNTIF(F$9:F$39,$C45) -> 4 | G45: ='08.06'!G45+COUNTIF(G$9:G$39,$C45) -> 4 | H45: ='08.06'!H45+COUNTIF(H$9:H$39,$C45) -> 4
B46: 24 | C46: ='01.09'!C44 -> *Пр. Анатомия* | D46: ='08.06'!D46+COUNTIF(D$9:D$39,$C46) -> 4 | E46: ='08.06'!E46+COUNTIF(E$9:E$39,$C46) -> 4 | F46: ='08.06'!F46+COUNTIF(F$9:F$39,$C46) -> 4 | G46: ='08.06'!G46+COUNTIF(G$9:G$39,$C46) -> 4 | H46: ='08.06'!H46+COUNTIF(H$9:H$39,$C46) -> 4
B47: 5 | C47: ='01.09'!C45 -> *Л. Теория и методика* | D47: ='08.06'!D47+COUNTIF(D$9:D$39,$C47) -> 5 | E47: ='08.06'!E47+COUNTIF(E$9:E$39,$C47) -> 4 | F47: ='08.06'!F47+COUNTIF(F$9:F$39,$C47) -> 4 | G47: ='08.06'!G47+COUNTIF(G$9:G$39,$C47) -> 5 | H47: ='08.06'!H47+COUNTIF(H$9:H$39,$C47) -> 3
B48: 50 | C48: ='01.09'!C46 -> *Пр. Теория и методика* | D48: ='08.06'!D48+COUNTIF(D$9:D$39,$C48) -> 24 | E48: ='08.06'!E48+COUNTIF(E$9:E$39,$C48) -> 23 | F48: ='08.06'!F48+COUNTIF(F$9:F$39,$C48) -> 23 | G48: ='08.06'!G48+COUNTIF(G$9:G$39,$C48) -> 26 | H48: ='08.06'!H48+COUNTIF(H$9:H$39,$C48) -> 20
B49: 5 | C49: ='01.09'!C47 -> *Л. Физическая культура и спорт* | D49: ='08.06'!D49+COUNTIF(D$9:D$39,$C49) -> 5 | E49: ='08.06'!E49+COUNTIF(E$9:E$39,$C49) -> 5 | F49: ='08.06'!F49+COUNTIF(F$9:F$39,$C49) -> 5 | G49: ='08.06'!G49+COUNTIF(G$9:G$39,$C49) -> 5 | H49: ='08.06'!H49+COUNTIF(H$9:H$39,$C49) -> 5
B50: 11 | C50: ='01.09'!C48 -> *Пр. Физическая культура и спорт* | D50: ='08.06'!D50+COUNTIF(D$9:D$39,$C50) -> 5 | E50: ='08.06'!E50+COUNTIF(E$9:E$39,$C50) -> 5 | F50: ='08.06'!F50+COUNTIF(F$9:F$39,$C50) -> 5 | G50: ='08.06'!G50+COUNTIF(G$9:G$39,$C50) -> 5 | H50: ='08.06'!H50+COUNTIF(H$9:H$39,$C50) -> 5
B51: 5 | C51: ='01.09'!C49 -> *Л. Информационные технологии* | D51: ='08.06'!D51+COUNTIF(D$9:D$39,$C51) -> 2 | E51: ='08.06'!E51+COUNTIF(E$9:E$39,$C51) -> 2 | F51: ='08.06'!F51+COUNTIF(F$9:F$39,$C51) -> 2 | G51: ='08.06'!G51+COUNTIF(G$9:G$39,$C51) -> 2 | H51: ='08.06'!H51+COUNTIF(H$9:H$39,$C51) -> 2
B52: 11 | C52: ='01.09'!C50 -> *Пр. Информационные технологии* | D52: ='08.06'!D52+COUNTIF(D$9:D$39,$C52) -> 8 | E52: ='08.06'!E52+COUNTIF(E$9:E$39,$C52) -> 8 | F52: ='08.06'!F52+COUNTIF(F$9:F$39,$C52) -> 8 | G52: ='08.06'!G52+COUNTIF(G$9:G$39,$C52) -> 8 | H52: ='08.06'!H52+COUNTIF(H$9:H$39,$C52) -> 8
... B64: 13 | C64: ='01.09'!C62 -> *С1-05А-26* | D64: ='08.06'!D64+COUNTIF(D$9:D$39,$C64) -> 0 | E64: ='08.06'!E64+COUNTIF(E$9:E$39,$C64) -> 0 | F64: ='08.06'!F64+COUNTIF(F$9:F$39,$C64) -> 0 | G64: ='08.06'!G64+COUNTIF(G$9:G$39,$C64) -> 8 | H64: ='08.06'!H64+COUNTIF(H$9:H$39,$C64) -> 0
C65: ='01.09'!C63 -> *С1-05Б-26* | D65: ='08.06'!D65+COUNTIF(D$9:D$39,$C65) -> 0 | E65: ='08.06'!E65+COUNTIF(E$9:E$39,$C65) -> 0 | F65: ='08.06'!F65+COUNTIF(F$9:F$39,$C65) -> 0 | G65: ='08.06'!G65+COUNTIF(G$9:G$39,$C65) -> 8 | H65: ='08.06'!H65+COUNTIF(H$9:H$39,$C65) -> 0
C66: ='01.09'!C64 -> 0 | D66: ='08.06'!D66+COUNTIF(D$9:D$39,$C66) -> 0 | E66: ='08.06'!E66+COUNTIF(E$9:E$39,$C66) -> 0 | F66: ='08.06'!F66+COUNTIF(F$9:F$39,$C66) -> 0 | G66: ='08.06'!G66+COUNTIF(G$9:G$39,$C66) -> 0 | H66: ='08.06'!H66+COUNTIF(H$9:H$39,$C66) -> 0
C67: ='01.09'!C65 -> 0 | D67: ='08.06'!D67+COUNTIF(D$9:D$39,$C67) -> 0 | E67: ='08.06'!E67+COUNTIF(E$9:E$39,$C67) -> 0 | F67: ='08.06'!F67+COUNTIF(F$9:F$39,$C67) -> 0 | G67: ='08.06'!G67+COUNTIF(G$9:G$39,$C67) -> 0 | H67: ='08.06'!H67+COUNTIF(H$9:H$39,$C67) -> 0

Sheet 09.06
B1: Расписание учебных занятий на первое полугодие 2025-2026 учебного года
B2: ТРЕНЕРСКИЙ ФАКУЛЬТЕТ, направление подготовки (образовательная программа)
B3: 49.03.04 Спорт *
B4: Курс 1, семестр 1, очная форма обучения
A5: группы С1-01А-25, С1-01Б-25, С1-02А-25, С1-02Б-25, С1-03-25, С1-04А-25, С1-04Б-25, С1-05А-25, С1-05Б-25
A7: День недели | B7: Дата | C7: Время | D7: 1 группа | E7: 2 группа | F7: 3 группа | G7: 4 группа | H7: 5 группа
D8: Баскетбол, гандбол, бейсбол, регби | E8: Волейбол, шахматы, гонки дронов, компьютерный спорт | F8: Теннис, настольный теннис, бадминтон, бильярд | G8: Футбол | H8: Хоккей
A9: Понедельник | B9: 45817 | C9: 8.50-10.20
C10: 10.40-12.10
C11: 13.00-14.30
C12: 14.50-16.20
C13: 16.40-18.10
A14: Вторник | B14: =B9+1 -> 45818 | C14: 8.50-10.20
C15: 10.40-12.10
C16: 13.00-14.30
C17: 14.50-16.20
C18: 18.30-20.00
A19: Среда | B19: =B14+1 -> 45819 | C19: 8.50-10.20
C20: 10.40-12.10
C21: 13.00-14.30
C22: 14.50-16.20
C23: 16.40-18.10
A24: Четверг | B24: =B19+1 -> 45820 | C24: 8.50-10.20
C25: 10.40-12.10
C26: 13.00-14.30
C27: 14.50-16.20
C28: 16.40-18.10
A29: Пятница | B29: =B24+1 -> 45821 | C29: 8.50-10.20
C30: 10.40-12.10
C31: 13.00-14.30
C32: 14.50-16.20
C33: 16.40-18.10
A34: Суббота | B34: =B29+1 -> 45822 | C34: 8.50-10.20
C35: 10.40-12.10
C36: 13.00-14.30
C37: 14.50-16.20
C38: 16.40-18.10
D39: * Профили (направленность) указанны на титульном листе
C40: ='01.09'!C39 -> *Л. Речевое общение в профессиональной деятельности* | D40: ='28.12'!D41+COUNTIF(D$9:D$38,$C40) -> 5 | E40: ='28.12'!E41+COUNTIF(E$9:E$38,$C40) -> 5 | F40: ='28.12'!G41+COUNTIF(F$9:F$38,$C40) -> 5 | G40: ='28.12'!H41+COUNTIF(G$9:G$38,$C40) -> 5 | H40: ='28.12'!I41+COUNTIF(H$9:H$38,$C40) -> 5
C41: ='01.09'!C40 -> *Пр. Речевое общение в профессиональной деятельности* | D41: ='28.12'!D42+COUNTIF(D$9:D$38,$C41) -> 4 | E41: ='28.12'!E42+COUNTIF(E$9:E$38,$C41) -> 4 | F41: ='28.12'!G42+COUNTIF(F$9:F$38,$C41) -> 4 | G41: ='28.12'!H42+COUNTIF(G$9:G$38,$C41) -> 4 | H41: ='28.12'!I42+COUNTIF(H$9:H$38,$C41) -> 4
C42: ='01.09'!C41 -> *Л. Элективные дисциплины по ФКиС: Силовая подготовка* | D42: ='28.12'!D43+COUNTIF(D$9:D$38,$C42) -> 1 | E42: ='28.12'!E43+COUNTIF(E$9:E$38,$C42) -> 1 | F42: ='28.12'!G43+COUNTIF(F$9:F$38,$C42) -> 1 | G42: ='28.12'!H43+COUNTIF(G$9:G$38,$C42) -> 1 | H42: ='28.12'!I43+COUNTIF(H$9:H$38,$C42) -> 1
C43: ='01.09'!C42 -> *Пр. Элективные дисциплины по ФКиС: Силовая подготовка* | D43: ='28.12'!D44+COUNTIF(D$9:D$38,$C43) -> 8 | E43: ='28.12'!E44+COUNTIF(E$9:E$38,$C43) -> 9 | F43: ='28.12'!G44+COUNTIF(F$9:F$38,$C43) -> 9 | G43: ='28.12'!H44+COUNTIF(G$9:G$38,$C43) -> 9 | H43: ='28.12'!I44+COUNTIF(H$9:H$38,$C43) -> 8
C44: ='01.09'!C43 -> *Л. Анатомия* | D44: ='28.12'!D45+COUNTIF(D$9:D$38,$C44) -> 4 | E44: ='28.12'!E45+COUNTIF(E$9:E$38,$C44) -> 4 | F44: ='28.12'!G45+COUNTIF(F$9:F$38,$C44) -> 4 | G44: ='28.12'!H45+COUNTIF(G$9:G$38,$C44) -> 4 | H44: ='28.12'!I45+COUNTIF(H$9:H$38,$C44) -> 4
C45: ='01.09'!C44 -> *Пр. Анатомия* | D45: ='28.12'!D46+COUNTIF(D$9:D$38,$C45) -> 4 | E45: ='28.12'!E46+COUNTIF(E$9:E$38,$C45) -> 4 | F45: ='28.12'!G46+COUNTIF(F$9:F$38,$C45) -> 4 | G45: ='28.12'!H46+COUNTIF(G$9:G$38,$C45) -> 4 | H45: ='28.12'!I46+COUNTIF(H$9:H$38,$C45) -> 4
C46: ='01.09'!C45 -> *Л. Теория и методика* | D46: ='28.12'!D47+COUNTIF(D$9:D$38,$C46) -> 5 | E46: ='28.12'!E47+COUNTIF(E$9:E$38,$C46) -> 4 | F46: ='28.12'!G47+COUNTIF(F$9:F$38,$C46) -> 4 | G46: ='28.12'!H47+COUNTIF(G$9:G$38,$C46) -> 5 | H46: ='28.12'!I47+COUNTIF(H$9:H$38,$C46) -> 3
C47: ='01.09'!C46 -> *Пр. Теория и методика* | D47: ='28.12'!D48+COUNTIF(D$9:D$38,$C47) -> 24 | E47: ='28.12'!E48+COUNTIF(E$9:E$38,$C47) -> 23 | F47: ='28.12'!G48+COUNTIF(F$9:F$38,$C47) -> 23 | G47: ='28.12'!H48+COUNTIF(G$9:G$38,$C47) -> 26 | H47: ='28.12'!I48+COUNTIF(H$9:H$38,$C47) -> 20
C48: ='01.09'!C47 -> *Л. Физическая культура и спорт* | D48: ='28.12'!D49+COUNTIF(D$9:D$38,$C48) -> 5 | E48: ='28.12'!E49+COUNTIF(E$9:E$38,$C48) -> 5 | F48: ='28.12'!G49+COUNTIF(F$9:F$38,$C48) -> 5 | G48: ='28.12'!H49+COUNTIF(G$9:G$38,$C48) -> 5 | H48: ='28.12'!I49+COUNTIF(H$9:H$38,$C48) -> 5
C49: ='01.09'!C48 -> *Пр. Физическая культура и спорт* | D49: ='28.12'!D50+COUNTIF(D$9:D$38,$C49) -> 5 | E49: ='28.12'!E50+COUNTIF(E$9:E$38,$C49) -> 5 | F49: ='28.12'!G50+COUNTIF(F$9:F$38,$C49) -> 5 | G49: ='28.12'!H50+COUNTIF(G$9:G$38,$C49) -> 5 | H49: ='28.12'!I50+COUNTIF(H$9:H$38,$C49) -> 5
C50: ='01.09'!C49 -> *Л. Информационные технологии* | D50: ='28.12'!D51+COUNTIF(D$9:D$38,$C50) -> 2 | E50: ='28.12'!E51+COUNTIF(E$9:E$38,$C50) -> 2 | F50: ='28.12'!G51+COUNTIF(F$9:F$38,$C50) -> 2 | G50: ='28.12'!H51+COUNTIF(G$9:G$38,$C50) -> 2 | H50: ='28.12'!I51+COUNTIF(H$9:H$38,$C50) -> 2
C51: ='01.09'!C50 -> *Пр. Информационные технологии* | D51: ='28.12'!D52+COUNTIF(D$9:D$38,$C51) -> 8 | E51: ='28.12'!E52+COUNTIF(E$9:E$38,$C51) -> 8 | F51: ='28.12'!G52+COUNTIF(F$9:F$38,$C51) -> 8 | G51: ='28.12'!H52+COUNTIF(G$9:G$38,$C51) -> 8 | H51: ='28.12'!I52+COUNTIF(H$9:H$38,$C51) -> 8
... C66: ='01.09'!C65 -> 0 | D66: ='28.12'!D67+COUNTIF(D$9:D$38,$C66) -> 0 | E66: ='28.12'!E67+COUNTIF(E$9:E$38,$C66) -> 0 | F66: ='28.12'!G67+COUNTIF(F$9:F$38,$C66) -> 0 | G66: ='28.12'!H67+COUNTIF(G$9:G$38,$C66) -> 0 | H66: ='28.12'!I67+COUNTIF(H$9:H$38,$C66) -> 0

Sheet 16.06
B1: Расписание учебных занятий на первое полугодие 2025-2026 учебного года
B2: ТРЕНЕРСКИЙ ФАКУЛЬТЕТ, направление подготовки (образовательная программа)
B3: 49.03.04 Спорт *
B4: Курс 1, семестр 1, очная форма обучения
A5: группы С1-01А-25, С1-01Б-25, С1-02А-25, С1-02Б-25, С1-03-25, С1-04А-25, С1-04Б-25, С1-05А-25, С1-05Б-25
A7: День недели | B7: Дата | C7: Время | D7: 1 группа | E7: 2 группа | F7: 3 группа | G7: 4 группа | H7: 5 группа
D8: Баскетбол, гандбол, бейсбол, регби | E8: Волейбол, шахматы, гонки дронов, компьютерный спорт | F8: Теннис, настольный теннис, бадминтон, бильярд | G8: Футбол | H8: Хоккей
A9: Понедельник | B9: 45824 | C9: 8.50-10.20
C10: 10.40-12.10
C11: 13.00-14.30
C12: 14.50-16.20
C13: 16.40-18.10
A14: Вторник | B14: =B9+1 -> 45825 | C14: 8.50-10.20
C15: 10.40-12.10
C16: 13.00-14.30
C17: 14.50-16.20
C18: 16.40-18.10
C19: 18.30-20.00
A20: Среда | B20: =B14+1 -> 45826 | C20: 8.50-10.20
C21: 10.40-12.10
C22: 13.00-14.30
C23: 14.50-16.20
C24: 16.40-18.10
A25: Четверг | B25: =B20+1 -> 45827 | C25: 8.50-10.20
C26: 10.40-12.10
C27: 13.00-14.30
C28: 14.50-16.20
C29: 18.30-20.00
C30: 20.20-21.50
A31: Пятница | B31: =B25+1 -> 45828 | C31: 8.50-10.20
C32: 10.40-12.10
C33: 13.00-14.30
C34: 14.50-16.20
C35: 16.40-18.10
A36: Суббота | B36: =B31+1 -> 45829 | C36: 8.50-10.20
C37: 10.40-12.10
C38: 13.00-14.30
C39: 14.50-16.20
C40: 16.40-18.10
D41: * Профили (направленность) указанны на титульном листе
C42: ='01.09'!C39 -> *Л. Речевое общение в профессиональной деятельности* | D42: ='09.06'!D40+COUNTIF(D$9:D$40,$C42) -> 5 | E42: ='09.06'!E40+COUNTIF(E$9:E$40,$C42) -> 5 | F42: ='09.06'!F40+COUNTIF(F$9:F$40,$C42) -> 5 | G42: ='09.06'!G40+COUNTIF(G$9:G$40,$C42) -> 5 | H42: ='09.06'!H40+COUNTIF(H$9:H$40,$C42) -> 5
C43: ='01.09'!C40 -> *Пр. Речевое общение в профессиональной деятельности* | D43: ='09.06'!D41+COUNTIF(D$9:D$40,$C43) -> 4 | E43: ='09.06'!E41+COUNTIF(E$9:E$40,$C43) -> 4 | F43: ='09.06'!F41+COUNTIF(F$9:F$40,$C43) -> 4 | G43: ='09.06'!G41+COUNTIF(G$9:G$40,$C43) -> 4 | H43: ='09.06'!H41+COUNTIF(H$9:H$40,$C43) -> 4
C44: ='01.09'!C41 -> *Л. Элективные дисциплины по ФКиС: Силовая подготовка* | D44: ='09.06'!D42+COUNTIF(D$9:D$40,$C44) -> 1 | E44: ='09.06'!E42+COUNTIF(E$9:E$40,$C44) -> 1 | F44: ='09.06'!F42+COUNTIF(F$9:F$40,$C44) -> 1 | G44: ='09.06'!G42+COUNTIF(G$9:G$40,$C44) -> 1 | H44: ='09.06'!H42+COUNTIF(H$9:H$40,$C44) -> 1
C45: ='01.09'!C42 -> *Пр. Элективные дисциплины по ФКиС: Силовая подготовка* | D45: ='09.06'!D43+COUNTIF(D$9:D$40,$C45) -> 8 | E45: ='09.06'!E43+COUNTIF(E$9:E$40,$C45) -> 9 | F45: ='09.06'!F43+COUNTIF(F$9:F$40,$C45) -> 9 | G45: ='09.06'!G43+COUNTIF(G$9:G$40,$C45) -> 9 | H45: ='09.06'!H43+COUNTIF(H$9:H$40,$C45) -> 8
C46: ='01.09'!C43 -> *Л. Анатомия* | D46: ='09.06'!D44+COUNTIF(D$9:D$40,$C46) -> 4 | E46: ='09.06'!E44+COUNTIF(E$9:E$40,$C46) -> 4 | F46: ='09.06'!F44+COUNTIF(F$9:F$40,$C46) -> 4 | G46: ='09.06'!G44+COUNTIF(G$9:G$40,$C46) -> 4 | H46: ='09.06'!H44+COUNTIF(H$9:H$40,$C46) -> 4
C47: ='01.09'!C44 -> *Пр. Анатомия* | D47: ='09.06'!D45+COUNTIF(D$9:D$40,$C47) -> 4 | E47: ='09.06'!E45+COUNTIF(E$9:E$40,$C47) -> 4 | F47: ='09.06'!F45+COUNTIF(F$9:F$40,$C47) -> 4 | G47: ='09.06'!G45+COUNTIF(G$9:G$40,$C47) -> 4 | H47: ='09.06'!H45+COUNTIF(H$9:H$40,$C47) -> 4
C48: ='01.09'!C45 -> *Л. Теория и методика* | D48: ='09.06'!D46+COUNTIF(D$9:D$40,$C48) -> 5 | E48: ='09.06'!E46+COUNTIF(E$9:E$40,$C48) -> 4 | F48: ='09.06'!F46+COUNTIF(F$9:F$40,$C48) -> 4 | G48: ='09.06'!G46+COUNTIF(G$9:G$40,$C48) -> 5 | H48: ='09.06'!H46+COUNTIF(H$9:H$40,$C48) -> 3
C49: ='01.09'!C46 -> *Пр. Теория и методика* | D49: ='09.06'!D47+COUNTIF(D$9:D$40,$C49) -> 24 | E49: ='09.06'!E47+COUNTIF(E$9:E$40,$C49) -> 23 | F49: ='09.06'!F47+COUNTIF(F$9:F$40,$C49) -> 23 | G49: ='09.06'!G47+COUNTIF(G$9:G$40,$C49) -> 26 | H49: ='09.06'!H47+COUNTIF(H$9:H$40,$C49) -> 20
C50: ='01.09'!C47 -> *Л. Физическая культура и спорт* | D50: ='09.06'!D48+COUNTIF(D$9:D$40,$C50) -> 5 | E50: ='09.06'!E48+COUNTIF(E$9:E$40,$C50) -> 5 | F50: ='09.06'!F48+COUNTIF(F$9:F$40,$C50) -> 5 | G50: ='09.06'!G48+COUNTIF(G$9:G$40,$C50) -> 5 | H50: ='09.06'!H48+COUNTIF(H$9:H$40,$C50) -> 5
C51: ='01.09'!C48 -> *Пр. Физическая культура и спорт* | D51: ='09.06'!D49+COUNTIF(D$9:D$40,$C51) -> 5 | E51: ='09.06'!E49+COUNTIF(E$9:E$40,$C51) -> 5 | F51: ='09.06'!F49+COUNTIF(F$9:F$40,$C51) -> 5 | G51: ='09.06'!G49+COUNTIF(G$9:G$40,$C51) -> 5 | H51: ='09.06'!H49+COUNTIF(H$9:H$40,$C51) -> 5
C52: ='01.09'!C49 -> *Л. Информационные технологии* | D52: ='09.06'!D50+COUNTIF(D$9:D$40,$C52) -> 2 | E52: ='09.06'!E50+COUNTIF(E$9:E$40,$C52) -> 2 | F52: ='09.06'!F50+COUNTIF(F$9:F$40,$C52) -> 2 | G52: ='09.06'!G50+COUNTIF(G$9:G$40,$C52) -> 2 | H52: ='09.06'!H50+COUNTIF(H$9:H$40,$C52) -> 2
C53: ='01.09'!C50 -> *Пр. Информационные технологии* | D53: ='09.06'!D51+COUNTIF(D$9:D$40,$C53) -> 8 | E53: ='09.06'!E51+COUNTIF(E$9:E$40,$C53) -> 8 | F53: ='09.06'!F51+COUNTIF(F$9:F$40,$C53) -> 8 | G53: ='09.06'!G51+COUNTIF(G$9:G$40,$C53) -> 8 | H53: ='09.06'!H51+COUNTIF(H$9:H$40,$C53) -> 8
... C70: ='01.09'!C67 -> 0 | D70: ='09.06'!D68+COUNTIF(D$9:D$40,$C70) -> 0 | E70: ='09.06'!E68+COUNTIF(E$9:E$40,$C70) -> 0 | F70: ='09.06'!F68+COUNTIF(F$9:F$40,$C70) -> 0 | G70: ='09.06'!G68+COUNTIF(G$9:G$40,$C70) -> 0 | H70: ='09.06'!H68+COUNTIF(H$9:H$40,$C70) -> 0
